Q,Qq,Qb,soil,wetness,Et,date
0.0,0.0,0.0,0.0,0.0,0.0,2021-01-01
2242.737,0.0,0.0,0.0,0.0,0.0,2022-01-01
2922.462,0.0,0.0,40.7170221,0.0656,0.25625,2023-01-01
2812.617,0.0,0.0,46.402311011942466,0.04896000000000001,0.291981388125,2021-02-01
4882.023,0.0,0.0,83.79916163156454,0.09017600000000002,0.5275144438246403,2022-02-01
1668.348,0.0,0.0,90.17274053992692,0.06530560000000002,0.5674947601972784,2023-02-01
1692.351,0.0,0.0,89.57404903143943,0.03918336000000001,0.5635796283745432,2021-03-01
1972.4447187150001,0.0,0.026727900000000002,88.99328396969166,0.023510016000000005,0.5598378064464964,2022-03-01
2577.3313202449426,0.0,0.022729699932534004,88.42460100245835,0.014106009600000002,0.5562080248105729,2023-03-01
1286.5422896960704,0.0,0.07563493655326595,87.86451011100442,0.00846360576,0.5526537562653646,2021-04-01
1577.8940873817244,0.0,0.05892633144034764,234.81099802220768,0.243478163456,1.4804031881937776,2022-04-01
1088.876845098096,0.0,0.035111880112952853,311.98596643341574,0.2740868980736,1.967568737638798,2023-04-01
2533.4277881670064,0.0,0.02092725530126964,309.52619322098036,0.16445213884415996,1.9499122902088484,2021-05-01
1059.7876037010594,0.0,0.012474942422744219,307.2881498804972,0.09867128330649598,1.9345387076311271,2022-05-01
1737.9423215649101,0.0,0.00743713518855295,305.18681286653606,0.059202769983897584,1.9205509367531075,2023-05-01
2026.3241425655126,0.0,0.5731089006029667,303.1716654044404,0.03552166199033855,1.9074175804158502,2021-06-01
2128.2568434234804,0.0,0.8574628511531512,364.4254424177437,0.12371299719420314,2.2948229087777525,2022-06-01
1278.6583817838928,0.0,0.5098609222265416,361.87896907636093,0.07422779831652189,2.277659015110898,2023-06-01
1650.1739789379242,0.0,0.30350463285200513,423.5808666246861,0.14853667898991313,2.6679935567272555,2021-07-01
2424.060668165627,0.0,0.1807860772080157,512.1308582628934,0.23792200739394787,3.2286304164042883,2022-07-01
1294.741570399428,0.0,0.10772988167987838,510.17183987651083,0.1459532044363687,3.2133178641430837,2023-07-01
1074.5336900662312,0.0,0.45140007791895614,510.4781085708383,0.09397192266182122,3.2135739992281924,2021-08-01
2793.621492177331,0.0,0.2688143262718608,552.2813133963889,0.12998315359709275,3.477988178567739,2022-08-01
791.6985925607055,0.0,0.6301088949475773,707.4236238247533,0.3371898921582556,4.464258208727431,2023-08-01
1456.2481712535803,0.0,1.221377945388465,701.5799547068611,0.2023139352949534,4.421397648904708,2021-09-01
1741.5398454439035,0.0,0.7457005222394546,696.348766308137,0.12138836117697202,4.384874716917882,2022-09-01
881.9491337104778,0.0,0.4801573064443829,707.1997825534407,0.09843301670618322,4.452179789425856,2023-09-01
1457.4319859464995,0.0,0.7188069958815928,702.3647235072181,0.05905981002370993,4.419998640959005,2020-10-01
1199.079416658472,0.0,2.3934313629081814,697.7276103797394,0.03543588601422596,4.389779521920113,2021-10-01
1155.3059307486394,0.0,1.4222714689874882,744.2635307260756,0.10446153160853558,4.685797564873371,2022-10-01
1085.7863666295357,0.0,0.8463136818062712,755.8257097037073,0.08987691896512134,4.757897067037973,2020-11-01
1669.40828337048,0.0,0.6968039652704637,793.2992870965363,0.21392615137907278,5.0,2021-11-01
927.4518013444741,0.0,0.4150604052637509,790.2687257217505,0.1331556908274437,4.976870544353352,2022-11-01
1249.4732335647245,0.0,0.24733360555848768,796.1622585523182,0.2302934144964662,2.0,2020-12-01
961.0245397754718,0.0,0.7782820887904078,795.1098351313909,0.3621760486978797,2.0,2021-12-01
1020.7189353620308,0.0,0.6799239553303109,790.3885358700552,0.21730562921872784,3.0,2022-12-01
1480.1096059679442,0.0,1.7007129034636286,793.2892341833973,0.1383833775312367,1.0,2021-01-02
2147.2156372058676,0.0,1.053690830432481,796.1979786886457,0.10063002651874203,3.0,2022-01-02
3218.5040802305293,0.0,1.8377414476818004,796.4584394330283,0.1931780159112452,2.0,2023-01-02
2762.8916401383176,0.0,2.89016486860908,796.8197036598169,0.14790680954674712,2.0,2021-02-02
5489.456104372136,0.0,1.7212992613356968,794.065524518462,0.11754408572804827,5.0,2022-02-02
1783.6094064336592,0.0,1.0993016866579222,793.4800881851513,0.07372645143682896,2.0,2023-02-02
1689.3157181146512,0.0,0.802021311354374,788.1720285745376,0.044235870862097376,4.959250551157195,2021-03-02
1911.8123264819262,0.0,1.5415605669717367,783.0380679948607,0.026541522517258425,4.92607517859086,2022-03-02
2386.903251889156,0.0,1.180296340183042,778.0201612981558,0.015924913510355056,4.893987924967879,2023-03-02
1267.4093041593073,0.0,0.9344754815379838,773.0836604887661,0.009554948106213032,4.862626008113474,2021-04-02
1549.7576208833143,0.0,0.5854363333107051,770.1705823660399,0.00893296886372782,4.844272878054788,2022-04-02
1105.154487700538,0.0,0.34880905945650215,793.82530973852,0.1477597813182367,5.0,2023-04-02
2810.246702590923,0.0,0.20788540108610065,788.1645274071547,0.088655868790942,4.96140818586575,2021-05-02
1083.1203309559764,0.0,0.12391877173707844,782.8218669732048,0.053193521274565204,4.926028296294716,2022-05-02
1661.480793581085,0.0,0.07387480127623926,777.6809455342484,0.03191611276473912,4.89263666858253,2023-05-02
2160.7874844579705,0.0,0.06880524467143267,772.6724470788716,0.01914966765884347,4.860505909589053,2021-06-02
1975.733486722258,0.0,1.1746902614799817,794.3744160852673,0.07868980059530609,5.0,2022-06-02
1220.6164680236745,0.0,0.6993741454996271,789.0368650920008,0.04721388035718365,4.96484010053292,2023-06-02
1605.036137317007,0.0,0.41663213765512047,794.4949497906962,0.06352832821431019,5.0,2021-07-02
2533.306042054818,0.0,0.24828477037389035,789.2284114739924,0.03811699692858611,4.965593436191852,2022-07-02
1216.1517936639195,0.0,0.14799254578773535,794.3857019246507,0.07727019815715166,5.0,2023-07-02
1050.7327463275228,0.0,0.6255839147326834,793.8682211547904,0.142362118894291,5.0,2021-08-02
2673.2628042588235,0.0,0.37271089273358327,788.2326823286326,0.0854172713365746,4.96167638221744,2022-08-02
807.3782926779082,0.0,0.505050209303766,793.6639996157245,0.16805036280194477,5.0,2023-08-02
1526.1158031484354,0.0,0.3009448805119321,787.908348061772,0.10083021768116686,4.960399997598278,2021-09-02
1745.937153364047,0.0,0.6142980753493558,782.510230251283,0.06049813060870011,4.924427175386075,2022-09-02
853.6220120184281,0.0,1.1317788452096136,793.8464639169965,0.14509887836522006,5.0,2023-09-02
1828.4637830773495,0.0,0.6738624439403841,793.1376383501979,0.23425932701913205,5.0,2020-10-02
1166.1856003266341,0.0,1.3360003842754609,793.6281830101187,0.17255559621147923,5.0,2021-10-02
1127.889963822901,0.0,0.7952515563541553,793.8461898060713,0.14513335772688754,5.0,2022-10-02
1241.7726370398375,0.0,0.4736906351029669,793.9515538836428,0.13188001463613253,5.0,2020-11-02
1725.911505670553,0.0,1.1535360830034995,795.1281570500978,0.10952800878167952,4.0,2021-11-02
955.1420074023317,0.0,1.8623616498021,789.6393390760684,0.06571680526900771,4.969550981563112,2022-11-02
1210.685044441399,0.0,1.3718169898812598,798.1966526262588,0.055430083161404624,1.0,2020-12-02
986.7507386648394,0.0,1.153810193928756,795.3022419228212,0.08765804989684278,4.0,2021-12-02
1142.7391791989037,0.0,1.0484461163572536,793.8844800094873,0.052594829938105665,1.0,2022-12-02
1421.895066507417,0.0,0.8718429499021689,795.595121101188,0.0363568979628634,1.0,2021-01-03
2017.1883769435965,0.0,0.5192669924663647,797.3662751725539,0.07941413877771804,2.0,2022-01-03
3332.8962834823387,0.0,0.44268644980955696,797.5431571035323,0.05724848326663082,2.0,2023-01-03
2740.508094365602,0.0,0.6977580771788685,797.4215827712197,0.19754908995997852,1.0,2021-02-03
5888.155097626334,0.0,0.4177619133338684,793.4799592068936,0.1185294539759871,3.0,2022-02-03
1913.3219550720544,0.0,0.28935890829931527,797.100512974363,0.11271767238559227,2.0,2023-02-03
1801.5916661033293,0.0,0.63372482744619,791.5829201556872,0.06763060343135535,4.981878206089768,2021-03-03
1834.3183164619977,0.0,0.4568428964677139,786.3163230925236,0.04057836205881321,4.947393250973045,2022-03-03
2212.2456546444632,0.0,1.5784172287802283,781.211598031055,0.024347017235287927,4.914477019328272,2023-03-03
1231.2353800296773,0.0,0.9416235643261212,776.21561776637,0.014608210341172753,4.882572487694094,2021-04-03
1515.6175639717915,0.0,0.8994870256370264,771.2966606462816,0.008764926204703653,4.851347611039812,2022-04-03
1120.6853574206982,0.0,0.535714612585997,766.4357478808041,0.005258955722822191,4.82060412903926,2023-04-03
3248.326323240362,0.0,0.3192038121906479,762.6030081110966,0.004755373433693315,4.7964734242550255,2021-05-03
1099.1517108358194,0.0,0.19024804214029892,757.8151165302191,0.0028532240602159886,4.766268800694354,2022-05-03
1566.0153966104424,0.0,0.11340777699095092,753.0658798370754,0.0017119344361295932,4.736344478313869,2023-05-03
2224.5334680826913,0.0,0.06760950904856561,748.3515312365975,0.0010271606616777558,4.7066617489817215,2021-06-03
1844.4222623409728,0.0,0.04030863643827537,743.6697509282418,0.0006162963970066534,4.677197070228734,2022-06-03
1165.1078263936345,0.0,0.036266345452418185,739.019082246049,0.000369777838203992,4.647935943301511,2023-06-03
1551.3573793631558,0.0,0.021622780183160717,734.3985835924724,0.0002218667029223952,4.618869264037807,2021-07-03
2610.5509583826056,0.0,0.012892214829938449,729.8076209236625,0.00013312002175343713,4.5899911474529524,2022-07-03
1138.002533823772,0.0,0.007686851496240143,725.2457440240516,7.987201305206228e-05,4.5612976307728905,2023-07-03
1029.837895752408,0.0,0.00458323812693055,720.7126127351326,4.792320783123736e-05,4.532785900150323,2021-08-03
2576.9543228280577,0.0,0.002732738891307218,716.2079529675833,2.875392469874242e-05,4.504453829594579,2022-08-03
789.211384981108,0.0,0.0016293895387982367,793.6897028437792,0.16481725235481925,5.0,2023-08-03
1626.1928257931538,0.0,0.0009715213570212633,787.9491651805871,0.09889035141289154,4.96056064277362,2021-09-03
1797.0664923785123,0.0,0.0005792688380000986,782.5598815005362,0.05933421084773492,4.92468228237867,2022-09-03
827.7302935804535,0.0,0.00034538876878837597,777.3920280245862,0.035600526508640956,4.890999259378352,2023-09-03
2023.4071750472617,0.0,0.00020593795469794784,781.1376043118036,0.03256031590518457,3.0,2020-10-03
1124.1427525827876,0.0,1.310297156220813,795.3778165693415,0.20353618954311073,3.0,2021-10-03
1109.7509804673557,0.0,0.7799770204184594,789.4414470019694,0.12212171372586644,4.971111353558384,2022-10-03
1543.4179111880214,0.0,0.4646013976722091,793.6161194255276,0.17407302823551987,5.0,2020-11-03
1715.9773260840861,0.0,0.2768542165717153,795.9380467789778,0.13324381694131193,3.0,2021-11-03
935.6312601558653,0.0,0.2544237127827337,790.3310880645769,0.07994629016478716,4.974612792368611,2022-11-03
1163.89085591606,0.0,1.6221834306585925,796.8465677101617,0.060767774098872296,1.0,2020-12-03
970.3994694817416,0.0,0.9652582138136716,797.5175238976146,0.060460664459323375,2.0,2021-12-03
1272.5702984883014,0.0,1.383880574472383,796.2285760251245,0.03627639867559403,1.0,2022-12-03
1394.165660237869,0.0,1.0619532210222562,798.7493869447492,0.03136583920535642,1.0,2021-01-04
1894.7224940337276,0.0,0.6323459220322993,797.5992544707667,0.01881950352321385,1.0,2022-01-04
3242.850842301253,0.0,0.4845203544151626,798.2577953001097,0.09289170211392832,1.0,2023-01-04
2614.4331046870275,0.0,0.48247610238540056,792.6997865809166,0.28933502126835703,5.0,2021-02-04
6131.189605691617,0.0,0.2889478724900686,793.256603720076,0.1816010127610142,3.0,2022-02-04
2035.0680210969629,0.0,0.2506130552507978,787.439814838734,0.10896060765660852,4.957853773250475,2023-02-04
1943.5516126028854,0.0,0.15013247398248394,797.2484726105401,0.0941763645939651,2.0,2021-03-04
1786.7258739949068,0.0,0.7422046998902873,791.817993453359,0.05650581875637906,4.982802953815876,2022-03-04
2059.4181814062213,0.0,2.3002134190834385,786.6023548872698,0.03390349125382744,4.948862459083494,2023-03-04
1193.6007054317145,0.0,1.443182860840563,781.5270788440966,0.020342094752296466,4.916264718045436,2021-04-04
1487.899094841878,0.0,0.85893510809151,776.5477433851559,0.012205256851377879,4.884544242775604,2022-04-04
1178.711798281041,0.0,0.7515273894598415,771.6378076246813,0.007323154110826727,4.853423396157225,2023-04-04
3591.6235247728605,0.0,0.44767620336524155,788.3653031775285,0.039593892466496035,4.960236297654258,2021-05-04
1146.799759690955,0.0,0.2667761070057122,783.251903868353,0.02375633547989762,4.927283144859553,2022-05-04
1490.2651596263586,0.0,0.1590113251277452,778.2456340690267,0.014253801287938574,4.895324399177206,2023-05-04
2187.0821227107413,119.62550177000793,0.09479121616514255,791.4721693678565,0.4437522807727632,5.0,2021-06-04
1783.3260355096697,0.0,0.05651236431729071,784.4313334866187,0.26625136846365793,4.946701058549103,2022-06-04
1133.995427927074,0.0,0.31226814949859566,778.2833342531379,0.15975082107819474,4.902695834291367,2023-06-04
1494.2661987396687,0.0,0.18611616431602837,793.563828583457,0.18065049264691685,5.0,2021-07-04
2666.065303590127,0.0,0.11094540014913201,787.74928438895,0.10839029558815011,4.959773928646606,2022-07-04
1128.3316560373219,0.0,3.5278306321434676,792.120942101388,0.08103417735289006,4.985933027430937,2023-07-04
1040.5690145992853,0.0,2.094134822688725,786.7874600823952,0.048620506411734044,4.950755888133675,2021-08-04
2576.5885078893107,0.0,1.2453033991892584,781.6419489535726,0.029172303847040424,4.91742162551497,2022-08-04
769.7217457040615,0.0,1.436171416542989,794.4919681106496,0.06390338230822426,5.0,2023-08-04
1726.7285547259814,0.0,0.8547702658604859,789.2236728682333,0.038342029384934556,4.96557480069156,2021-09-04
1794.3090478711113,0.0,0.6424092601310083,784.1105970556656,0.023005217630960733,4.932647955426458,2022-09-04
817.9033172112302,0.0,0.3827261308590741,779.1023504632857,0.013803130578576439,4.90069123159791,2023-09-04
1975.7298760778115,0.0,0.22808950330761293,794.1073590671402,0.11228187834714587,5.0,2020-10-04
1112.993827105948,0.0,0.5080318893503829,793.7012154402842,0.16336912700828754,5.0,2021-10-04
1098.851312375466,0.0,0.30272044172471807,787.9674476810512,0.09802147620497252,4.960632596501776,2022-10-04
1774.6563636785702,0.0,0.18042785714128368,782.5821211534715,0.05881288572298351,4.9247965480065705,2020-11-04
1672.273422056665,0.0,0.10755536078209856,779.2945509943145,0.03688773143379011,4.0,2021-11-04
943.211744792931,0.0,0.8926409328598097,793.9336455210608,0.13413263886027404,5.0,2022-11-04
1131.7469668757585,0.0,1.298784559715886,795.8484977209702,0.14447958331616445,3.0,2020-12-04
948.2761648883217,0.0,0.7731351627311798,798.1283888775823,0.10908774998969868,1.0,2021-12-04
1407.199450482637,0.0,0.460529979573098,796.6066472232089,0.06545264999381921,1.0,2022-12-04
1344.3674346352834,0.0,0.2875701591569368,798.6222999959297,0.047271589996291524,1.0,2021-01-05
1764.4024013070984,0.0,1.0663544789391786,797.3267836270977,0.08436295399777491,2.0,2022-01-05
3235.5517769371754,0.0,1.1515022790298306,796.3670403539826,0.07941777239866495,3.0,2023-01-05
2439.1468694540554,0.0,0.8716111224176926,794.5702972256584,0.05405066343919897,5.0,2021-02-05
6280.499480406218,0.0,0.521741654373414,794.271538335395,0.09163039806351939,5.0,2022-02-05
2118.77704500346,0.0,0.3777000040703693,794.257643001237,0.09337823883811162,5.0,2023-02-05
2024.0602339169673,0.0,0.6732163729022438,790.8123811638565,0.05922694330286698,4.976610268757732,2021-03-05
1792.0780156991148,0.0,0.6329596460173597,785.5905357837104,0.035536165981720186,4.942577382274102,2022-03-05
1950.0172473581906,0.0,0.42970277434163184,784.4380750682257,0.027721699589032114,4.93494084864819,2023-03-05
1167.7301924149144,0.0,0.7284616646049791,789.2152082721708,0.032633019753419264,4.96523796917641,2021-04-05
1493.6257593096939,11.187558607451336,0.7423569987629874,792.4275404957762,0.32357981185205154,5.0,2022-04-05
1297.5413538333294,0.0,0.46865156862280577,785.9460025492098,0.1941478871112309,4.952672128098601,2023-04-05
3701.3883777981914,0.0,0.2792679978720419,793.3870345784794,0.20288873226673854,5.0,2021-05-05
1216.5798918868109,0.0,0.21751986683643063,787.4685862228705,0.12173323936004311,4.958668966115496,2022-05-05
1442.2799845028467,0.0,0.2576288268784122,781.9753357389275,0.07303994361602587,4.921678663892941,2023-05-05
2144.2675905785904,0.0,2.5724595042238096,793.9011194689516,0.13822396616961552,5.0,2021-06-05
1781.4815359456977,0.0,1.528865818467793,788.2849356094491,0.08293437970176931,4.9618819966809475,2022-06-05
1120.0440206082924,0.0,1.6129654215205715,782.9683508259931,0.04976062782106159,4.926780847559057,2023-06-05
1462.8208124810694,0.0,0.9597793894933748,793.7959218052936,0.15145637669263695,5.0,2021-07-05
2702.5108360470426,0.0,0.5715718200500313,788.117853023641,0.09087382601558217,4.961224511283085,2022-07-05
1160.4940484513913,0.0,1.0988805310484435,793.7524518499057,0.1569242956093493,5.0,2023-07-05
1054.0781565833981,0.0,0.6543018628214964,788.0488157236401,0.09415457736560959,4.960952824061911,2021-08-05
2721.715333345513,0.0,0.3898039358969998,794.131122665966,0.10929274641936576,5.0,2022-08-05
763.6384664655005,0.0,1.2040781947064638,788.6503012497521,0.06557564785161946,4.963319516662288,2023-08-05
1741.7223176298141,0.0,0.7168442703695034,783.4128786998855,0.039345388710971665,4.929064382810951,2021-09-05
1713.0494159275802,0.0,1.247548150094327,778.3327619907682,0.023607233226583,4.896330491874284,2022-09-05
821.4942808068731,0.0,0.7426833022036398,773.3586255656986,0.014164339935949802,4.864579762442301,2023-09-05
1855.143545733929,0.0,0.868877334033958,771.4037845773458,0.013298603961569882,4.852241409785616,2020-10-05
1100.7888766146189,0.0,0.5175018995515489,766.5213440604376,0.007979162376941929,4.8212736536084115,2021-10-05
1062.9191044419974,0.0,0.30835816705573305,761.6941178278771,0.004787497426165158,4.790758400377736,2022-10-05
1824.1592182846566,0.0,0.18378621724300867,756.9117866875047,0.002872498455699094,4.760588236424232,2020-11-05
1609.3021231632333,0.0,0.10955666262723175,752.1681241866253,0.0017234990734194564,4.730698666796904,2021-11-05
1020.714209641782,0.0,0.1025995785671228,752.3678476099193,0.009034099444051672,4.732300776166408,2022-11-05
1110.4269918338048,0.0,0.06116686329984361,748.3272826325831,0.005420459666431004,4.0,2020-12-05
959.6379976573554,0.0,0.03646783218278815,786.7977871170195,0.06725227579985861,1.0,2021-12-05
1522.881481468356,0.0,0.02174290394818313,787.4546904235095,0.04355136547991517,1.0,2022-12-05
1296.28101925897,0.0,0.012963834082473286,790.1975490366148,0.0325308192879491,1.0,2021-01-06
1643.8177794304588,0.0,0.06797580053956989,794.2342679919965,0.09631849157276948,5.0,2022-01-06
3843.7724802307357,0.0,0.040564977336233515,794.4388007951978,0.07059109494366168,5.0,2023-01-06
2326.4100711882293,0.0,0.5294955155635971,797.2662018374098,0.09195465696619701,2.0,2021-02-06
6513.807632189483,0.0,0.34309669351001726,796.679921374504,0.2903727941797182,1.0,2022-02-06
2209.781570178861,0.0,0.2571413868947894,790.3213418484514,0.1742236765078309,4.97924950859065,2023-02-06
2101.106872206803,0.0,0.7657320080035174,784.5608407989695,0.10453420590469854,4.939508386552822,2021-03-06
1733.373019324082,0.0,0.5611992048021104,779.1683303812828,0.06272052354281912,4.90350525499356,2022-03-06
1850.3847284382016,0.0,0.7337981625902521,777.9308364716544,0.044032314125691474,4.894802064883017,2023-03-06
1145.7370668316714,0.0,2.3200786254959485,794.4414369571068,0.06161938847541488,4.99956772794784,2021-04-06
1497.2694305148427,0.0,1.379330017461993,794.5534355169723,0.056171633085248925,5.0,2022-04-06
1458.5628437634898,0.0,0.8209926629291577,789.321362036864,0.03370297985114936,4.9659589719810775,2023-04-06
3539.620654388289,0.0,0.4890051626931757,794.52123678611,0.06022178791068961,5.0,2021-05-06
1319.8982880680335,0.0,0.3426918447453795,789.2701884005761,0.036133072746413766,4.965757729913188,2022-05-06
1387.4153570186097,0.0,0.4898317865997288,794.4333252429996,0.07127984364784826,5.0,2023-05-06
2168.767579810574,0.0,0.44656448302772894,789.1304779765794,0.042767906188708946,4.965208282768748,2021-06-06
1829.8415336935989,281.5733636169096,0.2661145081271571,789.8479170874799,0.6480607437132254,5.0,2022-06-06
1133.5249487318065,0.0,0.47876321388998244,781.8593461378462,0.38883644622793523,4.9365494817967495,2023-06-06
1445.8854970572777,0.0,0.2852906556206713,784.9484433355884,0.24930186773676116,4.949120913361538,2021-07-06
2640.79367354345,0.0,0.5666747570003936,778.8757192284747,0.14958112064205667,4.905927770847428,2022-07-06
1176.3439931361036,0.0,0.3376389836513185,778.2150568002801,0.097748672385234,4.899223245177967,2023-07-06
1053.7432704756422,0.0,5.152082912520142,794.2284588327225,0.0970492034311404,5.0,2021-08-06
2860.742218247661,0.0,3.052021467837023,788.8049460008583,0.05822952205868424,4.963927867704515,2022-08-06
753.1405146055619,0.0,1.9617818888961942,794.3533651797801,0.08133771323521054,5.0,2023-08-06
1724.7257768858262,0.0,1.1667963362662288,789.0034142382934,0.048802627941126324,4.964708532373626,2021-09-06
1642.7422233055643,0.0,0.7614391830166883,794.6272914647209,0.046881576764675796,5.0,2022-09-06
815.9748099921859,0.0,0.7715411672775663,789.4387476126454,0.02812894605880548,4.966420571654505,2023-09-06
1734.6636472195357,0.0,0.4595849641596458,794.3697449272995,0.0792773676352833,5.0,2020-10-06
1096.605639597187,0.0,0.6466348202199238,793.8713669563797,0.14196642058116998,5.0,2021-10-06
1038.6034560477462,0.0,0.38524240911308893,788.2376788200542,0.08517985234870198,4.961696043477374,2022-10-06
1846.1718022549871,0.0,0.3727085352791726,782.9108593366844,0.05110791140922119,4.926485492625339,2020-11-06
1554.7948047883579,0.0,0.2221232804210042,778.7600704044097,0.03226474684553271,4.899442870854277,2021-11-06
1128.6857168117956,0.0,0.6302550727005022,773.7430032288518,0.019358848107319627,4.8672504400275605,2022-11-06
1109.318338087077,0.0,1.1286330436203014,771.6533628953874,0.011615308864391776,2.0,2020-12-06
977.755193278921,0.0,0.671992092848241,770.599654634363,0.0069691853186350655,1.0,2021-12-06
1612.7442838921327,0.0,0.40033399074429565,795.5591631709182,0.05538151119118104,4.0,2022-12-06
1287.6186441522075,0.0,0.25134606142049865,796.2562404298284,0.03802890671470863,2.0,2021-01-07
1554.112344225201,0.0,0.1498167355303573,796.6141137680903,0.04841734402882518,3.0,2022-01-07
4556.380194283445,0.0,0.08964033346436413,794.5909692689825,0.051450406417295105,5.0,2023-01-07
2279.286652021871,0.0,0.05370826102447275,795.519255454074,0.31087024385037704,2.0,2021-02-07
6616.819598523544,57.37887218824977,0.44083682908180105,791.0113089368338,0.5017221463102263,5.0,2022-02-07
2391.080484329926,0.0,0.30292274108973216,783.7011634518636,0.30103328778613575,4.943820680855211,2023-02-07
2140.519003297123,0.0,0.38588623190973664,777.3963573582055,0.18061997267168145,4.8981322715741475,2021-03-07
1710.3476761213649,0.0,0.4090307310174961,771.7004157708708,0.10837198360300886,4.858727233488784,2022-03-07
1782.1286328640372,0.0,2.4807445459260085,793.9795674063121,0.2538231901618053,4.0,2023-03-07
1147.1553874036913,0.0,3.988691063166299,792.1611033829282,0.3570939140970832,5.0,2021-04-07
1505.0833760834976,0.0,2.3663248041148686,791.9992220297569,0.37745634845824994,5.0,2022-04-07
1573.6666727487714,0.0,1.4066738220840658,792.2073732178542,0.3512738090749499,5.0,2023-04-07
3226.7796322007694,0.0,0.8372143538458312,792.5993839307125,0.30196428544496995,5.0,2021-05-07
1386.1693677046349,0.0,2.0204325936879703,786.218592667967,0.18117857126698197,4.953746149566953,2022-05-07
1355.680062124511,0.0,2.838896617071811,793.6778582150565,0.16630714276018918,5.0,2023-05-07
2121.267661274707,0.0,3.000777970243087,787.9303556061145,0.09978428565611351,4.960486613844103,2021-06-07
1875.5437327648242,0.0,2.7926267821458524,793.7862689574204,0.15267057139366813,5.0,2022-06-07
1154.8685236588947,0.0,2.400616069287511,788.1025224995811,0.09160234283620088,4.961164180983878,2023-06-07
1431.204988346202,0.0,1.4270451131785875,789.6103685470886,0.06616140570172052,4.969390765622382,2021-07-07
2527.1988205172024,0.0,1.322141784943504,791.2286382712889,0.05089684342103232,4.978814803419303,2022-07-07
1145.6219635958334,0.0,0.7870159950979441,786.0433432054235,0.030538106052619387,4.945178989195556,2023-07-07
1033.6646713861928,0.0,1.2137310425796617,787.8541565125405,0.02952286363157163,4.956520895033897,2021-08-07
2846.1621949353266,0.0,0.7225822768553322,782.7913820085473,0.01771371817894298,4.9240884782033785,2022-08-07
742.3919697888017,21.38621079962047,0.5227631868702143,792.3842255642865,0.3290282309073658,5.0,2023-08-07
1707.8764781515235,0.0,0.40291547238040065,785.8773003541393,0.19741693854441947,4.95240140977679,2021-09-07
1598.3790986651693,0.0,0.24011607666977006,793.8420812031432,0.14565016312665172,5.0,2022-09-07
802.5297659281717,0.0,0.2326657978490826,788.1911646949527,0.08739009787599102,4.9615130075196445,2023-09-07
1614.0608831219213,0.0,0.138686025789809,793.6800292331316,0.1660340587255946,5.0,2020-10-07
1162.2334082703567,0.0,2.6157744357135586,792.923297539879,0.26122043523535676,5.0,2021-10-07
1046.230345230315,0.0,1.5545238003703095,786.7325276082385,0.15673226114121405,4.955770609624243,2022-10-07
1855.6862309773285,0.0,1.1579187968568811,781.0802350916933,0.09403935668472843,4.91707829755149,2020-11-07
1508.3739929755702,0.0,0.6894035006708294,785.5666355319913,0.07242361401083705,4.944251469323083,2021-11-07
1181.3009751518382,0.0,1.319970766868477,794.1202993611683,0.11065416840650223,5.0,2022-11-07
1108.765197091103,0.0,2.076702460121086,797.6385639166592,0.17039250104390136,1.0,2020-12-07
1054.3737494237137,0.0,1.2349993220162931,793.1441877700206,0.23343550062634083,5.0,2021-12-07
1730.8569320861445,0.0,0.7352142189935892,795.7689434360049,0.1544613003758045,3.0,2022-12-07
1273.4349458768222,0.0,0.5693480903789626,796.2262312938007,0.2222767802254827,2.0,2021-01-08
1492.884745543007,0.0,0.8797006388316927,796.5910027762803,0.17656606813528963,2.0,2022-01-08
4682.678220670839,0.0,1.361436083340772,794.8255844585858,0.1475396408811738,4.0,2023-01-08
2239.2384403954825,0.0,1.8558122299794098,795.7461294373062,0.15732378452870427,3.0,2021-02-08
6667.796398079396,0.0,1.2310565639951618,790.998766452492,0.09439427071722255,4.0,2022-02-08
2722.0547034002693,0.0,1.773768706199352,785.6098296176675,0.056636562430333534,4.943742290328075,2023-02-08
2127.7626476401615,0.0,1.4089972237196113,780.434471275597,0.03398193745820012,4.910061435110422,2021-03-08
1705.6972532102018,0.0,1.1744155414141435,775.3986263030931,0.020389162474920074,4.877715445472481,2022-03-08
1713.88278997829,0.0,1.253870562693773,795.0875173600198,0.11463349748495205,4.0,2023-03-08
1174.2982585370921,0.0,0.7473629848141821,794.2115182169968,0.09918009849097123,5.0,2021-04-08
1509.750415362822,0.0,0.44519454449637735,793.979950930198,0.12830805909458273,5.0,2022-04-08
1676.934502370916,0.0,0.2652969069601099,794.2989305581189,0.08818483545674966,5.0,2023-04-08
2966.570410097977,0.0,0.15812952703142324,788.9169182111807,0.05291090127404979,4.964368315988243,2021-05-08
1418.2036102439833,0.0,0.9124826399802183,792.5343350009227,0.31014654076442993,5.0,2022-05-08
1352.3712095155527,0.0,0.7884817830032212,792.1595610005537,0.3572879244586579,5.0,2023-05-08
2042.2020417093318,0.0,1.0200490698019329,785.5210030611626,0.21437275467519476,4.95099725625346,2021-06-08
1988.974909025599,0.0,0.7010694418811597,793.6594419601993,0.16862365280511685,5.0,2022-06-08
1212.9429974263073,0.0,0.41764403094988684,787.9011105386104,0.10117419168307011,4.960371512251245,2023-06-08
1408.6158152492155,0.0,2.4656649990772177,782.501426372009,0.060704515009842065,4.924381940866315,2021-07-08
2465.1023731495293,0.0,2.840438999446331,780.2702612709985,0.04122270900590523,4.909383914825057,2022-07-08
1095.1504265806673,0.0,1.687560683137693,775.201789196519,0.024733625403543135,4.87668913294374,2023-07-08
1019.7504743338305,0.0,1.3405580398006791,794.1061006068251,0.11244017524212589,5.0,2021-08-08
2787.7172659229373,0.0,0.7979599093375992,788.6105492569458,0.06746410514527552,4.963163128792656,2022-08-08
730.6730068918749,0.0,0.47530222573518793,791.2099641032645,0.05327846308716532,4.978815932855911,2023-08-08
1771.2755140082575,0.0,0.32178118618537715,786.0135559143265,0.03196707785229919,4.9450622756454035,2021-09-08
1546.4440155003053,0.0,0.1917829415357785,793.6136770386445,0.17438024671137953,5.0,2022-09-08
818.4188144841986,0.0,0.8938993931749009,787.8284379099596,0.10462814802682771,4.960085481491528,2023-09-08
1510.1845299879237,0.0,0.5323882210866957,794.144763733912,0.10757688881609664,5.0,2020-10-08
1337.5695038377016,0.0,0.4217692208253622,788.6719729087232,0.06454613328965798,4.963404773336951,2021-10-08
1061.5296440262987,0.0,0.2513459132925388,790.3042454002453,0.0499276799737948,4.97294983067952,2022-10-08
1779.7493745171523,0.0,1.3863229613554673,786.0686953198871,0.029956607984276875,4.0,2020-11-08
1459.2413806001143,0.0,0.8251536471933113,791.8052392179645,0.035573964790566126,4.981679345749294,2021-11-08
1190.1939508261748,0.0,0.8552362660879683,786.6885068495856,0.02134437887433967,4.948782745112278,2022-11-08
1105.4079781440741,0.0,0.509386051851827,796.4133551802229,0.07360662732460381,3.0,2020-12-08
1096.7515610261285,0.0,0.39477767779832745,796.2654531081338,0.09216397639476227,3.0,2021-12-08
1959.8962175683046,0.0,0.23555008035827793,798.0979418971635,0.11289838583685735,1.0,2022-12-08
1236.3625102427472,0.0,0.2817767561732856,794.4105946995581,0.07413903150211441,5.0,2021-01-09
1456.2347571797768,0.0,0.16794962326676924,795.8064303171678,0.27488341890126866,2.0,2022-01-09
4366.335648096811,0.0,0.5866448197770924,795.4432194908142,0.1953300513407612,3.0,2023-01-09
2202.9873648580865,0.0,0.7345468918662553,793.4831556551046,0.19079803080445673,5.0,2021-02-09
6636.700749387412,0.0,0.9020581028364902,792.5366983221802,0.11927881848267403,3.0,2022-02-09
3297.4799945053755,0.0,0.5894053004418096,787.0196918933232,0.07156729108960443,4.953354364513626,2023-02-09
2070.397534230407,0.0,2.193569682832124,794.2770240215026,0.09094037465376266,5.0,2021-03-09
1687.023263432808,0.0,1.556780509185867,788.8821102148883,0.054564224792257594,4.964231400134391,2022-03-09
1641.3053176931612,0.0,1.516844344895431,795.9612018770434,0.13033853487535457,3.0,2023-03-09
1207.983488732986,0.0,0.9464573329244462,790.3678682797229,0.07820312092521274,4.9747575117315215,2021-04-09
1476.1191042546918,0.0,0.5636520643434236,788.0015390397353,0.05172187255512765,4.958549176748268,2022-04-09
1769.1055295817227,0.0,0.7229759784974131,782.8335163140033,0.031033123533076586,4.925009618998346,2023-04-09
2723.064080045508,0.0,0.43068240647996936,786.6247285469047,0.03301987411984595,4.9489594769625205,2021-05-09
1466.055978404513,0.0,1.038798122956576,781.5534525307464,0.01981192447190757,4.916404553418154,2022-05-09
1331.1127896727508,0.0,0.6185760855890455,776.5764196375194,0.011887154683144543,4.884709078317165,2023-05-09
2036.9296130537532,0.0,0.40778006323919014,771.6677754837947,0.0071322928098867255,4.853602622734496,2021-06-09
2048.417561140724,0.0,0.2430131067336661,793.0325389632968,0.24747937568593203,5.0,2022-06-09
1329.7548540466157,0.0,0.25982829013609854,786.9058901288402,0.14848762541155922,4.956453368520605,2023-06-09
1388.3186407433293,0.0,0.15487146274020408,781.2910353102636,0.08909257524693552,4.91816181330525,2021-07-09
2428.5844752426738,0.0,0.09232381490982532,775.992933228594,0.05345554514816132,4.8830689706891475,2022-07-09
1083.3677853013419,0.0,0.055041530990200795,770.895646186452,0.03207332708889679,4.849955832678712,2023-07-09
1015.5493418811976,0.0,1.9674610367031597,772.7984560171656,0.03044399625333807,4.861847788665326,2021-08-09
2741.7376661460457,0.0,1.1701954659360503,767.8281854925095,0.018266397752002842,4.829990350107285,2022-08-09
719.1701890544806,0.0,0.6966930052713197,793.221109282723,0.2237598386512017,5.0,2023-08-09
1820.8187781443337,0.0,0.4150331109805724,787.2051870986675,0.13425590319072103,4.957631933017018,2021-09-09
1487.1812315280438,0.0,0.24733120946324935,793.3038393417803,0.21335354191443265,5.0,2022-09-09
830.8730410235281,0.0,0.2353423806212592,787.3365122741644,0.1280121251486596,4.958148995886127,2023-09-09
1434.3142381483663,0.0,0.14028017454869823,793.1555421630409,0.23200727508919575,5.0,2020-10-09
1456.1910571096855,0.0,1.7788907172770534,787.1011135577693,0.13920436505351744,4.957222138519006,2021-10-09
1082.8075467133826,0.0,1.0582902510384324,781.5284329302118,0.08352261903211047,4.919381959736057,2022-10-09
1654.8227365594867,0.0,1.6961606582197397,779.1970102217097,0.054913571419266276,4.903302705813824,2020-11-09
1411.94080136097,0.0,1.0091780717296504,774.0719025322012,0.03294814285155977,4.869981313885685,2021-11-09
1175.6537891614153,0.0,1.844457836959106,769.0818841603287,0.01976888571093586,4.837949390826257,2022-11-09
1100.0396254967397,0.0,1.0972064667526271,766.9908980357354,0.011861331426561515,2.0,2020-12-09
1080.5193038676484,0.0,0.6532986678213902,764.936455172256,0.007116798855936909,2.0,2021-12-09
2082.2709020022853,0.0,0.42812000268832245,775.7419272875215,0.025070079313562147,2.0,2022-12-09
1212.6158574192793,0.0,0.25512637562278834,771.6258414995614,0.015042047588137286,4.0,2021-01-10
1397.1812586338892,0.0,0.15206898104623232,780.4055080716553,0.028225228552882373,3.0,2022-01-10
4106.120338205905,0.0,0.09098612459336926,797.6094976056888,0.04893513713172942,2.0,2023-01-10
2239.8762764339576,0.0,0.054442863479428706,792.3917151321763,0.02936108227903765,4.985059360035555,2021-02-10
6272.643348702024,0.0,0.1945278847345272,795.7578834710354,0.03041664936742259,4.0,2022-02-10
3561.6956729197664,0.0,0.11608578796019685,790.6400786290236,0.018249989620453554,4.973486771693971,2023-02-10
1950.23528341372,0.0,0.22033342790611252,785.6125441922173,0.010949993772272132,4.941500491431397,2021-03-10
1652.7139270351645,0.0,0.3905023943112008,780.6511736681856,0.006569996263363278,4.910078401201358,2022-03-10
1575.9178146464556,0.0,0.23272311347706623,794.6477182778686,0.29514199775801797,3.0,2023-03-10
1329.41579904962,0.0,0.2421165289646838,789.2475981952965,0.17708519865481076,4.0,2021-04-10
1442.0756703597704,0.0,0.1443180703177961,793.9009036024165,0.13825111919288646,5.0,2022-04-10
1937.2151288535688,0.0,0.08603394537489704,788.2845927375106,0.08295067151573186,4.961880647515104,2023-04-10
2502.025598304406,0.0,0.05129212283045473,782.9679336926345,0.04977040290943912,4.926778704609442,2021-05-10
1576.7294394638118,0.0,2.352281722131403,777.8420336535123,0.029862241745663473,4.893549585578965,2022-05-10
1355.6991020701862,0.0,1.4001200825720923,792.8859571068732,0.2659173450473981,5.0,2023-05-10
2107.321231937946,0.0,1.0990963975834473,786.6732736829439,0.15955040702843887,4.955537231917957,2021-06-10
2062.357265684782,0.0,0.6544302173907446,781.0081882528765,0.09573024421706332,4.9167079605184,2022-06-10
1339.2883982892267,0.0,0.3898803402667498,775.6810941776366,0.05743814653023799,4.881301176580478,2023-06-10
1361.4114978855118,0.0,0.2323504535431311,770.5674359961008,0.03446288791814279,4.848006838610229,2021-07-10
2403.6989364591577,0.0,2.114042893126815,765.5930494952638,0.020677732750885674,4.8160464749756295,2022-07-10
1097.5925742632096,0.0,1.2571461920113787,776.4128922898998,0.0380066396505314,4.884956559345398,2023-07-10
1018.9591208491167,0.0,0.7483774695490051,783.1562166697564,0.04200398379031884,4.927580576811874,2021-08-10
2749.7799239638603,0.0,0.44579289865945765,778.0653498174273,0.025202390274191307,4.894726354185978,2022-08-10
705.2408036414868,0.0,0.2656513429256084,773.0855220829366,0.015121434164514783,4.862908436358921,2023-08-10
1900.9615890219825,0.0,0.1583400258613718,768.1840349800324,0.00907286049870887,4.831784513018354,2021-09-10
1458.367920549116,0.0,0.2952006460186691,793.0105624554211,0.2502437162992253,5.0,2022-09-10
835.1467307868318,0.0,0.3290950433314945,786.8710127004274,0.15014622977953518,4.956316015346382,2023-09-10
1374.8267194234218,0.0,0.19614049814306764,785.1697446561286,0.09648773786772112,4.942943829377671,2020-10-10
1536.039381403412,0.0,0.11691929813185928,780.7913938018954,0.05949264272063268,4.9135609041008035,2021-10-10
1084.1992472014028,0.0,0.06970258988583561,775.6344814554274,0.0356955856323796,4.879946211261847,2022-10-10
1547.648021912892,0.0,1.9894375445788413,770.621683836282,0.02141735137942776,4.847715509096421,2020-11-10
1369.7797486787001,0.0,1.1832337396472992,765.7068891853321,0.012850410827656656,4.816385523976763,2021-11-10
1129.289575582683,0.0,0.7583242149211412,760.8625522261299,0.007710246496593993,4.7856680574083255,2022-11-10
1088.3060714576127,0.0,0.46478995013244345,757.8274923836007,0.004626147897956396,3.0,2020-12-10
1062.3614212149255,0.0,0.2769661352061508,755.80651296501,0.0027756887387738374,2.0,2021-12-10
1994.6033197935417,0.0,0.16508211004885312,754.7939423173821,0.0016654132432643023,1.0,2022-12-10
1193.1866477579272,0.0,0.09840912697309284,755.7622046557836,0.004199247945958581,1.0,2021-01-11
1353.1728685665248,0.0,0.058668901793855976,751.019768090605,0.0025195487675751488,4.7235137790986474,2022-01-11
4105.901800866151,0.0,0.035059842529207796,793.4361417523787,0.1967117292605451,5.0,2023-01-11
2373.182832505802,0.0,0.020979418590648287,787.5465496257461,0.11802703755632706,4.958975885952367,2021-02-11
5600.773685050483,0.0,0.012570647627940761,792.8540017755719,0.08841622253379623,4.990915935160913,2022-02-11
3457.2959770123584,0.0,0.031737661598442046,787.4806861226724,0.05304973352027773,4.955337511097325,2023-02-11
1821.0940843681683,0.0,0.01892278607999605,794.3907927711083,0.07662984011216664,5.0,2021-03-11
1639.9412795104781,0.0,1.5638582476213334,789.062888856148,0.045977904067299985,4.964942454819427,2022-03-11
1510.4150238045781,0.0,0.9306162406802303,793.572285397599,0.17958674244038,5.0,2023-03-11
2011.3583871277613,0.0,0.7016319150133447,792.3116912385594,0.33815204546422795,5.0,2021-04-11
1466.023281420532,0.0,0.41797814180213144,785.7622593223072,0.20289122727853678,4.951948070240996,2022-04-11
2765.011826144558,0.0,0.6092072288917249,793.3707688458813,0.20493473636712206,5.0,2023-04-11
2351.9455172411194,0.0,0.3629614601408905,787.4427632605665,0.12296084182027323,4.958567305286758,2021-05-11
1804.894557412041,0.0,1.427714602401021,781.9439291632928,0.07377650509216394,4.921517270378541,2022-05-11
1376.5130624472247,0.0,2.688308761440612,793.8976060707104,0.13866590305529838,5.0,2023-05-11
2328.1548612691095,0.0,1.5974838460113365,788.279355106711,0.08319954183317903,4.96186003794194,2021-06-11
2138.722846481001,0.0,1.6292311541186204,782.9615616682497,0.049919725099907414,4.926745969416944,2022-06-11
1330.439022538024,0.0,0.9694382800280642,777.8350062482616,0.029951835059944452,4.893509760426561,2023-06-11
1341.364719302861,0.0,0.5773168268952157,780.6832386884848,0.03077110103596667,4.911468789051635,2021-07-11
2505.502034839896,0.0,1.102393929289622,777.6229781205286,0.02166266062158,4.89177024180303,2022-07-11
1091.5559322871488,0.0,0.6563909260574362,772.6623939131259,0.012997596372947999,4.860143613253304,2023-07-11
1002.8063903486876,0.0,0.3910474690442894,773.6611246494798,0.0173985578237688,4.866639961957037,2021-08-11
2696.724088810627,0.0,0.23304565956155418,768.7454838655842,0.010439134694261281,4.835382029059248,2022-08-11
704.8412539551164,0.0,0.24029877072521855,763.8929753044262,0.0062634808165567685,4.804659274159901,2023-08-11
1886.3662947240089,111.8107794677855,0.1684903261532082,791.573883196505,0.4309580884899341,5.0,2021-09-11
1448.752374505027,0.0,0.10044059414940776,792.422809917903,0.32417485309396044,5.0,2022-09-11
885.1744349064356,0.0,0.13462930168906187,785.9384992010052,0.19450491185637625,4.9526425619868935,2023-09-11
1309.5862199416108,0.0,0.08025875483630027,792.545811570445,0.30870294711382573,5.0,2020-10-11
1606.0096718939485,0.0,0.04784928699812945,793.425726942267,0.19802176826829546,5.0,2021-10-11
1075.9191992829708,0.0,3.426116803494976,792.4293862206914,0.12681306096097728,4.990160793389169,2022-10-11
1445.5836115697825,0.0,2.5771900820969855,788.8382534700582,0.07928783657658636,4.965183663879321,2020-11-11
1309.0919179316743,0.0,1.5316681549108833,785.4644089799576,0.04757270194595181,3.0,2021-11-11
1088.7010601651216,0.0,2.4541884295549146,780.3324576884357,0.028543621167571087,4.909152556124735,2022-11-11
1076.604132099073,0.0,1.574273057732949,782.1609221226706,0.021926172700542652,1.0,2020-12-11
1062.1262529389587,0.0,1.0061799281864516,788.9308367031291,0.029155703620325588,3.0,2021-12-11
1860.211056723741,0.0,0.6259490867538959,787.7930006354397,0.017493422172195353,1.0,2022-12-11
1168.5357678165856,0.0,0.3738444901005842,793.8404834157056,0.2712960533033172,4.0,2021-01-12
1320.1743789250877,0.0,0.22279873539718198,796.5988904967837,0.17557763198199033,2.0,2022-01-12
4021.1838052309004,0.0,0.1715355657651662,796.1128408322784,0.36134657918919416,1.0,2023-01-12
2639.4905726066104,0.0,0.2300854195415143,789.4218873914148,0.2168079475135165,4.97570525520174,2021-02-12
4880.115160657537,0.0,0.13783606768938955,783.4675011956703,0.1300847685081099,4.933886796196342,2022-02-12
3118.6885890966505,0.0,2.159516584294405,779.8583395903433,0.07805086110486595,3.0,2023-02-12
1705.259943077734,0.0,1.4011095032162828,794.3478573925298,0.08203051666291956,5.0,2021-03-12
1636.6110852925635,0.0,2.8871591677216615,788.9946622216078,0.04921830999775174,4.964674108703312,2022-03-12
1459.8089609578128,0.0,1.7152481856618862,786.7744953784791,0.034330985998651045,4.949966638885048,2023-03-12
2618.9134244896163,0.0,1.0204993995481897,784.6390668812193,0.025398591599190626,4.936090596115495,2021-04-12
1514.6957873645279,0.0,0.6091616053268506,779.6162476772072,0.015239154959514377,4.90399416800762,2022-04-12
3579.27832121635,0.0,0.6521426074702106,793.8715492308431,0.14194349297570863,5.0,2023-04-12
2228.001242902886,0.0,0.3885210622187545,793.9413295385059,0.13316609578542518,5.0,2021-05-12
1827.670670173607,0.0,0.2702002042436303,788.3488045535839,0.0798996574712551,4.962133309615662,2022-05-12
1337.3444372159727,0.0,0.19933790114427513,793.9828786338621,0.12793979448275306,5.0,2023-05-12
2623.7810012806035,0.0,0.11882503600444841,788.4148029297459,0.07676387668965184,4.9623929914616385,2021-06-12
2255.5671831537834,0.0,1.1284507691568835,783.1263493177873,0.046058326013791104,4.927592518310911,2022-06-12
1349.05486989227,0.0,1.0586704614941302,778.0167453081365,0.027634995608274662,4.894539683236171,2023-06-12
1293.8358329240104,0.0,0.630391675306345,773.0259439822723,0.016580997364964795,4.862604658175853,2021-07-12
2863.7645531612175,0.0,1.0171213661378868,768.1181072433346,0.009948598418978877,4.831412149889202,2022-07-12
1065.7008303057564,0.0,0.6056827126546245,791.721284048963,0.05236915905138733,4.981988170270841,2023-07-12
977.6437319296006,0.0,0.3608610936476562,786.5258101732339,0.03142149543083239,4.948258025306018,2021-08-12
2616.2758046774525,0.0,0.21506432641470463,781.4626677248909,0.018852897258499434,4.9157863135827125,2022-08-12
695.7279671675351,0.0,0.12819666768828616,793.905191680077,0.13771173835509967,5.0,2023-08-12
1823.6179609006913,0.0,0.07642458904855866,793.7579950080461,0.1562270430130598,5.0,2021-09-12
1418.3386097704858,0.0,0.41483502410085976,788.0576189950933,0.09373622580783587,4.960987468800288,2022-09-12
893.0821334728597,0.0,0.2472158504230451,793.5352782028966,0.18424173548470155,5.0,2023-09-12
1281.5722527145463,0.0,0.14735613476039297,793.7141269217379,0.16174504129082093,5.0,2020-10-12
1621.9115870719345,0.0,1.0948083199230423,793.9740761530428,0.12904702477449256,5.0,2021-10-12
1076.2767042431608,0.0,1.2420049919538256,788.4008204731429,0.07742821486469553,4.962337975956517,2022-10-12
1345.2464802625295,0.0,0.7393885441524396,794.2872274150955,0.08965692891881732,5.0,2020-11-12
1251.6780135275378,0.0,1.4647217971033775,788.89832262357,0.053794157351290395,4.964295171344347,2021-11-12
1042.9869921165227,0.0,1.2858730782620262,783.7146708136833,0.03227649441077424,4.930614516397313,2022-11-12
1096.3430352699136,0.0,1.0259238469572158,798.1677144857947,0.10416589664646454,1.0,2020-12-12
1059.585280048352,0.0,0.6109177039434234,798.2193806914769,0.09769953798787873,1.0,2021-12-12
1836.695856697169,0.0,0.7127725849045977,792.7655200363424,0.05861972279272723,4.98887112932173,2022-12-12
1144.6209181771542,0.0,0.4246096201810227,795.5926722039419,0.05117183367563634,4.0,2021-01-13
1345.751081699466,0.0,0.25303729348948645,793.3490146505726,0.030703100205381802,2.0,2022-01-13
3707.150442687075,0.0,0.8322855142052518,796.3080655562167,0.2120218601232291,2.0,2023-01-13
3138.4955264122445,0.0,0.7806193085231511,790.3244631446465,0.12721311607393745,4.976925409726355,2021-02-13
4257.75524109694,0.0,0.464989525812673,784.7854676604085,0.07632786964436246,4.9395278946540415,2022-02-13
2812.2792286266495,0.0,0.4073277960580653,779.5233987578926,0.04579672178661748,4.904909172877553,2023-02-13
1625.886108920364,0.0,0.24365755336934342,793.6494696370778,0.1698780330719705,5.0,2021-03-13
1656.8711442772158,0.0,1.6919344437833683,787.8852746721496,0.10192681984318229,4.960309185231736,2022-03-13
1405.2426754515673,0.0,1.0066770018437674,794.1830890693481,0.10275609190590937,5.0,2023-03-13
2821.6585474511467,0.0,0.5994675895840748,794.3699334416089,0.07925365514354561,5.0,2021-04-13
1598.7485857701927,0.0,0.35715972963845316,789.029741910059,0.04755219308612737,4.964812084010055,2022-04-13
3445.213950808484,0.0,1.3505303629221654,793.9463760389792,0.13253131585167643,5.0,2023-04-13
2135.5643029127423,0.0,0.80388577969646,791.297685498516,0.08431878951100584,4.98091485024362,2021-05-13
1776.187374291054,0.0,0.8169109306519795,785.9542494336075,0.05059127370660351,4.945610534365724,2022-05-13
1290.6855565746325,0.0,0.6300665583911876,785.709312791142,0.038354764223962105,4.943464058960047,2023-05-13
2788.780072530409,0.0,0.37537944753974345,780.6189455021323,0.023012858534377262,4.910683204944638,2021-06-13
2302.555580366868,0.0,1.0536239610208278,775.6329651128225,0.013807715120626356,4.8788684093883266,2022-06-13
1345.2036093366867,0.0,0.6677756902195967,770.721402381208,0.008284629072375814,4.84770603195514,2023-06-13
1255.6131517009615,0.0,0.3978255305426693,774.698049506901,0.01937077744342549,4.87325876488255,2021-07-13
3189.28025169598,0.0,0.3014725835053588,769.7667104203472,0.011622466466055293,4.8418628094181315,2022-07-13
1030.1037314714554,0.0,0.17968408406502792,764.9023244505904,0.006973479879633176,4.81104194012717,2023-07-13
967.1950451829332,0.0,0.10711197992149336,760.0898807631189,0.004184087927779905,4.78063952781619,2021-08-13
2534.238278194711,0.0,0.06385669965940077,755.3203565715932,0.002510452756667943,4.750561754769493,2022-08-13
689.0325799930108,0.0,0.15009410942443233,750.5882982739454,0.0015062716540007657,4.720752228572457,2023-08-13
1775.5510548355655,0.0,0.08947627713576699,745.8903802675885,0.0009037629924004593,4.691176864212158,2021-09-13
1398.6813424251852,0.0,0.053344029629581596,741.2245460212382,0.0005422577954402755,4.6618148766724286,2022-09-13
938.3940335357071,0.0,0.03180415965529101,774.8618027361706,0.06272535467726417,4.8764034126327385,2023-09-13
1295.971118071243,0.0,0.018962436756241978,772.6721422034349,0.04243521280635851,4.861636267101066,2020-10-13
1571.382610158714,0.0,0.011306069075260822,793.8563040349137,0.14386112768381512,5.0,2021-10-13
1074.650729970823,0.0,0.006741142144681493,789.1745263232739,0.08631667661028906,4.0,2022-10-13
1268.3374164642262,0.0,0.004019369677862362,784.7678843892462,0.05179000596617344,4.0,2020-11-13
1205.8103888915696,0.0,0.4863398724348278,795.9234601914698,0.13507400357970406,3.0,2021-11-13
1008.5128206257895,0.0,0.3280242656346552,790.3079187267183,0.08104440214782242,4.974521626196687,2022-11-13
1129.4281415703233,0.0,1.14369596508633,796.4084136689291,0.07422664128869345,3.0,2020-12-13
1060.1675110548938,0.0,0.6817777116397981,798.452397481662,0.06853598477321607,1.0,2021-12-13
1844.3106456439234,0.0,0.4066419340276976,795.1252948012523,0.04112159086392964,3.0,2022-12-13
1114.4760588372505,0.0,1.0765398085302413,791.9298540875376,0.024672954518357784,3.0,2021-01-14
1384.6008668627717,0.0,0.6410198385547728,790.8127666296349,0.01480377271101467,1.0,2022-01-14
3284.9448483814103,0.0,0.5915863310708869,798.4688067136234,0.06648226362660879,1.0,2023-01-14
3611.5354621405872,0.0,0.5476025183379964,793.1618632399438,0.03988935817596528,4.990430041960146,2021-02-14
3726.764037278348,0.0,0.32710268040972845,788.0159557406804,0.023933614905579166,4.957261645249648,2022-02-14
2582.2121246066577,0.0,0.1954407137147205,782.9784028473971,0.0143601689433475,4.925099723379253,2023-02-14
1549.7825243392172,0.0,0.11708745790267903,793.9775019941402,0.1286161013660085,5.0,2021-03-14
1715.0865142934204,0.0,0.5311932863766042,788.406262297312,0.0771696608196051,4.962359387463376,2022-03-14
1361.7620364169613,0.0,0.31651343171939467,794.2757407178905,0.09110179649176306,5.0,2023-03-14
2780.917348975912,0.0,0.1886458540137286,788.8800711550766,0.05466107789505783,4.964223379486816,2021-04-14
1715.4955851944185,0.0,0.11245316990399057,788.5964684900134,0.040796646737034696,4.961750444719229,2022-04-14
2984.0271233049807,0.0,1.0224980058597677,783.4759144661253,0.02447798804222082,4.9287279280625835,2023-04-14
2112.1785482629602,0.0,0.6088803093648959,779.4459725710518,0.01628679282533249,4.902974465413283,2021-05-14
1776.4866203897932,0.0,0.7242592821095163,774.4987432423552,0.009772075695199493,4.871537328569074,2022-05-14
1243.302729255828,0.0,0.4314461833270077,769.6129991522846,0.005863245417119696,4.84061714526472,2023-05-14
2865.792574387292,0.0,0.32185222034395095,764.7760125443623,0.0035179472502718176,4.810081244701779,2021-06-14
2285.029052181452,0.0,0.19182609582549642,759.9801207075002,0.00211076835016309,4.779850078402264,2022-06-14
1321.5059223152114,0.0,0.12696742966026955,755.2206802564896,0.0012664610100978542,4.749875754421876,2023-06-14
1217.0533382001086,0.0,0.0756920001275594,765.2172872254233,0.02475987660605871,4.81387925160306,2021-07-14
3425.276357903085,0.0,0.04512694480587699,760.3217095673236,0.014855925963635226,4.782608045158896,2022-07-14
985.6398695587375,0.0,0.026905363220528434,794.3821772331535,0.07771355557818113,5.0,2023-07-14
956.1286354946907,0.0,0.016041758459785543,789.0491980794425,0.04662813334690868,4.964888607707209,2021-08-14
2445.5511299921004,0.0,0.009564696588797253,783.898268940015,0.027976880008145206,4.931557487996516,2022-08-14
674.2790867125437,0.0,0.18951377946319123,778.8681410058304,0.016786128004887123,4.899364180875094,2023-08-14
1686.8040241709996,0.0,0.11296961294082714,773.9222603244226,0.010071676802932273,4.86792588128644,2021-09-14
1368.9841493518197,0.0,0.6178227668465399,794.53219810165,0.058843006081759366,5.0,2022-09-14
959.5418769641032,0.0,0.36809054600382407,789.2876091105857,0.03530580364905562,4.965826238135312,2023-09-14
1337.5324659037162,0.0,0.21937165143096812,784.1884079447958,0.02118348218943337,4.93304755694116,2020-10-14
1513.731149190313,0.0,0.13076375330953796,783.1125482833521,0.019110089313660022,4.926177549654974,2021-10-14
1056.8282615801033,0.0,0.07795480012134459,794.5908448739739,0.05146605358819601,5.0,2022-10-14
1225.2796316135975,0.0,0.46780189834998703,794.2584269243843,0.09327963215291761,5.0,2020-11-14
1174.5389483399897,0.0,0.27876275292910485,790.8136278801512,0.05916777929175057,4.976615168277402,2021-11-14
992.0672305675216,0.0,0.1661536088487245,785.5920532394607,0.03550066757505034,4.9425851742509455,2022-11-14
1140.1032297950205,0.0,0.14968211178867694,798.5357777996452,0.05810040054503021,1.0,2020-12-14
1068.2517818571223,0.0,0.4091551260261583,796.2581035132135,0.03486024032701813,2.0,2021-12-14
1822.5183371142732,0.0,0.7415730756156951,792.0923936658766,0.020916144196210875,4.0,2022-12-14
1083.9349562945622,0.0,0.46818387595561856,790.9931140504059,0.012549686517726526,1.0,2021-01-15
1402.3831410464738,0.0,0.27898946643960354,791.9081346789231,0.010729811910635916,1.0,2022-01-15
2926.3755888703017,0.0,0.4642222003547914,794.4713784183148,0.19203788714638156,4.0,2023-01-15
3867.959023143467,0.0,0.27767428643163944,790.5594234708251,0.11522273228782894,3.0,2021-02-15
3313.6708533702363,0.0,0.16570984733698937,794.246867566987,0.09473363937269735,5.0,2022-02-15
2438.9043876731503,0.0,0.09927961547064657,788.8341948378556,0.05684018362361841,4.964042922293669,2023-02-15
1485.0992324657605,0.0,0.08497937148279675,793.9529523241154,0.13170411017417102,5.0,2021-03-15
1826.8323283444324,0.0,1.5286215816851974,788.3672664269701,0.07902246610450261,4.962205952025721,2022-03-15
1356.8051617053663,0.0,0.9119549474897244,793.8980228366815,0.13861347966270157,5.0,2023-03-15
2671.9031625680614,0.0,0.753132433012944,788.2800170755751,0.08316808779762094,4.961862642729259,2021-04-15
1717.3023353358121,0.0,0.4486298068377258,782.9623670091498,0.04990085267857256,4.926750106722344,2022-04-15
2611.033990524502,0.0,1.0470476758846596,777.8358944203335,0.029940511607143533,4.893514793807187,2023-04-15
2203.171957953352,0.0,0.6234799451195469,780.684174094454,0.03076430696428612,4.911474340127084,2021-05-15
1850.814680588821,0.0,1.1019771633184774,775.6616954062036,0.01845858417857167,4.879276088090338,2022-05-15
1208.6097216506207,0.0,0.6561431183772857,770.7284410203487,0.011075150507143004,4.847885596288773,2023-05-15
2888.360264965748,0.0,0.3908999597029124,765.8604927605705,0.0066450903042858025,4.817052756377179,2021-06-15
2190.8160141257576,0.0,0.23295779500910313,761.0435202534628,0.003987054182571481,4.786628079753566,2022-06-15
1266.6122090878896,0.0,0.24024598575254597,756.268906108441,0.0023922325095428886,4.756522001584143,2023-06-15
1208.8574996792618,191.06777469125967,0.14320260015998673,790.8418690509295,0.5230353395057258,5.0,2021-07-15
4169.376563471132,0.0,0.0853687895662911,783.4327893307201,0.31382120370343547,4.942761681568309,2022-07-15
941.7852611778909,0.0,0.050895503400949955,777.0704071398783,0.18829272222206125,4.896454933317001,2023-07-15
957.949792763251,0.0,0.03034442735421493,771.3413037576796,0.11297563333323676,4.85669004462424,2021-08-15
2346.216378321922,0.0,0.018092143437627498,766.0008318293071,0.06778537999994205,4.820883148485498,2022-08-15
663.1624113067098,0.0,4.15813094907052,760.9037318227339,0.04067122799996523,4.78750519893317,2023-08-15
1598.345370332845,0.0,2.4663180386410843,793.6866382424402,0.16520273679997916,5.0,2021-09-15
1352.5690381688962,0.0,1.46592725752472,793.6014229454642,0.17592164207998753,5.0,2022-09-15
1004.9705513369382,0.0,0.8724133375744925,787.8089794966211,0.1055529852479925,4.96000889340915,2023-09-15
1358.6226504629042,0.0,0.5195887798870964,782.3893581718306,0.0633317911487955,4.9238061218538824,2020-10-15
1463.186155586494,0.0,0.30959480763995945,792.8948299905682,0.06359907468927731,4.989933488573942,2021-10-15
1033.3623574939259,0.0,1.3133617575598344,794.4676724137322,0.06695944481356637,5.0,2022-10-15
1183.4197904963555,0.0,1.3985770545359009,790.1500967548048,0.040175666888139824,4.0,2020-11-15
1154.1745693721189,0.0,0.8324345554339252,791.9211225996848,0.028905400132883893,1.0,2021-11-15
982.8254429224961,0.0,0.4958152029365931,794.5695612413662,0.05414324007973034,5.0,2022-11-15
1125.8969054887855,0.0,0.5045946926886009,797.6665813070578,0.16688594404783821,1.0,2020-12-15
1082.0994784483275,0.0,0.5323275862678527,794.8698678956453,0.10013156642870293,2.0,2021-12-15
1767.0149393100883,0.0,0.3175756589273734,790.3947216633634,0.06007893985722176,4.0,2022-12-15
1056.812628031852,0.0,0.22897415512000324,788.110526148964,0.03604736391433305,2.0,2021-01-16
1414.436872944839,0.0,0.4304387586338562,785.9405028756862,0.021628418348599833,2.0,2022-01-16
2642.345405889001,0.0,1.3334186929422274,798.4360893624369,0.0705770510091599,1.0,2023-01-16
4000.2592063997004,0.0,0.7967134114124661,794.3835074666863,0.07754623060549594,5.0,2021-02-16
3007.8708742974395,0.0,0.4751462322819139,796.4412846478609,0.19532773836329756,2.0,2022-02-16
2369.6175661872394,0.0,0.2841955143993858,790.5359579349029,0.11719664301797852,4.977758029049131,2023-02-16
1431.396519782286,0.0,0.17002327327787722,794.1484120128042,0.10711798581078713,5.0,2021-03-16
2073.3863240419287,0.0,0.5639106375631876,788.6777690019337,0.06427079148647227,4.963427575080026,2022-03-16
1326.8000186533168,0.0,0.6164925333136927,786.3886374410749,0.043362474891883364,4.947986056262086,2023-03-16
2756.854908049318,0.0,1.5587153521391144,781.2703886526984,0.02601748493513002,4.9149289840067185,2021-04-16
1663.6914333813227,0.0,0.9275686839089523,776.2662508311131,0.01561049096107801,4.882939929079365,2022-04-16
2323.3628497891164,0.0,0.8515879871957577,775.2673365570529,0.015766294576646807,4.876664067694457,2023-04-16
2213.279133120422,0.0,0.5072154357905184,794.2124747748694,0.09905977674598809,5.0,2021-05-16
1939.7359736789074,0.0,0.3411455045967854,788.7795500390275,0.05943586604759285,4.963827967342934,2022-05-16
1201.1778218337145,0.0,0.2033198043698196,783.5701451445583,0.03566151962855571,4.929872187743922,2023-05-16
2808.94001820863,0.0,0.12119789250594472,778.5062197985654,0.021396911777133425,4.89731340715349,2021-06-16
2062.3729126754106,0.0,0.12225020636576496,773.5412348124904,0.012838147066280054,4.865663873741034,2022-06-16
1206.840396441361,0.0,0.7875252251306054,768.6473894844612,0.0077028882397680324,4.8346327175780655,2023-06-16
1163.1717322532243,0.0,0.46909676849896065,781.4695753053958,0.03342173294386082,4.916546184277882,2021-07-16
5369.601602800717,0.0,0.27953270672530617,776.4296614825687,0.02005303976631649,4.884184845658723,2022-07-16
906.2886201480135,0.0,0.1666119388393591,794.2810670003147,0.0904318238597899,5.0,2023-07-16
963.0484229454839,0.0,0.09932111233401554,794.4414402001888,0.07025909431587393,5.0,2021-08-16
2243.6513307188834,0.0,0.05921261045108944,789.1433739100877,0.04215545658952436,4.96525900125118,2022-08-16
654.1440777955695,0.0,0.2612679947875784,784.0128751289205,0.02529327395371462,4.932146086938048,2023-08-16
1544.577369630593,0.0,0.15572897716829526,778.9945567792278,0.015175964372228769,4.900080469555753,2021-09-16
1328.1470930497326,0.0,0.7189329996853298,783.8664971608764,0.02510557862333726,4.931215979870174,2022-09-16
1030.0207758298395,0.0,0.5585597998111979,778.849993000097,0.015063347174002354,4.899165607255477,2023-09-16
1309.9808861955225,0.0,0.33280728884995286,773.9122279700942,0.009038008304401412,4.867812456250606,2020-10-16
1428.7925997900948,0.0,0.19835269422909832,770.9962893057659,0.008622804982640847,4.84945142481309,2021-10-16
1028.4765021981166,0.0,0.1182378801369811,770.0634274814853,0.011573682989584508,4.843726808161037,2022-10-16
1146.146317092709,0.0,0.19684363848114747,795.9499986479439,0.1317442097937507,3.0,2020-11-16
1143.2707377704955,0.0,0.11733855352398391,797.2809452958479,0.08384652587625042,1.0,2021-11-16
980.3754596876894,0.0,0.06995257375213998,793.2771720715702,0.21670791552575025,5.0,2022-11-16
1105.697514153588,0.0,0.06648723951523536,794.544714995449,0.18282474931545017,4.0,2020-12-16
1113.0067647637018,0.0,0.0891350161196345,789.6775281593988,0.10969484958927009,4.0,2021-12-16
1710.8925011492477,0.0,1.0500013520561933,791.1058031133487,0.07221690975356207,2.0,2022-12-16
1026.7846953492817,0.0,0.6690533520958882,795.031028039017,0.12173014585213725,4.0,2021-01-17
1553.8564037391652,0.0,1.7228279284297148,797.3533160616599,0.08103808751128234,2.0,2022-01-17
2408.5569922538684,0.0,1.4552850045509833,793.4559283225711,0.1942228525067694,5.0,2023-01-17
4311.845108810643,0.0,0.8671868360501818,793.8700369935427,0.14213371150406165,5.0,2021-02-17
2840.4899662891426,0.0,0.571725046050104,792.9482621961256,0.258080226902437,5.0,2022-02-17
2379.8386261668356,0.0,0.9689719609830124,795.5618283549526,0.18044813614146218,3.0,2023-02-17
1381.9776813475892,0.0,0.6466839383400331,793.4651023906052,0.19306888168487735,5.0,2021-03-17
2255.0564609258145,0.0,1.5440716774288168,787.5925297340658,0.1158413290109264,4.9591568899412835,2022-03-17
1318.7674685554887,0.0,1.12996300645729,782.1260831722482,0.06950479740655584,4.922453310837912,2023-03-17
3023.691977133293,0.0,2.051737803874374,776.9136646194889,0.0417028784439335,4.888288019826551,2021-04-17
1592.9084458982902,0.0,1.4381716450474535,771.8647719815191,0.0250217270663601,4.8557104038718055,2022-04-17
2127.2306629679856,0.0,1.534897609394775,766.9254610708067,0.01501303623981606,4.824154824884495,2023-04-17
2174.2134034016085,0.0,0.9134157665981403,794.165187817136,0.10500782174388963,5.0,2021-05-17
1977.9693942633328,0.0,0.5439932509797003,794.3210326902816,0.08540469304633377,5.0,2022-05-17
1253.0035109529929,0.0,0.32413053293272326,788.9520377250036,0.05124281582780026,4.96450645431426,2023-05-17
2671.8952048989836,0.0,0.1931822340979551,783.7800348000743,0.03074568949668016,4.930950235781272,2021-06-17
1950.4968826729537,0.0,0.1151560858278343,778.7377261067313,0.018447413698008095,4.898625217500465,2022-06-17
1164.7245903554342,0.0,0.8348121828639227,773.7849598502271,0.011068448218804858,4.8671107881670705,2023-06-17
1147.2041222132605,0.0,0.6789673097183535,771.8417368016007,0.011441068931282914,4.854905999063919,2021-07-17
5997.10681523432,0.0,0.40448851096381866,766.9650729305463,0.006864641358769748,4.8240108550100045,2022-07-17
873.3938947857758,0.0,0.24105268914793138,765.084548893773,0.00891878481526185,4.812281705815915,2023-07-17
1010.6151309544663,0.0,0.14368347584257427,780.8672442281423,0.038951270889157105,4.913028430586081,2021-08-17
2154.060807148087,0.0,0.0856554683370818,775.8054699137995,0.023370762533494266,4.880420276425889,2022-08-17
647.022069492128,0.0,0.0883170495624009,770.8485786530839,0.014022457520096558,4.848784186961247,2023-08-17
1587.9597550636377,0.0,0.052653016044424863,765.9663252324899,0.008413474512057935,4.817803616581775,2021-09-17
1294.4740059813137,0.0,0.06824233095730345,783.7071819492926,0.041848084707234764,4.931039532703062,2022-09-17
1101.3636347997879,0.0,0.30427623504456325,793.1722246359465,0.22990885082434087,5.0,2023-09-17
1264.1591509322295,0.0,0.18135403791695986,787.1275927432409,0.1379453104946045,4.957326403974665,2020-10-17
1394.893891012691,0.0,0.10810707375439023,781.5606336985235,0.0827671862967627,4.919547454645256,2021-10-17
1014.6967823334105,0.0,0.06444980401221596,788.042862327878,0.06566031177805762,3.0,2022-10-17
1153.20588818792,0.0,0.3281037504942569,789.6684121349409,0.04739618706683457,3.0,2020-11-17
1128.2006090594455,0.0,1.82777536405351,789.4185791150587,0.03163771224010074,2.0,2021-11-17
989.8982096654212,0.0,1.0873054887308247,795.3822284600678,0.20298262734406045,3.0,2022-11-17
1109.2782998515615,0.0,0.647411590072278,794.7885709718048,0.15218957640643627,4.0,2020-12-17
1163.3571056650487,0.0,0.5177713706454774,797.009021875194,0.09771374584386176,1.0,2021-12-17
1650.9902826639966,0.0,0.37445019293709536,794.5429220181514,0.05862824750631705,2.0,2022-12-17
1007.7263580668999,0.0,0.24983301988222537,796.5411117204247,0.057576948503790235,3.0,2021-01-18
2007.5291058089424,0.0,1.617771539932162,792.2673191277647,0.03454616910227414,4.0,2022-01-18
2243.8027146739655,0.0,1.2114290281952327,787.1524559460607,0.020727701461364486,4.9516707445485295,2023-01-18
4485.29961673212,0.0,0.7795490966107661,782.135469774521,0.012436620876818691,4.91970284966288,2021-02-18
2735.793184878486,0.0,0.46609985704253903,783.0269117508587,0.013861972526091214,3.0,2022-02-18
2491.5270550376385,0.0,0.45888827957520817,796.7041760473802,0.03711718351565473,3.0,2023-02-18
1347.3617237037608,0.0,0.2737925926599814,794.6575910346303,0.043070310109392836,5.0,2021-03-18
2382.0337135715827,0.0,0.16319243715547918,789.4869076779869,0.0258421860656357,4.966609943966439,2022-03-18
1352.6746908235955,0.0,0.09728332187690024,794.5841727724669,0.05230531163938142,5.0,2023-03-18
3132.3172743201126,0.0,0.10855802366221948,789.3702143924347,0.03138318698362885,4.966151079827918,2021-04-18
1519.6494503597269,0.0,0.29582395261976824,784.2889418199953,0.018829912190177312,4.933563839952717,2022-04-18
1960.6980476205645,0.0,0.342408965369673,779.2990811856297,0.011297947314106386,4.901805886374971,2023-04-18
2113.8864624007756,0.0,0.2040734126769934,794.3101087913117,0.08677876838846384,5.0,2021-05-18
1998.740453143403,0.0,0.4158272275330824,788.9346799405955,0.052067261033078294,4.964438179945699,2022-05-18
1278.2466362051737,0.0,0.24780730020423195,783.7589125960027,0.031240356619846976,4.930841749628722,2023-05-18
2530.3765524226133,0.0,0.1477087324866004,793.7697834989233,0.15474421397190818,5.0,2021-06-18
1888.5088465357924,0.0,0.08805474799070315,788.0763408377677,0.0928465283831449,4.961061146868271,2022-06-18
1118.7824075273852,0.0,0.6898912086882875,782.7145866741587,0.055707917029886936,4.9254771302360485,2023-06-18
1133.6203420701552,0.0,0.41099067077052226,777.562635239402,0.033424750217932155,4.891966166713492,2021-07-18
6029.15518675572,0.0,0.2449255949641461,772.5479043668679,0.020054850130759295,4.859766470246262,2022-07-18
849.1426840259153,0.0,1.2302165010766701,767.627100969896,0.012032910078455578,4.828424402292924,2023-07-18
1086.1305242871442,0.0,0.7323815142873235,791.22370184428,0.05361974604707335,4.97891938106185,2021-08-18
2067.823835478367,0.0,0.43627703337303464,794.5661538113554,0.05457184762824401,5.0,2022-08-18
641.9839874778368,0.0,0.2599852680431879,789.3415757269418,0.03274310857694641,4.966038461320971,2023-08-18
1634.3157197419446,0.0,0.15496440228773184,784.2540871032729,0.019645865146167844,4.933384848293386,2021-09-18
1295.2685221454772,0.0,0.09237899467892409,794.4865292232528,0.06458751908770072,5.0,2022-09-18
1172.9978077828712,0.0,0.42447974455420695,792.1570837874592,0.04355251145262042,4.98429080764533,2023-09-18
1220.1837692603478,0.0,0.43384618864453994,787.9812723176647,0.027731506871572255,4.957231773671619,2020-10-18
1338.7357586796288,0.0,0.25853962309275585,782.9260973638242,0.016638904122943353,4.9248829519854045,2021-10-18
993.7669882090692,0.0,0.15410377537551412,794.1828724273336,0.10278334247376603,5.0,2022-10-18
1179.3014501602352,0.0,0.5134707767472207,788.7325179325628,0.06167000548425961,4.963642952670835,2020-11-18
1105.088381433926,0.0,0.3451546281482306,783.5129169059467,0.037002003290555766,4.929578237078517,2021-11-18
980.5557927417045,0.0,0.21857969612292585,788.2522242749053,0.03820120197433346,4.9594557306621665,2022-11-18
1130.429748201577,0.0,0.13029200185513737,783.1461039854706,0.022920721184600073,4.926576401718158,2020-12-18
1227.6645584367666,0.0,0.81712757266644,784.0131721448384,0.016952432710760044,1.0,2021-12-18
1606.3017048107847,0.0,0.48671154209985595,781.9336299907602,0.010171459626456025,2.0,2022-12-18
997.671519371107,0.0,0.2900227895375959,797.7239740225508,0.15970287577587364,1.0,2021-01-19
2201.6560513653226,0.0,0.3012369003791676,795.9605393634449,0.09582172546552419,1.0,2022-01-19
2140.370612304559,0.0,0.1795438877164754,793.6143703695294,0.17429303527931453,5.0,2023-01-19
4470.466992064537,0.0,0.13293184063218338,793.1637422217177,0.23097582116758872,5.0,2021-02-19
2708.563610830967,0.0,0.0795421540782803,793.4021653330306,0.20098549270055324,5.0,2022-02-19
2720.317622080832,0.0,1.2760259774492304,794.4287652868621,0.19739129562033195,4.0,2023-02-19
1328.00491946024,0.0,0.7634346591059029,788.5285860638932,0.11843477737219917,4.965179783042888,2021-03-19
2429.2247851859,0.0,1.3856296304705507,783.0434492510241,0.07106086642331949,4.928303662899332,2022-03-19
1347.0068191115402,0.0,1.8362577782823304,782.7216339016774,0.050636519853991695,4.925271557818901,2023-03-19
2994.497159466924,0.0,1.5978346669693984,794.4023038002964,0.07518191191239502,5.0,2021-04-19
1468.137549506167,0.0,1.5712347131378424,789.0811809730317,0.045109147147437016,4.965014398751853,2022-04-19
1839.152749523937,0.0,0.9349994399260295,783.937189721544,0.027065488288462208,4.931757381081448,2023-04-19
2091.1733081774746,0.0,0.5568331499697246,784.7972438146836,0.025839292973077327,4.93710743575965,2021-05-19
2051.9050622227987,0.0,0.39654379152783786,793.503880651665,0.0379035757838464,4.992482773841773,2022-05-19
1262.812041769748,0.0,0.5976961997035404,788.3651494645346,0.02274214547030784,4.959399254072906,2023-05-19
2433.587692164236,0.0,0.35610842851288094,794.5735199661067,0.053645287282184706,5.0,2021-06-19
1856.1963987898453,0.0,0.21223387040632322,794.667791979664,0.04178717236931082,5.0,2022-06-19
1091.7194127004357,0.0,0.20283847110072187,789.5031220192923,0.025072303421586492,4.9666736998729,2023-06-19
1127.9377483308003,0.0,0.30088038917689636,784.4507018355249,0.015043382052951894,4.934394512620576,2021-07-19
5642.9544321430985,0.0,0.17933193305752493,779.4775227290818,0.009026029231771137,4.9028168864720305,2022-07-19
833.9515080288094,0.0,0.42648003389336847,774.5638385251,0.005415617539062682,4.871734517056761,2023-07-19
1126.9653768172857,0.0,0.3322080203360211,790.3002365193757,0.03684937052343761,4.972273990781875,2021-08-19
2021.379296821424,0.0,0.19799626049877084,785.187219721172,0.022109622314062567,4.939376478246099,2022-08-19
645.3823218204749,0.0,0.11802567114681171,780.1762894479043,0.013265773388437539,4.907420123257325,2023-08-19
1629.3748078869755,0.0,0.07036221997115515,775.2384778992715,0.007959464033062523,4.876101809049402,2021-09-19
1284.5516572338863,0.0,0.04194968692500516,792.9649933565623,0.25597567841983754,5.0,2022-09-19
1202.170628812701,0.0,0.29132801494229327,792.6341960139374,0.2975854070519025,5.0,2023-09-19
1187.175594271964,0.0,0.17364031995756726,789.2117946234173,0.18335124423114152,4.972713725087109,2020-10-19
1295.799983627509,0.0,0.10351015001041393,792.2376452968074,0.12281074653868491,4.0,2021-10-19
977.866453278646,0.0,0.06170973958338091,786.7060368073971,0.07368644792321095,4.951485283105046,2022-10-19
1273.123755646922,0.0,2.0350066434377085,784.3339930111218,0.04741186875392657,4.0,2020-11-19
1097.0139333881534,0.0,2.365803986062625,781.1117259827441,0.02844712125235594,3.0,2021-11-19
966.7612345156181,0.0,1.4496876654329935,797.4552191834438,0.06826827275141356,2.0,2022-11-19
1170.9450269276185,0.0,0.974149326609919,794.1298026698918,0.040960963650848135,3.0,2020-12-19
1265.8031047253596,0.0,0.580123206305144,795.8959269759125,0.02937657819050888,1.0,2021-12-19
1559.3952372268338,0.0,0.37204379627526185,798.0665606841548,0.11682594691430534,1.0,2022-12-19
1012.4459269741211,0.0,0.22226702837774812,794.8943912775372,0.1388955681485832,4.0,2021-01-20
2102.440063694073,0.0,0.5447808165562802,795.1455947665223,0.10733734088914992,4.0,2022-01-20
2025.4926040365192,0.0,0.3254165135519963,793.6341459079958,0.06440240453348996,1.0,2023-01-20
4128.480794339883,0.0,0.23387569397926483,788.3691775101971,0.03864144272009397,4.960213411924974,2021-02-20
2713.106690462374,13.332670439052436,0.9334393158452997,795.3762967722562,0.3287848656320564,2.0,2022-02-20
2867.7817674140933,0.0,1.1056087224627222,796.2853300633537,0.2148709193792338,2.0,2023-02-20
1352.5802444484561,0.0,0.8544052334776334,790.2883715807403,0.1289225516275403,4.976783312895961,2021-03-20
2398.5837315297476,0.0,0.5114488585264255,784.7415740227981,0.07735353097652417,4.939302322379627,2022-03-20
1297.2670417379927,0.0,0.3047549858737818,779.4750003401642,0.0464121185859145,4.904634837642488,2023-03-20
2742.5141477435823,0.0,2.62370322774381,774.3875757118656,0.0278472711515487,4.871718752126027,2021-04-20
1432.8984694461494,0.0,1.7146699366462856,769.4190745506629,0.01670836269092922,4.83992234819916,2022-04-20
1750.7011488942599,0.0,1.0201751697174979,764.5335530269538,0.010025017614557532,4.808869215941643,2023-04-20
2195.2653709502283,0.0,0.6074952355626104,793.1586606659786,0.23161501056873454,5.0,2021-05-20
2151.235648018243,0.0,0.36193884499138035,792.6740763995871,0.2925690063412408,5.0,2022-05-20
1262.0103499947468,0.0,0.21570587617261533,786.3370889157898,0.17554140380474445,4.954212977497419,2023-05-20
2379.547291991053,0.0,0.12857881300353619,793.6793075038514,0.16612484228284666,5.0,2021-06-20
1826.4621544616023,0.0,0.07665230776751032,793.9023045023108,0.138074905369708,5.0,2022-06-20
1074.4461384339181,0.0,1.8413393340214397,788.2868178602284,0.08284494322182481,4.961889403139443,2023-06-20
1115.970035060351,0.0,2.3259236004128643,782.9706407477182,0.049706965933094885,4.926792611626428,2021-07-20
5188.604358330355,0.0,1.3827745062999521,777.8450191393086,0.02982417955985693,4.893566504673239,2022-07-20
820.5185886217264,0.0,1.320692496148631,794.4506986634995,0.06909450773591416,5.0,2023-07-20
1116.6270411730359,0.0,1.0976954976891786,794.5559391980997,0.055856704641548495,5.0,2021-08-20
1974.3095576531014,0.0,0.6535972389429375,794.2502035188598,0.0943140227849291,5.0,2022-08-20
647.4939768257512,0.0,0.3893845008838061,792.7614771386723,0.06298841367095746,4.989063771992875,2023-08-20
1568.366246838176,0.0,0.23205510373632707,787.5089817339141,0.037793048202574474,4.954759232116702,2021-09-20
1253.2129061360256,0.0,0.5493013365005176,794.4508471600737,0.06907582892154468,5.0,2022-09-20
1203.5244516816151,0.0,0.44406080190031055,791.1228264201643,0.04144549735292681,3.0,2020-10-20
1269.5743270089692,0.0,0.7497964811401864,793.8291820752072,0.03766729841175608,4.994517665126027,2021-10-20
978.4187132169657,0.0,0.4996626081947086,788.6894625856279,0.02260037904705365,4.961432387970045,2022-10-20
1335.5110757467453,0.0,0.29773617264154445,794.7268361919456,0.03436022742823219,5.0,2020-11-20
1079.8007799139375,0.0,0.5491528399262802,793.5632003843009,0.020616136456939316,1.0,2021-11-20
968.651817628923,0.0,0.3280207399094452,791.4652865345804,0.01236968187416359,2.0,2022-11-20
1313.6332576778561,0.0,0.29912667983099195,788.4067681460009,0.007421809124498154,3.0,2020-12-20
1268.1165440363677,0.0,0.178287101609278,790.2956916072756,0.014053085474698893,4.0,2021-12-20
1507.7951892368462,0.0,0.27316380805444596,798.7536535082343,0.030831851284819335,1.0,2022-12-20
1055.632090436498,0.0,0.16363580764467872,795.6234990782636,0.0472991107708916,4.0,2021-01-21
2025.3352267722626,0.0,0.09791384972048608,795.5703234469582,0.05397946646253496,4.0,2022-01-21
1952.1587406302926,0.0,0.058518388579524,795.6403060681749,0.04518767987752098,4.0,2023-01-21
3605.1434150579166,0.0,0.11107653872536262,790.4531835612886,0.027112607926512586,4.9727519129260935,2021-02-21
2699.638680942631,33.44286424629968,0.2463464917657065,793.2341581845429,0.34746756475590757,4.0,2022-02-21
3108.740025783476,0.0,0.3765009217362971,791.5423440975966,0.21328053885354456,3.0,2023-02-21
1385.1952250700856,0.0,0.42967655304177826,790.4876782101819,0.13596832331212672,4.978389650609978,2021-03-21
2314.3767398420514,0.0,0.359693931825067,788.82750080345,0.08798099398727603,4.965547988813636,2022-03-21
1257.0232150048664,0.0,0.2143705939602592,789.367046462696,0.062388596392365624,4.9676718800215625,2023-03-21
2518.8139655431387,0.0,2.765841815457024,784.1398641912284,0.037433157835419374,4.933544040391849,2021-04-21
1393.3780419739044,0.0,1.6918140869463714,779.0639737833992,0.022459894701251624,4.900874151195177,2022-04-21
1660.2358348012842,0.0,1.0762762368047343,794.142386302275,0.10787593682075097,5.0,2023-04-21
2267.1684350052305,0.0,0.6946294179182756,793.5701979754806,0.07272556209245058,4.994639914389218,2021-05-21
2350.7058650916224,0.0,0.4927824607324674,794.017099068819,0.12363533725547035,5.0,2022-05-21
1308.7865924964144,0.0,0.29363823107564935,788.4691620901026,0.0741812023532822,4.962606869180119,2023-05-21
2390.8861556892025,92.38391871063325,0.1750162566340881,791.5170356647749,0.4381087214119693,5.0,2021-06-21
1946.5649716430662,0.0,0.8576136977249702,784.5024349874124,0.26286523284718155,4.9469814729048425,2022-06-21
1080.6349161505443,0.0,0.5775484124051188,792.9193328393189,0.26171913970830896,5.0,2023-06-21
1104.0464657915038,0.0,0.9829009311809893,786.7262360963923,0.15703148382498539,4.9557458302457436,2021-07-21
4768.589530593106,0.0,0.5853301095362774,793.6658398221548,0.16781889029499122,5.0,2022-07-21
826.8385196849413,0.0,3.482964335225156,791.8315362768151,0.10709133417699475,4.9854114988884675,2023-07-21
1066.961476323789,0.0,2.067619204457661,790.2988103231652,0.07065480050619685,4.973947101730094,2021-08-21
1960.600567086579,0.0,2.080667160681056,785.0265062701228,0.04239288030371811,4.939367564519783,2022-08-21
664.0727482757788,0.0,1.2373509126809275,779.9216613801931,0.025435728182230864,4.906415664188268,2023-08-21
1464.2460361511685,0.0,1.3341601778451802,774.9288676645999,0.015261436909338517,4.874510383626206,2020-09-21
900.4785582394836,0.0,0.8488920464513026,770.0150465683585,0.009156862145603111,4.84330542290375,2021-09-21
1254.6519620241318,0.0,0.5587788519197742,765.1604114070786,0.005494117287361866,4.8125940410522405,2022-09-21
1176.6099960152442,0.0,0.3329364885226201,794.0452330605393,0.12009647037241714,5.0,2020-10-21
1244.7966648418803,0.0,0.19842922574149865,793.0024998363235,0.2512578822234503,5.0,2021-10-21
979.0935408321719,0.0,0.11828333196696668,793.3054199017942,0.21315472933407018,5.0,2022-10-21
1294.097938322337,0.0,0.07051567333766476,789.2946758745717,0.1278928376004421,3.0,2020-11-21
1058.5437349521935,0.0,0.04204112022761971,796.1078724505946,0.11193570256026525,3.0,2021-11-21
965.6475518985416,0.0,0.9547669394607161,793.8173466987876,0.14876142153615915,5.0,2022-11-21
1546.2508751391251,0.0,1.99750016367643,792.109702885707,0.0892568529216955,1.0,2020-12-21
1255.725393083475,0.0,1.6945800982058579,787.6876377346872,0.053554111753017296,4.0,2021-12-21
1454.798246698279,1.7811427513982778,1.0107440272224935,795.4325749129265,0.32173246705181036,2.0,2022-12-21
1096.4543084169948,0.0,0.892127549405314,791.9262161321628,0.3866394802310863,5.0,2021-01-22
2061.654255306031,0.0,1.1826533012124654,792.0463283565055,0.23678368813865178,1.0,2022-01-22
1909.7894972411186,0.0,0.7076438130806254,789.9224871538047,0.14207021288319105,1.0,2023-01-22
3124.357755378367,0.0,0.42206515101978404,784.3163332907232,0.08524212772991463,4.937015544711279,2021-02-22
2650.1443113240125,0.0,2.5674250870734467,794.7395715979619,0.15834527663794878,4.0,2022-02-22
3306.9087162876617,0.0,3.073783867837136,789.0221088537053,0.09500716598276926,4.967122322487262,2023-02-22
1401.5299046093087,0.0,1.879887775657379,783.6437552499023,0.05700429958966156,4.931388180335658,2021-03-22
2169.0822650222963,0.0,1.1238412027007538,778.4796305640926,0.03420257975379693,4.897773470311889,2022-03-22
1225.7657675706146,0.0,0.6691383183702962,782.2846015475278,0.03492154785227816,4.921747691025579,2023-03-22
2325.6003641417324,0.0,1.2604284020380723,777.2324357000665,0.020952928711366895,4.889278759672049,2021-04-22
1334.8967893585038,0.0,0.7503404217693324,772.27763190063,0.012571757226820137,4.857702723125415,2022-04-22
1581.6709206099472,0.0,0.44696542346738405,773.280810022412,0.017143054336092083,4.864235199378937,2023-04-22
2217.619398533173,0.0,0.26635121549765334,790.9314628570834,0.047085832601655254,4.976755062640075,2021-05-22
2436.5052891267082,0.0,0.273281325539293,785.7660877779621,0.028251499560993154,4.9433216428567714,2022-05-22
1330.698454024621,0.0,0.16288708778924,780.722687772782,0.01695089973659589,4.911038048612263,2023-05-22
2355.1215359148646,0.0,0.09710107631116134,789.4984432887334,0.032570539841957534,4.967016798579888,2021-06-22
1877.6296986770133,0.0,0.13258667883911088,784.4107559648088,0.01954232390517452,4.934365270554584,2022-06-22
1081.072703287285,0.0,0.37259210268846826,779.4167883309623,0.011725394343104713,4.902567224780055,2023-06-22
1103.435745420825,0.0,0.2220534362645955,774.4909423000339,0.007035236605862827,4.871354927068515,2021-07-22
4355.671507663083,0.0,0.13236195656776809,793.60540192139,0.1754211419635177,5.0,2022-07-22
846.5426435326485,0.0,0.25722768546877156,793.896121152834,0.13885268517811064,5.0,2023-07-22
1004.5933237453644,0.0,0.1533220533699586,793.7652726917004,0.1553116111068664,5.0,2021-08-22
1925.0066903477066,0.0,0.09140040906656136,788.069176993448,0.09318696666411984,4.9610329543231275,2022-08-22
661.7893174382809,0.0,0.05449110385986962,782.7058718970906,0.0559121799984719,4.92543235620905,2023-08-22
1365.2074083668183,0.0,1.3945980786099659,777.5530245528464,0.03354730799908314,4.891911699356816,2020-09-22
885.8182970200912,0.0,1.1038788471659797,772.5377874649944,0.020128384799449884,4.85970640345529,2021-09-22
1236.9745182120546,0.0,1.234727308299588,767.6167097888587,0.012077030879669928,4.828361171656215,2022-09-22
1138.0718033323396,0.0,0.7350627439292337,780.4251901436519,0.03604621852780195,4.910104436180366,2020-10-22
1218.468191829126,0.0,0.4378727401483462,794.4846195376224,0.06482773111668118,5.0,2021-10-22
994.7847952981542,0.0,0.26093564488739973,793.1346645143956,0.0452966386700087,4.99052887211014,2022-10-22
1212.1082010817374,0.0,0.15553068439674697,791.9067041337044,0.028777983202005225,2.0,2020-11-22
1046.9498090288077,0.0,0.0927165044795833,789.7642231553509,0.022066789921203134,4.968166900835652,2021-11-22
950.0362029276723,0.0,0.28141520902641076,797.5113042098573,0.06124007395272188,2.0,2022-11-22
1858.974073393021,0.0,0.5153804623776154,795.5872945259143,0.3023440443716331,2.0,2020-12-22
1248.074512228449,0.0,0.3594261511166283,790.1513043013133,0.18140642662297987,4.0,2021-12-22
1408.0277663235877,0.0,0.2279603806912132,795.7372024678889,0.1584438559737879,3.0,2022-12-22
1108.1831669658902,0.0,0.17431407751780215,790.9845270962275,0.09506631358427275,4.0,2021-01-23
2159.938391421621,0.0,0.4886957901427206,788.5344919934311,0.057039788150563646,2.0,2022-01-23
1870.5407996529727,0.0,2.4127054740856324,786.2653094286526,0.03422387289033819,2.0,2023-01-23
2774.9125916909106,0.0,1.4359902246009844,781.190706069826,0.02053432373420291,4.914158183929079,2021-02-23
2551.5473779022946,0.0,1.2627975321110898,794.2787712757879,0.09072059424052174,5.0,2022-02-23
3477.3487740659125,0.0,0.7526753716614718,796.2346221183418,0.09603235654431305,3.0,2023-02-23
1391.6565298373769,0.0,0.45003510279641457,790.8022374181242,0.05761941392658782,4.976466388239636,2021-03-23
2069.9678051800615,0.0,0.26918256477849906,785.5880387741041,0.034571648355952694,4.942513983863276,2022-03-23
1200.1513783986627,0.0,0.16044517489751295,794.402613237342,0.07514298901357162,5.0,2023-03-23
2194.12004441558,0.0,0.7212287242121479,789.0816727005821,0.04508579340814297,4.965016332733388,2021-04-23
1287.8125711994094,0.0,0.7653778816581751,783.9377881205362,0.02705147604488578,4.931760454378638,2022-04-23
1517.3375305651814,0.0,0.4559183119780125,794.1713644592659,0.10423088562693147,5.0,2023-04-23
2116.058931961133,0.0,0.271684660156755,793.5488186755596,0.18253853137615889,5.0,2021-05-23
2463.015778748259,0.0,0.5973867626578945,787.725451139567,0.10952311882569533,4.959680116722247,2022-05-23
1345.2805355734226,0.0,0.35592420402662034,794.2231747232014,0.0977138712954172,5.0,2023-05-23
2255.931305506817,0.0,0.21212412566727462,793.8724648339208,0.14182832277725033,5.0,2021-06-23
1842.815340209624,0.0,0.8286355407341053,788.2394225875972,0.08509699366635019,4.961702905212006,2022-06-23
1078.00498444217,80.30480316395824,1.4511813244404632,791.5921673402115,0.42865819619981016,5.0,2023-06-23
1261.0131343063797,0.0,0.8636874192703227,784.6215060635142,0.25719491771988606,4.947451045876322,2021-07-23
4029.8613014852795,0.0,0.7768252767985668,781.4534650734162,0.15911695063193165,4.922634412896963,2022-07-23
843.0254048911672,0.0,1.1275351660791402,791.5099368870289,0.12107017037915899,4.984084156708851,2023-07-23
973.7046384399449,0.0,0.6713393411116285,792.9596952872914,0.2566421022274954,5.0,2021-08-23
1866.3736577608206,0.0,3.4078326597884914,786.7902876392839,0.15398526133649726,4.955998095545572,2022-08-23
694.4137286961978,0.0,2.023210230821047,781.1504669722356,0.09239115680189834,4.917439297745524,2023-08-23
1269.9325955906208,0.0,1.2454065772009986,775.8379546093026,0.055434694081139005,4.882190418576473,2020-09-23
895.4065274252267,0.0,0.959444029678524,770.7325301677103,0.0332608164486834,4.848987216308141,2021-09-23
1237.5152590058021,0.0,2.0403047127085885,765.762602014606,0.019956489869210038,4.81707831354819,2022-09-23
1096.8533981195926,0.0,1.2134095524619704,764.8110343590977,0.01837389392152602,4.811016262591288,2020-10-23
1192.1600241639073,0.0,0.7223813693026995,794.1491565259943,0.10702433635291561,5.0,2021-10-23
1014.5307736527029,0.0,0.4303219443564511,788.6789518272939,0.06421460181174936,4.9634322282874646,2022-10-23
1175.1949716414917,0.0,0.2564372252841834,783.4477393257117,0.03852876108704962,4.9292434489205865,2020-11-23
1033.6179223636227,0.0,0.15284983955599013,782.2418205459838,0.02631725665222977,3.0,2021-11-23
938.6754686839795,0.0,0.14055139291710636,788.0208483297581,0.033390353991337864,4.957761378412399,2022-11-23
1948.0892169529045,0.0,0.8508434740056792,797.9833986429655,0.1272342123948027,1.0,2020-12-23
1261.0607565998512,0.0,0.5067724704129426,795.3757407181315,0.07634052743688163,2.0,2021-12-23
1357.2496736947624,0.0,0.30196905266155155,797.4195435114676,0.19780431646212898,1.0,2022-12-23
1187.4910309627687,0.0,0.20591877972791733,793.4459134104757,0.1954825898772774,5.0,2021-01-24
2529.8087292121413,0.0,0.2632108378133393,789.5188029246074,0.11728955392636643,3.0,2022-01-24
1818.8281111534795,0.0,1.0166013570344736,786.9645965499855,0.07037373235581985,2.0,2023-01-24
2483.481509236109,0.0,0.607657924834056,781.7158548175472,0.04222423941349191,4.918528728437409,2021-02-24
2413.5683880152524,0.0,1.5804564885324106,776.6333243563976,0.025334543648095145,4.88572409260967,2022-02-24
3550.8579736010956,0.0,1.5540865895243554,776.465565918512,0.021600726188857087,4.0,2023-02-24
1388.156043912988,0.0,0.9271104858683396,771.5126517692676,0.012960435713314252,4.8529097869907005,2021-03-24
1965.009075418429,0.0,0.5542063746219196,766.6310778227128,0.007776261427988551,4.821954073557922,2022-03-24
1169.2996810534007,0.0,0.33021300400076975,790.2546278985908,0.05106575685679313,4.972694236391955,2023-03-24
2117.246285413259,0.0,0.1968063685400639,785.0749200807759,0.03063945411407588,4.939091424366192,2021-04-24
1252.3575946722028,0.0,0.1677584378856438,780.0247782633436,0.01838367246844553,4.9067182505048486,2022-04-24
1467.4450037079157,0.0,0.10000436225372238,793.3986298823255,0.2014302034810673,5.0,2023-04-24
2065.0556768920474,0.0,0.05961987299688778,789.4467990709811,0.1240581220886404,4.971241436764535,2021-05-24
2461.5371923345706,0.0,0.4037556877300414,793.6704827576372,0.16723487325318426,5.0,2022-05-24
1350.8435239344315,0.0,0.24061639344872887,787.9186432967164,0.10034092395191054,4.960440517235233,2023-05-24
2133.6889100318886,0.0,0.1434235669274381,782.522753636283,0.06020455437114632,4.924491520604477,2021-06-24
1909.3698647177227,28.347001176991313,1.601370117674485,792.1688242756496,0.3561227326226878,5.0,2022-06-24
1069.6825009683928,0.0,0.9805893745798459,785.5356922652695,0.21367363957361268,4.9510551517228105,2023-06-24
1372.5500896560084,0.0,1.329517242362815,779.625298876463,0.12820418374416762,4.909598076657934,2021-07-24
3755.2746891021325,0.0,0.7913989436855231,774.1566815790126,0.07692251024650057,4.872658117977894,2022-07-24
847.5434655541085,60.29777135253809,0.4713981398289453,791.8092396261242,0.4013535061479004,5.0,2023-07-24
972.7054993656978,0.0,2.831175724350368,784.96557671936,0.2408121036887402,4.948807747663276,2021-08-24
1836.0617653298589,0.0,1.6820768586572938,778.9324551891904,0.14448726221324412,4.906034854495999,2022-08-24
800.0596760153263,0.0,1.0007953121484865,776.3344402110177,0.09149235732794646,4.88707784493244,2023-08-24
1184.1055653025514,0.0,0.5959591794724795,793.9784614555457,0.1284954143967679,5.0,2020-09-24
870.9151463177944,0.0,3.190760373875808,788.407786370066,0.07709724863806074,4.96236538409716,2021-09-24
1268.6486268852357,0.0,1.8948551591008282,795.1987595405046,0.10065834918283645,4.0,2022-09-24
1055.0020236743228,0.0,1.127086675673717,789.7515085542212,0.060395009509701864,4.969992247128154,2020-10-24
1185.3642965632544,0.0,0.7109371332400983,784.5311679659109,0.03623700570582112,4.935946928463883,2021-10-24
1068.4213077627862,0.0,1.0215385444543048,790.2480747975405,0.03934220342349268,4.972069799786943,2022-10-24
1229.1790632461752,0.0,0.6083097013825248,785.1236496057429,0.023605322054095604,4.939050467484629,2020-11-24
1032.756054390571,0.0,0.801240459495378,785.9745754590222,0.018963193232457366,2.0,2021-11-24
919.5306699282819,0.0,0.4772587391552345,794.4389055682811,0.07057791593947442,5.0,2022-11-24
1897.8557346108696,0.0,0.2843936598464978,797.7795534709861,0.15274674956368467,1.0,2020-12-24
1378.425369863296,0.0,0.31102336858344565,797.8586440825917,0.1428480497382108,1.0,2021-12-24
1308.937568515666,0.0,0.1853747243129857,794.4296046261519,0.3225088298429265,3.0,2022-12-24
1468.1167130247127,0.0,0.1490741467207831,793.3853128816493,0.20310529790575588,5.0,2021-01-25
2896.631930266961,0.0,0.5610944317188216,790.4209055832629,0.12186317874345354,2.0,2022-01-25
1767.854379549662,0.0,1.2204465290138404,788.8436975377374,0.07311790724607212,1.0,2023-01-25
2235.580152529797,0.0,1.1413559174083043,783.5695157737888,0.04387074434764327,4.930273109610859,2021-02-25
2278.887836067771,0.0,2.570395373848124,793.8240165494617,0.14792244660858597,5.0,2022-02-25
3476.938484050598,0.0,1.6146871183507592,794.0781699296771,0.11595346796515159,5.0,2023-02-25
1377.1627462036286,0.0,0.9644072983864033,788.5661775161955,0.06957208077909095,4.962988562060482,2021-03-25
1859.4766268386968,0.0,0.5772080455254728,783.3105231000259,0.04174324846745457,4.928538609476222,2022-03-25
1152.4093223561872,0.0,0.3439086543377191,794.4065647048102,0.07464594908047274,5.0,2023-03-25
2061.0635859329577,0.0,1.1759834505382585,789.0879520047355,0.044787569448283646,4.965041029405064,2021-04-25
1204.3715555597744,0.0,0.9218300703229552,788.8497143943295,0.034872541668970185,4.963049700029597,2022-04-25
1453.8766532737081,0.0,0.5490038514211483,794.3757379762391,0.07852352500138211,5.0,2023-04-25
2037.1490484356893,0.0,0.3271158066933263,793.5569627857434,0.18151411500082926,5.0,2021-05-25
2428.452420000911,0.0,0.5934352951897583,787.7383825966333,0.10890846900049757,4.959731017410896,2022-05-25
1362.999535920069,0.0,0.3535716706697107,782.303486594871,0.06534508140029854,4.923364891228958,2023-05-25
2057.85890972382,0.0,0.2751879103764288,777.1092886817733,0.03920704884017912,4.889396791217944,2021-06-25
1982.618622720197,0.0,0.6242620237609878,794.3550623770324,0.08112422930410747,5.0,2022-06-25
1089.182581632118,0.0,1.4430372142565926,789.0061111378845,0.04867453758246448,4.964719139856452,2023-06-25
1294.4890217959444,0.0,0.8588491716991963,786.7884367093595,0.034004722549478686,4.950038194611778,2021-07-25
3495.0088014439534,0.0,0.5115311105333579,781.711485139547,0.02040283352968721,4.917427729433498,2022-07-25
827.764080953598,0.0,0.3048011218797522,793.9359584840633,0.13384170011781232,5.0,2023-07-25
978.0741969795225,0.0,0.6449376229676543,788.3402731279215,0.0803050200706874,4.962099740525396,2021-08-25
1856.8645972843979,0.0,0.38423209929132457,783.0356743701901,0.048183012042412446,4.92712670704951,2022-08-25
904.5024907988262,0.0,0.2676362339131825,794.2613670325577,0.09290980722544746,5.0,2023-08-25
1130.2745952643222,0.0,0.15952384037906003,794.3533002195346,0.08134588433526847,5.0,2020-09-25
845.824435288546,0.0,1.0640415159366081,789.0033110145146,0.04880753060116108,4.964708126372091,2021-09-25
1283.578547773274,0.0,0.6335856156164751,794.4746280790324,0.06608451836069665,5.0,2022-09-25
993.3178512430795,0.0,0.377472050681811,796.0463838331991,0.11965071101641798,3.0,2020-10-25
1149.864838022326,0.0,0.7386329674423074,790.503180621119,0.07179042660985079,4.975289898957494,2021-10-25
1091.6736948133955,0.0,0.6466997804653843,791.1081058188759,0.052674255965910466,4.978144878881993,2022-10-25
1303.266488916851,0.0,0.3852810786479449,785.9152166359896,0.03160455357954628,4.9444256613679745,2020-11-25
1027.6615661328224,0.0,0.5253719209675384,789.6895952684678,0.028562732147727768,2.0,2021-11-25
911.3855737417807,0.0,0.9536161668008514,784.6195469821674,0.01713763928863666,4.935559970427923,2022-11-25
1846.8957263161544,0.0,0.5679133131226055,784.4886521705106,0.016682583573181992,4.0,2020-12-25
1742.2683904348569,0.0,0.4169299233611303,795.4108839808545,0.0740095501439092,4.0,2021-12-25
1281.2531939932908,0.0,0.2484635215183124,798.5684942166101,0.054005730086345516,1.0,2022-12-25
2101.7007781623943,0.0,0.22562136752188125,794.7231886331076,0.16040343805180732,4.0,2021-01-26
3089.4363150684917,0.0,0.13448831587239848,792.9592930631984,0.09624206283108439,1.0,2022-01-26
1706.0792605899085,0.0,0.13089481165682204,795.2856279079188,0.08974523769865063,4.0,2023-01-26
2075.3247486162736,0.0,0.5891160191455173,793.4525552161774,0.1946471426191904,5.0,2021-02-26
2185.3327799158815,0.0,0.4315057833899007,793.9570531297064,0.13118828557151424,5.0,2022-02-26
3299.9812896618587,0.0,1.2768113668923864,788.3737802798639,0.07871297134290853,4.962231582060665,2023-02-26
1359.3883112344229,0.0,0.7638955699091619,783.0764397680707,0.04722778280574511,4.927336126749149,2021-03-26
1767.181216278269,0.0,0.7143720920812591,777.961701096565,0.028336669683447068,4.894227748550442,2022-03-26
1129.339328066249,0.0,1.5474447838225638,793.31299408561,0.21220200181006826,5.0,2023-03-26
2027.9025048397493,0.0,1.0429468702935383,787.3510450878363,0.12732120108604095,4.958206213035062,2021-04-26
1158.2428850776146,0.0,0.6210412677818307,783.7932617460865,0.07959272065162457,4.933444031798977,2022-04-26
1475.8105037272874,0.0,0.3700043850439662,786.3680751646496,0.06055563239097474,4.9487078859130404,2023-04-26
1975.921434284512,0.0,0.2205109229553132,793.6426696334951,0.17073337943458483,5.0,2021-05-26
2450.8919550272317,0.0,1.6870059143900427,787.87447647655,0.1024400276607509,4.960266685209344,2022-05-26
1363.930181367028,0.0,1.0037427847386726,782.4690283202094,0.06146401659645053,4.924215477978437,2023-05-26
1984.8686884134584,0.0,0.6243393099507066,783.1769194500057,0.046478409957870316,4.927931427001308,2021-06-26
2096.856006891195,0.0,0.4764786955239719,790.815601399523,0.0486870459747222,4.976105746562536,2022-06-26
1095.1127308115292,0.0,1.3573303665049494,785.6434328803516,0.029212227584833314,4.942597508747019,2023-06-26
1244.3697375009754,0.0,0.8079264717356988,780.596319696082,0.01752733655089999,4.910271455502198,2021-07-26
3306.5950477766078,0.0,0.48123267836211475,775.6360151180875,0.010516401930539994,4.878726998100513,2022-07-26
820.6415508267221,0.0,0.3641774432024191,778.5894743733369,0.019109841158323995,4.897725094488047,2023-07-26
957.1264304583322,0.0,0.3852123039201715,773.634575783451,0.011465904694994396,4.866184214833355,2021-08-26
1830.4441353588606,0.0,0.22957101042433944,768.7464698036781,0.006879542816996638,4.835216098646569,2022-08-26
927.5213154694524,0.0,0.13684172876741466,794.3210543128264,0.053727725690197986,4.998415436272988,2023-08-26
1165.66834094291,0.0,0.08157757989402889,793.6497987484578,0.16983663541411878,5.0,2020-09-26
846.4324933027232,0.0,0.1488156502625583,793.9354792490747,0.13390198124847125,5.0,2021-09-26
1257.7534072187948,0.0,0.08871437505254898,792.2603645560288,0.08514118874908275,4.0,2022-09-26
949.7789563989573,0.0,0.05288988112631211,794.3776365296669,0.07828471324944965,5.0,2020-10-26
1127.3159500463921,0.0,0.427000054578705,789.0419825843873,0.04697082794966979,4.964860228310418,2021-10-26
1065.217671063811,0.0,1.3502012515422444,783.889488285301,0.028182496769801873,4.93151239115242,2022-10-26
1384.9428426382865,0.0,1.0645207509253465,784.7316509488663,0.02010949806188112,1.0,2020-11-26
1014.153847489089,0.0,0.6751146930458986,797.6994277232798,0.037665698837128676,2.0,2021-11-26
903.0670089497831,0.0,0.6223634703331248,795.6672766223538,0.0417994193022772,4.0,2022-11-26
1795.7071746594238,0.0,0.3707937169692218,795.4422646887781,0.02827965158136632,2.0,2020-12-26
2261.3928346217435,0.0,0.2209819079338867,794.3074653860966,0.01696779094881979,1.0,2021-12-26
1267.1181617359694,0.0,0.15783733643464126,796.0007160236828,0.12538067456929186,3.0,2022-12-26
2699.9224864352127,0.0,0.30057227672028686,798.2455170461149,0.09442840474157513,1.0,2021-01-27
3068.373814870999,0.0,0.33272337764612653,798.4833902276689,0.06465704284494507,1.0,2022-01-27
1680.0502601435394,0.0,0.2250119335757478,795.1747886058025,0.03879422570696704,3.0,2023-01-27
1983.930579407279,0.0,0.13479930268146145,790.0210138427957,0.023276535424180223,4.969842428786266,2021-02-27
2102.0073913798697,0.0,0.9992839763172561,784.9737383792951,0.013965921254508134,4.937631336517473,2022-02-27
3054.7463105108022,0.0,0.7544829538851853,780.0022863339752,0.00837955275270488,4.906085864870595,2023-02-27
1336.4621183064817,0.0,0.516609772331111,792.746513135343,0.03382773165162293,4.987514289587345,2021-03-27
1714.5193113785865,0.0,0.30860162186635526,787.6319521609743,0.020296638990973753,4.954665707095894,2022-03-27
1103.2863424840875,0.0,0.18393233422051747,794.025505032013,0.12257798339458427,5.0,2023-03-27
2171.3791975079357,0.0,0.1096441269830557,788.4825152312328,0.07354679003675055,4.962659406450081,2021-04-27
1123.111561253382,0.0,0.06536618044923279,783.2087320014903,0.04412807402205033,4.928015720195205,2022-04-27
1501.7160200726883,0.0,0.26825890904490485,778.1076045250618,0.026476844413230196,4.895054575009315,2023-04-27
1941.9849109771822,0.0,0.15989526727283407,794.4030654521489,0.07508610664793812,5.0,2021-05-27
2467.845320722789,0.0,0.9744949679869449,794.2347992712894,0.09625166398876289,5.0,2022-05-27
1370.9682808351808,0.0,0.5803303943302419,788.8150199904665,0.05775099839325773,4.963967495445559,2023-05-27
1900.8869023831153,0.0,0.3457675095473367,783.6133052928744,0.03465059903595463,4.9300938749404155,2021-06-27
2260.768161966206,0.0,0.20607290141909973,778.5538243372898,0.02079035942157278,4.897583158080465,2022-06-27
1148.8083943656736,0.0,0.5969345478511081,773.5913514426786,0.012474215652943668,4.865961402108062,2023-06-27
1216.505420619404,0.0,0.765200728710665,785.3776564370623,0.0346845293917662,4.941195946516742,2021-07-27
3204.1624400175706,0.0,0.4558117853773195,794.0382881175071,0.04321071763505972,4.996110352731639,2022-07-27
806.9098776992538,0.0,0.2716208226515801,793.0512448768808,0.24512643058103586,5.0,2023-07-27
988.5536131278785,0.0,0.16189779750411967,793.6272269261285,0.1726758583486215,5.0,2021-08-27
1830.1060347686275,0.0,0.0965114925031858,787.8499541919786,0.10360551500917291,4.960170168288303,2022-08-27
905.7486242002346,0.0,0.27249905909952316,793.4882016934063,0.19016330900550374,5.0,2023-08-27
1157.5485249506726,76.59755678872648,0.343257966823522,791.2563610160438,0.47089798540330224,5.0,2020-09-27
902.5564418546513,0.0,1.948755123119235,786.046034129385,0.28573879124198137,4.957852256350273,2021-09-27
1228.7848571127909,0.0,1.3727730738715411,792.2123859657758,0.3506432747451888,5.0,2022-09-27
954.5685371809823,0.0,0.8171025658616464,785.6047717795863,0.21038596484711328,4.951327412286099,2020-10-27
1134.3760285606047,0.0,1.5117983065937548,779.709258656739,0.12623157890826797,4.9100298236224145,2021-10-27
1020.3530931363629,0.0,3.7436389839562527,774.249223102682,0.07573894734496078,4.873182866604619,2022-10-27
1370.7876034357623,0.0,2.252474630308513,773.8478262255607,0.05184336840697647,4.0,2020-11-27
993.2874719290907,0.0,2.787614034224251,793.9056760724883,0.26310602104418584,4.0,2021-11-27
902.037843757818,0.0,1.6562867739033567,797.567799765859,0.16746361262651152,1.0,2022-11-27
1723.6356608043411,0.0,0.9854832992248417,797.9798514410685,0.12767816757590691,1.0,2020-12-27
2437.7438247843347,0.0,0.5868526874524504,797.2609969336465,0.09260690054554414,2.0,2021-12-27
1265.9661873455532,0.0,0.4013968771212766,795.3794054429944,0.07796414032732649,4.0,2022-12-27
3126.3821753383854,0.0,2.0943239275117196,797.8336319112708,0.1459784841963959,1.0,2021-01-28
2882.568194860635,0.0,1.3378763066292447,794.0238426303832,0.12278709051783754,5.0,2022-01-28
1650.6661262750918,0.0,1.0201485589314963,789.4418142559254,0.07367225431070253,4.0,2023-01-28
1919.6081526064002,0.0,0.7390030663534424,784.1610241666344,0.04420335258642152,4.934011339099533,2021-02-28
2031.6025053734547,0.0,0.6205945570055189,779.0533423336622,0.02652201155185291,4.901006401041465,2022-02-28
2791.9994128754197,0.0,1.1663680887292034,774.0610614009229,0.015913206931111746,4.869083389585389,2023-02-28
1309.9787337641742,0.0,0.9761573696168084,778.9616203876261,0.025547924158667044,4.900381633755768,2021-03-28
1661.0127241182893,0.0,0.5820283744578403,773.9744514277675,0.015328754495200226,4.868510127422663,2022-03-28
1087.3057619376625,0.0,0.3467787501913133,772.0102857482191,0.013997252697120136,4.8560903214235465,2023-03-28
2375.779674117141,0.0,0.20667543193076157,767.1207905498309,0.008398351618272081,4.825064285926369,2021-04-28
1095.2607179116808,0.0,0.12319754315386493,762.287871903728,0.005039010970963248,4.794504940936443,2022-04-28
1566.18720047261,0.0,0.19905937954107047,764.3710876309048,0.014223406582577949,4.8080491993983,2023-04-28
1924.9128600075705,0.0,0.1186588324360462,770.3236489862782,0.026134043949546774,4.8460692976931545,2021-05-28
2510.551864054406,0.0,0.10807535812491752,765.3890910852297,0.01568042636972806,4.814522806164239,2022-05-28
1373.3557662755927,0.0,0.06443091246182271,760.5338495632485,0.009408255821836837,4.783681819282685,2023-05-28
1836.6716516493916,0.0,0.038413705166368814,794.1919226197299,0.10164495349310211,5.0,2021-06-28
2354.672424812411,0.0,0.10873507342500786,793.7010735718379,0.16338697209586125,5.0,2022-06-28
1235.4481639448934,0.0,0.20136934693345485,793.9026441431027,0.13803218325751676,5.0,2023-06-28
1185.4920298306515,0.0,0.12003509488422144,793.8709464858616,0.14201930995451004,5.0,2021-07-28
3132.834825747294,0.0,0.07155970269846935,788.2370109838984,0.08521158597270603,4.961693415536635,2022-07-28
795.7648657732296,0.0,0.8080773802701618,794.0338607349101,0.12152695158362363,5.0,2023-07-28
1109.2830874639378,0.0,1.298926428162097,794.0768764409461,0.11611617095017418,5.0,2021-08-28
1815.1257524783628,0.0,1.0973558568972581,788.5641226589332,0.0696697025701045,4.962980477755913,2022-08-28
877.5236954870177,0.0,1.1290535141383549,794.3623955187406,0.0802018215420627,5.0,2023-08-28
1133.0324057734626,0.0,0.6722420864266531,796.4379468893859,0.07052109292523763,3.0,2020-09-28
998.8402183753265,0.0,0.9661392650898079,794.0912143867466,0.11431265575514257,5.0,2021-09-28
1206.028655025196,0.0,0.9231235590538848,793.6406486320479,0.17098759345308553,5.0,2022-09-28
994.2743073086184,0.0,0.5497733042569185,793.9427091792288,0.13299255607185131,5.0,2020-10-28
1226.9449638090705,0.0,0.6376044812593986,788.3509959928836,0.07979553364311079,4.96214193237018,2021-10-28
976.113745144022,0.0,0.5620531106141439,783.048719945704,0.047877320185866476,4.927193724955522,2022-10-28
1341.2054677712654,0.0,0.9087856132533835,779.8246400917515,0.028726392111519884,3.0,2020-11-28
982.1014486627593,0.0,1.35935136795203,779.65279921869,0.022035835266911927,3.0,2021-11-28
900.8986971976556,0.0,1.057290820771218,797.7438002057304,0.15722150116014716,1.0,2022-11-28
1670.0711355658789,0.0,0.6295712539750735,795.9676227814522,0.1295329006960883,3.0,2020-12-28
2494.4618199738907,0.0,0.37508232222410537,798.212827274063,0.09851974041765296,1.0,2021-12-28
1344.00746787586,0.0,0.22407985395249452,798.3998563644378,0.07511184425059178,1.0,2022-12-28
3256.34814108621,54.65076344107811,0.1718408730614072,793.8608791607936,0.39386710655035506,3.0,2021-01-29
2846.1657698251292,0.0,1.2561997942695757,789.9895514412008,0.23632026393021302,2.0,2022-01-29
1665.0855206357655,0.0,1.0323772185478237,786.8722440485758,0.1417921583581278,2.0,2023-01-29
1854.8130968170465,0.0,0.7871727259370472,781.2890426020266,0.08507529501487669,4.917951525303598,2021-03-29
1618.539122090228,0.0,0.6001436355622284,776.0096682758586,0.05104517700892601,4.883056516262666,2022-03-29
1078.3752527133254,0.0,3.13912083920633,775.8285619240582,0.0386271062053556,4.8813104267241165,2023-03-29
2538.276628561654,0.0,1.8713277195928928,770.8009491389411,0.02317626372321336,4.848928512025364,2021-04-29
1080.4187112837312,0.0,1.1173073926250083,765.8769274010984,0.013905758233928015,4.817505932118381,2022-04-29
1675.024462433059,0.0,0.6652499212456657,787.5153246690454,0.05154345494035681,4.955480796256865,2023-04-29
1929.3428701384196,0.0,0.3963178099053757,782.3513284982268,0.030926072964214086,4.9219707791815335,2021-05-29
2497.664826536315,0.0,0.29979592507626757,794.5472026319607,0.05695564377852846,5.0,2022-05-29
1369.6458816321283,0.0,0.17868427309183632,789.3114559539098,0.03417338626711707,4.965920016449754,2023-05-29
1774.7285384348656,0.0,0.10651580572425806,794.5189929475058,0.06050403176027024,5.0,2021-06-29
2334.702203645427,0.0,0.406121935796174,789.2666223123726,0.03630241905616215,4.965743705921911,2022-06-29
1293.5057215828915,0.0,0.2420253916370695,784.1628666576867,0.021781451433697283,4.93291638945233,2023-06-29
1143.4928777628334,0.0,0.45279736803930126,794.6544224766612,0.043468870860218375,5.0,2021-07-29
3093.025352662361,0.0,0.26982666160105584,794.6781734859968,0.04048132251613102,5.0,2022-07-29
793.66885599462,0.0,0.48100705249414843,789.5196235219638,0.02428879350967861,4.96673858428748,2023-07-29
1180.6566328898296,0.0,0.2866269292112242,784.4707861182727,0.014573276105807168,4.9344976470122734,2021-08-29
1784.2872133754488,0.0,0.17083926523371898,779.4996785604563,0.0087439656634843,4.902942413239205,2022-08-29
859.3527408948379,0.0,0.3455775233387361,782.4365786095752,0.01804637939809058,4.921872991002852,2023-08-29
1178.4005525369028,0.0,0.3218265140032416,794.125278770271,0.11002782763885435,5.0,2020-09-29
1055.6470396727836,0.0,0.19181137974559623,794.3352472621626,0.0836166965833126,5.0,2021-09-29
1187.233188793177,0.0,0.11433975667885142,793.7361883572976,0.15897001794998758,5.0,2022-09-29
1023.1239403728906,0.0,0.06816514457713309,793.7965130143785,0.15138201076999255,5.0,2020-10-29
1327.2330429158967,0.0,0.1412269598783152,788.1187919785552,0.09082920646199552,4.961228206339866,2021-10-29
942.4765130452695,0.0,0.874721229728892,782.7662287095178,0.054497523877197314,4.92574244986597,2022-10-29
1347.1540398271618,0.0,0.6647527378373351,780.5109297523682,0.03269851432631839,2.0,2020-11-29
974.6312398962971,0.0,1.2638116427024013,780.3078477659539,0.02601910859579103,4.0,2021-11-29
913.1189639377783,0.0,1.2034869856214407,797.5945245080434,0.050811465157474624,2.0,2022-11-29
1621.2210189050609,0.0,0.7164928294833638,798.513513836035,0.06088687909448477,1.0,2020-12-29
2434.070797696296,0.0,0.4268208191714472,797.1722176228956,0.10373212745669086,2.0,2021-12-29
1576.2700041135772,0.0,0.25529895714963746,797.1075225737374,0.11183927647401452,2.0,2022-12-29
3191.9416196884517,0.0,0.2030819864142869,796.0698725799012,0.11670356588440871,3.0,2021-01-30
3219.1046541681635,0.0,0.4054754919566475,790.5404946265684,0.07002213953064522,4.975436703624383,2022-01-30
1615.7875132393701,0.0,0.4864861639649333,794.5260743944389,0.05961328371838713,5.0,2023-01-30
1797.8686150205388,0.0,0.8277823771043931,789.2778767412675,0.03576797023103228,4.965787964965243,2021-03-30
1599.5456058123232,0.0,0.8924774262626359,784.1765634635738,0.021460782138619367,4.932986729632923,2022-03-30
1068.757608307084,0.0,0.9301274200987374,790.9466707694248,0.03207646928317163,4.976103521647336,2023-03-30
2592.479850062253,0.0,0.5539412497084573,794.6561952415193,0.04324588156990298,5.0,2021-04-30
1061.466836764727,0.0,0.47392560556117774,789.4846890852997,0.025947528941941786,4.966601220259496,2022-04-30
1775.4180482349752,0.0,0.28240968820614737,784.4282669117317,0.015568517365165072,4.934279306783123,2023-04-30
1941.4520775658518,0.0,0.1683265480607906,779.4527738974036,0.009341110419099042,4.902676668198323,2021-05-30
2415.3387207966266,0.0,0.25378917250158467,774.5377813697712,0.005604666251459425,4.871579836858773,2022-05-30
1360.9302340447086,0.0,0.34380475848072867,769.671036870094,0.0033627997508756547,4.84086113356107,2023-05-30
1734.1861691955662,0.0,0.20490493596016898,794.2589194451883,0.0932176798505254,5.0,2021-06-30
2348.500821436767,0.0,0.1221428667848421,788.853343818141,0.05593060791031524,4.9641182465324265,2022-06-30
1298.64489389421,0.0,0.07281634612978201,786.6024168128627,0.03835836474618914,4.949083398863381,2023-06-30
1099.9449007871576,0.0,0.04341269077366279,793.2761286105113,0.04221501884771348,4.991265105080391,2021-07-30
3064.8010008611986,0.0,0.025883366116200863,788.1184796126232,0.025329011308628087,4.957975803815695,2022-07-30
788.7689184715899,0.0,0.7410805548116769,792.7931006160578,0.27759740678517686,5.0,2023-07-30
1316.3642387734378,0.0,0.4414573805149224,793.3960203696347,0.2017584440711061,5.0,2021-08-30
1766.5785670654525,0.0,0.3018436064149285,787.4828519507101,0.12105506644266366,4.958725127310217,2022-08-30
858.8757696326803,0.0,0.33502309727099633,793.9264873330685,0.1350330398655982,5.0,2023-08-30
1240.4417222149614,0.0,0.199673194072376,793.6944523998411,0.16421982391935894,5.0,2020-09-30
1139.529864476351,0.0,2.206899383942156,793.3262714399046,0.21053189435161535,5.0,2021-09-30
1172.0203826858105,0.0,1.6039796303652936,787.372122614918,0.1263191366109692,4.958289196499404,2022-09-30
1038.6462767978721,0.0,0.9544432916143362,795.6818298887264,0.16539148196658152,3.0,2020-10-30
1454.4484857668917,0.0,1.0735126669315056,794.3822502821276,0.20323488917994892,4.0,2021-10-30
928.3527154601351,0.0,1.3055476001589037,788.4547383183213,0.12194093350796933,4.964889064263297,2022-10-30
1327.338669276081,0.0,1.673728560095342,786.8786005230065,0.0731645601047816,1.0,2020-11-30
958.4734806842141,0.0,0.9958596284871883,798.1378890988577,0.10789873606286896,1.0,2021-11-30
938.9564445945826,0.0,1.3181701112736548,795.4337316365637,0.07113924163772137,4.0,2022-11-30
1550.1670872601917,0.0,1.6177497178723934,797.5955453110386,0.05068354498263282,2.0,2020-12-30
2358.9802294646115,0.0,0.9626228995430421,796.5315991866231,0.1840101269895797,2.0,2021-12-30
2030.709717126018,0.0,0.576137795314859,798.0027994512119,0.12480607619374783,1.0,2022-12-30
3070.938794265971,0.0,0.862110901142323,792.4214432004272,0.0748836457162487,4.987517496570074,2021-01-31
4085.5903281089213,0.0,0.5662683634362621,796.6710891043106,0.16653018742974923,2.0,2022-01-31
1613.7557864856171,0.0,0.4044546889614099,795.8368301773031,0.10471811245784952,3.0,2023-01-31
1736.8261406913705,0.0,1.468400813376846,790.3659439995118,0.06283086747470971,4.973980188608145,2021-03-31
1594.0816204664698,0.0,0.9972005487880451,795.2923677769408,0.08889852048482584,4.0,2022-03-31
1064.7007629410825,0.0,0.5938387542146247,792.6170740572874,0.2997391122908955,5.0,2023-03-31
2543.8635742613365,0.0,1.328910895689399,786.2466565031233,0.1798434673745373,4.953856712858046,2021-05-31
2283.0011200879567,0.0,0.8342589270074265,780.4895095001602,0.10790608042472236,4.91404160314452,2022-05-31
1330.9553700908054,0.0,0.4969059891831092,775.1092909167294,0.06474364825483342,4.878059434376001,2023-05-31
1695.8144873896003,0.0,0.7076322230592137,793.8007727978245,0.15084618895290003,5.0,2021-07-31
2947.347487051306,0.0,2.3829259427126193,788.1255573579527,0.09050771337174003,4.9612548299864025,2022-07-31
780.1180767151103,0.0,1.4165608413060595,792.3804382072168,0.32950462802304403,5.0,2023-07-31
1394.2676395898459,0.0,0.8431053998185575,785.8712933274644,0.1977027768138264,4.952377738795105,2021-08-31
1751.9348352766967,0.0,0.5021591490548043,780.0332104578471,0.11862166608829584,4.911695583296653,2022-08-31
877.4663431218493,0.0,1.1992272021755552,791.2725878243612,0.0983729996529775,4.981457565361545,2023-08-31
1317.5138665184027,0.0,0.7139606098853466,785.8630139970894,0.05902379979178649,4.945453673902257,2020-10-31
1586.352627523866,0.0,2.6195617927832,794.1714964749932,0.1042142798750719,5.0,2021-10-31
921.8882520698138,0.0,1.5567671409573258,788.7144442088074,0.06252856792504313,4.963571852968707,2022-10-31
1282.0634291933725,0.0,0.9263872863205851,797.4707892167748,0.06631714075502587,2.0,2020-12-31
2295.257290307906,0.0,0.779165068124327,796.5681034329094,0.05419028445301552,3.0,2021-12-31
2500.6394138851438,139.76911754779806,0.4641201533694592,795.1223397763323,0.4853141706718093,1.0,2022-12-31
