Q,Qq,Qb,soil,wetness,Et,date
0.0,0.0,0.0,0.0,0.0,0.0,2020-09-21
21.636,0.0,0.0,0.0,0.0,0.0,2020-09-22
11.700000000000001,0.0,0.0,0.0,0.0,0.0,2020-09-23
20.421000000000003,0.0,0.0,165.51281490000002,0.2672,1.04375,2020-09-24
21.519000000000002,0.0,0.0,225.50410880750422,0.25952,1.4219550931250002,2020-09-25
18.342,0.0,0.0,255.36523126897666,0.20691199999999998,1.6094006800469014,2020-09-26
11.151000000000002,0.0,0.0,314.67730238046914,0.2233472,1.983532695431104,2020-09-27
20.529,0.0,0.0,350.98657889904234,0.19640832,2.0,2020-09-28
15.010919835000003,0.0,0.4434351,362.19673660378515,0.14024499199999998,2.281166118119015,2020-09-29
19.43473834946518,0.0,0.586750999370802,370.48691376224315,0.10174699519999998,2.332479603773657,2020-09-30
18.450055329708583,0.0,0.5294768584806845,394.59083744072774,0.10424819711999998,2.4842932110140197,2020-10-01
21.379736764114984,0.0,0.704396193076454,469.741642722121,0.188948918272,2.959942734004548,2020-10-02
28.208114959212782,0.0,0.6907234814267995,469.19406793799595,0.1165693509632,2.0,2020-10-03
20.70937475056745,0.0,0.5086761771381728,526.98125025034,0.16914161057792002,3.3199629246124744,2020-10-04
31.43374175210307,0.0,0.3773432377683173,524.140499825226,0.103084966346752,3.2998828140646252,2020-10-05
17.1710156439262,0.0,0.4117831105014109,682.6018354495772,0.32585097980805117,4.307128123907662,2020-10-06
18.243697120378137,33.66832933466276,0.8892519846021888,791.1815308263156,0.4803105878848307,5.0,2020-10-07
39.156438566506296,0.0,0.5475747841250502,793.9252827687347,0.38578635273089845,3.0,2020-10-08
30.395926548586907,0.0,0.8928547630434175,792.4093190974736,0.32587181163853907,5.0,2020-10-09
26.50573746939196,0.0,0.5408676110493628,792.6696714584841,0.2931230869831234,5.0,2020-10-10
36.420805813980074,0.0,2.2315362517412587,792.4824428750906,0.3166738521898741,5.0,2020-10-11
36.89669879763175,0.0,3.8184691736844045,792.7135457250542,0.28760431131392444,5.0,2020-10-12
32.94350964657547,0.0,3.074717231265261,787.3791237216166,0.17416258678835464,4.960709660781589,2020-10-13
28.69807876714743,0.0,2.5906809025263855,781.6403547379698,0.10449755207301278,4.921119523260104,2020-10-14
24.201779260288458,0.0,2.330328541515831,776.2680884802155,0.06269853124380767,4.885252217112312,2020-10-15
16.683923556173074,0.0,2.5175571249094992,771.1262128708067,0.0376191187462846,4.851675553001346,2020-10-16
21.347486133703846,0.0,2.2864542749456995,766.1337073497634,0.022571471247770758,4.819538830442543,2020-10-17
21.570655491257643,0.0,1.3737123426560474,761.2422635678286,0.013542882748662456,4.788335670936021,2020-10-18
17.03000204132864,0.0,0.8176494603866341,758.168518975188,0.009725729649197472,4.0,2020-10-19
22.832961934545626,0.0,0.4870140406419102,755.1244515860571,0.005835437789518483,3.0,2020-10-20
18.62467004794631,0.0,0.29020005640741786,794.043604961744,0.1203012626737111,5.0,2020-10-21
19.218021687010655,0.0,0.17296669060076922,793.9046429770464,0.13778075760422667,5.0,2020-10-22
25.755641894349008,0.0,0.10310811099883198,789.2708216871689,0.084268454562536,4.96815401860654,2020-10-23
21.66268290374448,0.0,0.07374459264056235,783.9413094060889,0.05056107273752159,4.932942635544806,2020-10-24
27.397457280761202,0.0,0.04406738913082518,795.6360409501692,0.171136643642513,3.0,2020-10-25
22.493935782517603,0.0,0.9563950382560032,793.6748782098252,0.16668198618550778,5.0,2020-10-26
21.595053469510564,0.0,1.095357022953602,793.9759669258951,0.12880919171130467,5.0,2020-10-27
28.726817180580213,0.0,0.665667271270835,794.016700155537,0.1236855150267828,5.0,2020-10-28
26.086084198704942,0.0,0.3965696455352258,793.5832200933222,0.17821130901606966,5.0,2020-10-29
34.8463651923562,0.0,1.3639590498308285,794.1681907881392,0.2301267854096418,4.0,2020-10-30
29.17035352164857,0.0,1.325121790174787,793.418935233596,0.19887607124578507,5.0,2020-10-31
24.144428112989143,0.0,1.024033074104872,794.8591278837301,0.14332564274747106,4.0,2020-11-01
32.57880486779349,0.0,0.9832998444629232,794.9970767302381,0.12599538564848262,4.0,2020-11-02
29.869262920676093,0.0,1.416779906677754,790.4114478436576,0.07719723138908957,4.974981729563988,2020-11-03
25.740037830081636,0.0,1.8318092118607485,794.4918492062741,0.06391833883345374,5.0,2020-11-04
21.026905051443393,0.0,1.5810647664039916,789.2234839008976,0.038351003300072246,4.9655740575392135,2020-11-05
26.331741298829392,0.0,1.1408721162698698,784.1103670836198,0.023010601980043344,4.9326467743806095,2020-11-06
24.477484779297633,0.0,1.0029232697619217,779.1020967868886,0.013806361188026006,4.900689794272624,2020-11-07
23.62205008346402,0.0,0.6106471570164943,774.1685726634528,0.008283816712815605,4.869388104918054,2020-11-08
25.199928174667065,0.0,0.5081507937259573,769.2917811510875,0.0049702900276893626,4.83855357914658,2020-11-09
19.751372560661643,0.0,0.30279124783722877,764.4609092844063,0.0029821740166136174,4.808073632194297,2020-11-10
18.198399536462563,0.0,0.18047004289713284,760.4473023238204,0.0017893044099681703,4.0,2020-11-11
24.688443427089823,0.0,0.10758050245861914,789.0440527308433,0.05547358264598091,4.965295639523878,2020-11-12
5.9315156157402,0.0,0.06413601851788203,796.5434453277869,0.05728414958758855,3.0,2020-11-17
9.149502243235784,0.0,0.03823793321856794,791.2929840105076,0.03437048975255313,4.9783965332986675,2020-11-18
32.644378499313845,0.0,0.022798234486872876,795.5047105409418,0.06222229385153187,4.0,2020-11-19
14.069565916498023,0.0,0.01360696058590993,797.4467196570389,0.06933337631091913,2.0,2020-11-20
29.19926086043519,0.0,0.43795395345316174,796.1153976162855,0.04160002578655147,1.0,2020-11-21
19.47707147138112,0.0,0.45655467221308077,794.1782878769982,0.1033600154719309,5.0,2020-11-22
20.400255066383597,0.0,0.2720647839807018,788.7252341325369,0.06201600928315853,4.963614299231239,2020-11-23
25.539996040199465,0.0,0.4952894590581937,785.4328688720531,0.03720960556989512,3.0,2020-11-24
15.023288291516966,0.0,0.5532803429611346,780.3496555198606,0.022325763341937067,4.908955430450332,2020-11-25
19.811623734640452,0.0,0.33132204075347144,779.245258064042,0.013395458005162241,1.0,2020-11-26
23.33345530455157,0.0,0.8217121230018506,797.1059425470713,0.11203727480309734,2.0,2020-11-27
25.481023528445533,0.0,0.48943944523003724,794.5587318340943,0.0688223648818584,3.0,2020-11-28
23.198510471411275,0.0,0.2923652604838519,791.231870170888,0.04129341892911504,3.0,2020-11-29
25.033119233480868,0.0,0.17425792174219795,790.0360819168914,0.024776051357469027,1.0,2020-11-30
19.94273783744576,0.0,0.10439745581853951,793.7292855787167,0.2852656308144814,4.0,2020-12-01
37.71394883498941,0.0,0.8940574529287169,796.3000787486516,0.17915937848868885,1.0,2020-12-02
30.471129106030524,0.0,0.5472107129770848,798.0132699395252,0.1234956270932133,1.0,2020-12-03
21.121832413725308,0.0,0.3268616632062428,796.9362869374777,0.133297376255928,2.0,2020-12-04
18.058420015897134,0.0,0.1957882539966272,792.3021089779564,0.07997842575355679,4.0,2020-12-05
20.677107258090782,0.0,2.270714421283272,789.9228662666818,0.047987055452134074,2.0,2020-12-06
25.865825805555325,0.0,1.4292068300650866,798.2969420561625,0.08799223327128045,1.0,2020-12-07
24.724720551403557,0.0,0.9867300604747743,797.0424371870971,0.11999533996276827,2.0,2020-12-08
25.44715610314396,0.0,1.0637130625223055,796.455836238812,0.07359720397766095,1.0,2020-12-09
21.023051265593107,0.0,0.6341779595213006,794.0923065760468,0.04575832238659658,3.0,2020-12-10
24.10935630458344,0.0,0.37924271127463705,792.874563135367,0.027454993431957946,1.0,2020-12-11
22.755599252261902,0.0,0.7030579438375307,798.5487807614871,0.05647299605917476,1.0,2020-12-12
20.685928390967458,0.0,0.9575628129028909,796.500410132845,0.06268379763550486,3.0,2020-12-13
31.152610806042347,0.0,0.586600948285108,797.2785259769212,0.09041027858130292,2.0,2020-12-14
29.100000213350494,0.0,0.3635296627652874,797.5160435861527,0.06064616714878175,2.0,2020-12-15
15.521081924577846,0.0,0.2177434406798174,793.2273013464653,0.03638770028926905,4.0,2020-12-16
19.301536352735884,0.0,0.4512192385128063,795.2530923434184,0.09383262017356142,4.0,2020-12-17
21.538651387081728,0.0,0.4995898671549737,790.8076202381683,0.05629957210413685,4.0,2020-12-18
21.304252919616978,0.0,0.7214740230787973,788.541163049217,0.033779743262482106,2.0,2020-12-19
23.217362951770188,0.0,0.48395641384727833,787.3563441022208,0.023467845957489263,3.0,2020-12-20
24.266430903734285,0.0,0.2887422396873948,786.2456195649143,0.014080707574493556,1.0,2020-12-21
35.62093684807763,84.45065339983313,0.7469076565815489,795.7876330878879,0.40204842454469614,1.0,2020-12-22
50.58965128946258,0.0,0.4454721052500954,796.2671878527327,0.34202905472681766,1.0,2020-12-23
63.08387213300264,116.92383522393993,0.2664571889513481,793.323580885968,0.5860174328360906,2.0,2020-12-24
45.92209610494678,0.0,0.18481894699620957,793.0738207407749,0.36761045970165435,4.0,2020-12-25
44.64411585671054,0.0,0.11072453730651201,797.1098354561902,0.23656627582099263,1.0,2020-12-26
32.07051187529531,0.0,3.2123669121121226,797.8404818760592,0.2699397654925956,0.0,2020-12-27
28.34809522967944,1.9520490450225907,2.7328121472672735,794.6646484028214,0.4179638592955573,2.0,2020-12-28
38.50795624692721,0.0,4.6764191140320035,793.9428808248487,0.38357831557733435,3.0,2020-12-29
50.58325237034139,0.0,2.9261792592251683,795.8314590250158,0.27174698934640057,2.0,2020-12-30
38.23663986223828,0.0,1.8901645438097312,795.5347298969455,0.18384819360784035,3.0,2020-12-31
33.45259040534965,0.0,2.1595181239407646,792.6593903370057,0.11030891616470422,2.0,2021-01-01
25.326048857601766,0.0,3.3353515971785472,792.0967182968544,0.07098534969882252,3.0,2021-01-02
20.58955129887865,0.0,3.057119175151355,789.7602065457893,0.04259120981929351,2.0,2021-01-03
19.762259828736635,0.0,2.1685409749842766,794.4808107736828,0.03515472589157611,1.0,2021-01-04
30.963479587596318,0.0,1.4652701030544875,793.313443171265,0.021092835534945665,1.0,2021-01-05
23.748038625948855,0.0,0.8753395599398336,793.1876577611768,0.0158557013209674,2.0,2021-01-06
24.21127123412859,0.0,0.562672040151278,797.6687229020752,0.04151342079258044,2.0,2021-01-07
16.58503498840539,0.0,0.3365117510651657,795.8323308217699,0.1465080524755483,3.0,2021-01-08
30.08148640629052,0.0,0.27939577210649635,791.1362719457147,0.08790483148532897,4.0,2021-01-09
20.32026246205517,0.0,0.16736760241784635,797.4386636668482,0.07034289889119738,2.0,2021-01-10
22.759917598575072,0.0,0.1257854100883182,796.1025208405001,0.042205739334718426,1.0,2021-01-11
26.78658553323607,0.0,0.33127709792479193,794.0026493889374,0.2509234436008311,4.0,2021-01-12
36.137518801495595,0.0,1.1676691782301198,793.586855174024,0.1777540661604986,5.0,2021-01-13
27.402650044646943,0.0,0.6960588760552294,794.6746954346639,0.11465243969629917,3.0,2021-01-14
26.154135883178995,0.0,0.561336333151755,793.1287149937232,0.06879146381777951,1.0,2021-01-15
28.194721402395924,0.0,0.33614282634814474,791.8017648307041,0.0412748782906677,1.0,2021-01-16
24.917748019403227,0.0,1.9973506110626156,795.3571111812838,0.08076492697440062,4.0,2021-01-17
15.763173102079568,0.0,1.4131448259759638,797.4090095296466,0.07405895618464038,2.0,2021-01-18
19.432335778456068,0.0,0.9121597393600809,796.7145773640508,0.28603537371078425,1.0,2021-01-19
37.571083374799684,0.0,0.5459804409408086,796.1325106306728,0.23402122422647056,2.0,2021-01-20
37.27690763856623,0.0,0.32695016301908925,794.6275946330944,0.17241273453588232,4.0,2021-01-21
32.451455495908796,0.0,0.6428888187162289,793.0582312562639,0.24424764072152944,5.0,2021-01-22
34.459341899800414,0.0,0.5909904703534303,789.8736327529175,0.14974858443291764,4.0,2021-01-23
28.65460924055679,0.0,2.2854226359491663,788.1269705597382,0.09464915065975057,4.0,2021-01-24
24.82536596392815,0.0,1.8674893693272352,782.7564010365509,0.056789490395850344,4.925793565998363,2021-01-25
21.85754456186978,0.0,1.3724053669056233,795.3212213938695,0.0852736942375102,4.0,2021-01-26
31.53950343217574,0.0,1.941768743736159,797.4384935519907,0.07036421654250612,2.0,2021-01-27
25.801908727844385,0.0,1.1845985033463313,798.1385299458952,0.10781852992550367,1.0,2021-01-28
36.38266286420245,0.0,0.7466621931793563,793.3963547010758,0.32709111795530227,4.0,2021-01-29
47.2320595636107,0.0,0.4447759571890467,792.7864733838221,0.20265467077318136,3.0,2021-01-30
44.28096181521099,0.0,0.6787786061305813,786.873611455197,0.12159280246390881,4.954915458648888,2021-01-31
28.44928048080782,0.0,0.5615064480091988,797.2390616618028,0.09535568147834529,2.0,2021-02-01
31.97124954598906,0.0,0.8614700541047743,797.4668289970817,0.06681340888700717,2.0,2021-02-02
35.99009850408557,0.0,2.603645298924206,797.6953285177957,0.1632880453322043,1.0,2021-02-03
47.655399119665574,0.0,1.6098813172536193,792.7583160237654,0.2819728271993226,5.0,2021-02-04
57.21725449947985,0.0,0.9579464699762912,795.5495899403328,0.18198369631959355,3.0,2021-02-05
44.80079758746762,0.0,0.7609383381971955,797.0265180620218,0.12199021779175612,2.0,2021-02-06
42.195195352480575,0.0,0.5331710029183172,796.8413508372131,0.14519413067505366,2.0,2021-02-07
30.529970759873663,0.0,1.3046714822043124,796.0888976671118,0.1143164784050322,3.0,2021-02-08
23.424431379799426,0.0,2.241683976234615,794.327510398008,0.08458988704301931,5.0,2021-02-09
31.535848550717088,0.0,1.4504100596671607,788.9623307145313,0.050753932225811586,4.96454693998755,2021-02-10
22.949459647281483,0.0,0.9734819379782139,783.7925601138695,0.030452359335486952,4.93101456696582,2021-02-11
28.04785178836889,0.0,1.1586491627869282,778.7515416795231,0.01827141560129217,4.898703500711685,2021-02-12
26.460436982954892,0.0,0.9111023328881066,773.7995047691071,0.010962849360775304,4.86719713549702,2021-02-13
24.835616161693206,0.0,0.6724896019920036,768.9126776941406,0.006577709616465182,4.836246904806919,2021-02-14
18.55653783196577,0.0,0.40063274348914163,776.7577098297622,0.019946625769879107,2.0,2021-02-15
23.458942628641605,0.0,0.23875603369600437,794.2561345950777,0.09356797546192748,5.0,2021-02-16
33.96096769358952,0.0,0.14231493363472278,794.4264807570466,0.07214078527715648,5.0,2021-02-17
30.64511380868114,0.0,0.08483977491898492,789.1196010969456,0.04328447116629389,4.965165504731541,2021-02-18
36.29499314463568,0.0,0.05058017015962403,793.7759330725368,0.15397068269977632,5.0,2021-02-19
28.166722684721638,0.0,0.15496786437839727,788.0861073402157,0.09238240961986578,4.961099581703355,2021-02-20
34.09428559418398,0.0,0.7438654049223236,782.7264676063445,0.05542944577191947,4.925538170876348,2021-02-21
32.10449135651039,0.0,0.5735192429533941,777.5757375965981,0.033257667463151674,4.892040422539653,2021-02-22
16.51745703206402,0.0,0.3417141553694329,772.561696868093,0.019954600477891007,4.859848359978738,2021-02-23
34.77245688834374,0.0,1.2240669274632219,767.6412674086346,0.011972760286734604,4.828510605425581,2021-02-24
22.615417228025102,0.0,0.7287261506177639,762.7887094324783,0.007183656172040762,4.797757921303966,2021-02-25
26.25298632854556,0.0,0.43410156299477476,757.9886078130457,0.004310193703224457,4.767429433952989,2021-02-26
24.843886149125694,0.0,0.25868958720670043,753.2316990632819,0.0025861162219346745,4.7374287988315364,2021-02-27
32.8820635132474,0.0,0.15419236852635018,748.5123863237683,0.0015516697331608045,4.707698119145512,2021-02-28
30.084131025928002,0.0,0.09191885403293885,743.8272587993068,0.0009310018398964826,4.678202414523552,2021-03-01
22.087580046624453,0.0,0.05480005485229898,739.1742093734526,0.0005586011039378895,4.648920367495667,2021-03-02
18.62177135765766,0.0,0.032672185479597875,734.5519086275748,0.0003351606623627337,4.619838808584079,2021-03-03
12.625557958292541,0.0,0.01947995093240079,731.5504375030413,0.00020109639741764025,3.0,2021-03-04
18.66687242731288,0.0,0.011614620368094457,726.977370112408,0.00012065783845058414,4.572190234394008,2021-03-05
27.824886343447275,0.0,0.006925109937974056,722.4332385454289,7.239470307035049e-05,4.54360856320255,2021-03-06
32.61950969960477,0.0,0.004129058358549847,718.4329264808631,4.343682184221029e-05,4.0,2021-03-07
23.393092646699728,0.0,0.002461937293799623,713.9425346219411,2.6062093105326172e-05,4.490205790505394,2021-03-08
22.735250455853468,0.0,0.0014711245334900402,785.0306699267192,0.1232156372558632,4.9433908413871315,2021-03-09
23.445745582803287,0.0,0.0008771562391602925,779.5474872161494,0.07392938235351793,4.906441687041995,2021-03-10
26.00144455321007,0.0,0.0005230037765535112,793.8841568461737,0.14035762941211075,5.0,2021-03-11
33.111265254881,0.0,0.00031206456588219963,790.2185103339557,0.08741457764726646,4.974275980288586,2021-03-12
28.984030583098015,4.898724249439169,0.0001860684165850198,792.2934324646226,0.3404487465883599,5.0,2021-03-13
27.373202775759612,0.0,0.9684738538348382,793.2488594787735,0.22026924795301595,5.0,2021-03-14
31.144229869998583,0.0,0.5767410235277418,793.3005956872641,0.21376154877180956,5.0,2021-03-15
34.91446668075234,0.0,1.1158431538262805,793.8913174123585,0.1394569292630857,5.0,2021-03-16
39.485664952140006,0.0,0.6913705319294118,793.4698304474151,0.1924741575578514,5.0,2021-03-17
42.35958240507084,0.0,2.706567535377461,787.6000364755348,0.11548449453471085,4.959186440296344,2021-03-18
34.9594694430425,0.0,1.7511405212264768,794.0675389610694,0.11729069672082651,5.0,2021-03-19
40.0184936658255,0.0,1.6994043127358862,788.5492890607923,0.0703744180324959,4.962922118506684,2021-03-20
32.694380199495306,0.0,1.1086825876415314,794.409914025985,0.07422465081949753,5.0,2021-03-21
24.14264411969718,0.0,1.5301695525849186,789.0932744524088,0.04453479049169851,4.965061962662406,2021-03-22
23.283016401846414,0.0,0.9106075315840144,783.9519066940314,0.02672087429501911,4.931832965327555,2021-03-23
18.990591883090985,0.0,0.9324610389305708,778.9273055405943,0.016032524577011466,4.899699416837697,2021-03-24
15.493028614504935,0.0,0.5553277817705102,773.9845491603656,0.009619514746206878,4.868295659628714,2021-03-25
28.113573077912758,0.0,0.5900859740150053,771.0654617728748,0.008971708847724127,4.849903432252286,2021-03-26
26.920840969276814,0.0,0.3515776109139,783.8657619805854,0.03418302530863448,4.931659136080468,2021-03-27
30.148104574092304,0.0,0.20953479304977277,780.768938194186,0.023709815185180685,4.911661012378659,2021-03-28
28.19516647610955,0.0,0.12490173659946639,776.7599337069915,0.01582588911110841,4.886055863713662,2021-03-29
21.420291612509864,0.0,0.07446072059984243,771.8318876062336,0.009495533466665046,4.8547495856686975,2021-03-30
29.14680636195286,0.0,0.06918395523865525,766.9642394114102,0.005697320079999027,4.82394929753896,2021-03-31
24.87883455777756,0.0,0.26804065620889334,762.1446589320464,0.003418392047999416,4.793526496321314,2021-04-01
23.062388357917555,0.0,0.18516277402065118,757.3657206573685,0.0020510352287996495,4.7634041183252895,2021-04-02
25.907506329958682,0.0,0.1229486234808034,752.6229228525066,0.0012306211372797896,4.733535754108552,2021-04-03
28.82630203782579,0.0,0.07329651508916264,747.9135071548777,0.0007383726823678737,4.703893267828166,2021-04-04
22.81614406269178,0.0,0.04369889728444781,748.1446263741494,0.008443023609420723,4.705709419717985,2021-04-05
13.630145885586098,0.0,0.026053983042469857,787.5800493665085,0.07706581416565245,4.957153914838434,2021-04-06
19.597204032899675,0.0,0.01553415635255426,793.5003160664298,0.18863948849939147,5.0,2021-04-07
35.23387274314038,0.0,0.009262050753390228,793.9729896398579,0.12918369309963487,5.0,2021-04-08
32.19769406533059,0.0,0.005522429800684161,788.3990945900839,0.07751021585978092,4.962331185249112,2021-04-09
21.464695656858762,0.0,0.06317136101030639,783.1072379317641,0.04650612951586854,4.927494341188025,2021-04-10
28.497309628882082,0.0,0.6074230928024458,793.0100857622093,0.25030367770952117,5.0,2021-04-11
37.81473134353464,0.0,1.4996839335701622,788.8294899888342,0.15338220662571264,4.968813036013808,2021-04-12
29.27695880612078,0.0,1.0270103601420972,794.0394068743954,0.12082932397542759,5.0,2021-04-13
23.73982928484612,0.0,0.611563864524846,788.5045989846533,0.07249759438525655,4.962746292964971,2021-04-14
23.49370796956203,0.0,0.3643623171317994,785.1970982171568,0.04669855663115393,4.940653743654083,2021-04-15
24.31742710212209,0.0,1.9899142377906933,780.0709859602717,0.028019133978692354,4.90748186385723,2021-04-16
28.70501532675711,0.0,1.2117827373613033,775.0652204514641,0.016811480387215413,4.875443662251699,2021-04-17
25.63850415676395,0.0,0.9605931256046494,770.1433714858936,0.010086888232329245,4.844157627821651,2021-04-18
23.445252357260497,0.0,0.5720615967770529,765.2836566265696,0.006052132939397548,4.813396071786834,2021-04-19
23.738819970265954,0.0,0.36684702384229506,760.473017867037,0.0036312797636385286,4.78302285391606,2021-04-20
21.39883583407368,0.0,0.21863039302785559,755.7035961195701,0.0021787678581831173,4.752956361668981,2021-04-21
19.3437735695726,0.0,0.13032184655599982,750.9706313714411,0.0013072607149098702,4.723147475747313,2021-04-22
36.966037637086544,0.0,0.07769133774887924,746.2712114532331,0.0007843564289459221,4.6935664460715065,2021-04-23
20.226370969406553,0.0,0.04631878753712031,741.6035262762641,0.0004706138573675533,4.664195071582707,2021-04-24
26.40247351977405,0.0,0.02761590561652913,736.9664232714943,0.00028236831442053195,4.635022039226651,2021-04-25
23.63899557792823,0.0,0.016465385797920645,732.3591423538458,0.00016942098865231918,4.606040145446839,2021-04-26
26.47734468152451,0.0,0.009817272381774588,727.7811579049624,0.0001016525931913915,4.577244639711536,2021-04-27
26.545975451316018,0.0,0.0058534721364910695,723.232084557286,6.0991555914834896e-05,4.548632236906014,2021-04-28
32.23196658957836,0.0,0.0034901053863021078,772.6872870573029,0.0880365949335489,4.863950528483038,2021-04-29
18.568768820711743,0.0,0.0020809655432243294,793.486145442167,0.19042195696012934,5.0,2021-04-30
26.97405465637135,0.0,0.001240772201590062,793.8500072653002,0.1446531741760776,5.0,2021-05-01
29.016628837796034,0.0,0.0007398091718039377,794.1828043591801,0.10279190450564654,5.0,2021-05-02
29.088374944154744,0.0,0.0004411107702871053,794.433362615508,0.07127514270338793,5.0,2021-05-03
36.44371992577507,0.0,0.6808469715000829,794.0494575693049,0.11956508562203277,5.0,2021-05-04
23.363776374158075,0.0,1.5138545578330282,793.7046345415829,0.16293905137321965,5.0,2021-05-05
24.422493824494843,0.0,1.1499927346998169,794.0319807249498,0.12176343082393179,5.0,2021-05-06
27.955616294696906,0.0,0.81719564081989,792.4141432568586,0.07945805849435908,4.987699879530936,2021-05-07
24.655641776818143,0.0,0.5666373844919341,787.0861338637736,0.047674835096615444,4.952588395355367,2021-05-08
29.85096106609089,0.0,0.9505424306951606,794.3401110365892,0.08300490105796927,5.0,2021-05-09
21.77406063965453,0.0,1.2953654584170964,794.1843066219535,0.10260294063478156,5.0,2021-05-10
21.900816383792723,0.0,0.9680192750502578,794.3197839731721,0.08556176438086893,5.0,2021-05-11
27.058616950276274,0.0,0.6301375885603222,794.4901103839032,0.06413705862852136,5.0,2021-05-12
37.17410784807005,0.0,0.3754209977294656,789.2207205009717,0.038482235177112814,4.965563189899395,2021-05-13
30.242905618899226,0.0,0.6598889634108557,794.4602797382051,0.0678893411062677,5.0,2021-05-14
30.654339371339535,0.0,0.8156933780465133,790.1540106485728,0.04233360466376062,4.971626748363782,2021-05-15
22.08818362280372,0.0,0.680216026827908,793.5260687057539,0.18540016279825636,5.0,2021-05-16
26.929406173682235,0.0,0.5098896160967448,792.6528412234524,0.2952400976789538,5.0,2021-05-17
26.1602526890774,0.0,0.30382669303223164,792.4850647340714,0.3163440586073723,5.0,2021-05-18
35.75676222252561,0.0,0.5397202617948281,793.2366388404429,0.22180643516442336,5.0,2021-05-19
45.986890934248706,53.73444944170387,0.33464234126860604,791.3598233042657,0.45788386109865403,5.0,2021-05-20
47.197841600109214,0.0,1.473931294246138,792.6886939825595,0.2907303166591924,5.0,2021-05-21
32.30708496006553,0.0,2.347158776547683,792.1504163895356,0.35843818999551547,5.0,2021-05-22
27.094694976039317,0.0,2.5149352659286097,793.0358498337214,0.24706291399730926,5.0,2021-05-23
20.94785698562359,0.0,1.7633611595571659,793.5416699002328,0.18343774839838556,5.0,2021-05-24
20.968150191374153,0.0,3.6401766957342994,793.1455619401397,0.23326264903903135,5.0,2021-05-25
32.43861011482449,0.0,2.3113060174405797,793.7601371640839,0.1559575894234188,5.0,2021-05-26
46.207146068894694,0.0,2.849583610464348,793.0858422984503,0.2407745536540513,5.0,2021-05-27
42.40352764133682,0.0,1.9641501662786087,789.9294571048097,0.14926473219243078,4.975536514365315,2021-05-28
36.11458058480209,0.0,1.4583300997671653,784.2893679175431,0.08955883931545847,4.9370591069050604,2021-05-29
39.61927235088126,0.0,1.8544380598602992,778.968753096895,0.053735303589275085,4.901808549484644,2021-05-30
37.12588341052876,0.0,1.2398628359161796,773.8506193350255,0.03224118215356505,4.868554706855594,2021-05-31
32.87503404631725,0.0,1.9141577015497075,768.8652894312199,0.01934470929213903,4.83656637084391,2021-06-01
32.15272137738403,0.0,1.1808486792753348,763.9711982745532,0.011606825575283418,4.805408058945125,2021-06-02
30.522575568307282,0.0,0.7030300803615076,759.1435071256964,0.0069640953451700505,4.774819989215958,2021-06-03
25.816985330488947,0.0,0.41880627116346786,754.3673379726162,0.00417845720710203,4.744646919535603,2021-06-04
21.155142196761936,0.0,0.2495790550140411,764.3561299430099,0.026507074324261217,4.808545862328851,2021-06-05
31.815449003017374,0.0,0.148763532961617,759.4580988440645,0.015904244594556728,4.777225812143812,2021-06-06
26.193380633063356,0.0,0.08868309772159734,754.6394670298852,0.009542546756734037,4.746613117775403,2021-06-07
22.11294048569474,0.0,0.052871159640868776,749.8800333108967,0.005725528054040422,4.716496668936782,2021-06-08
26.03679389851289,0.0,0.03152223354457989,745.1676833524151,0.0034353168324242527,4.6867502081931045,2021-06-09
22.717262842185747,0.0,0.20266216727734765,740.4951220047146,0.0020611900994545514,4.657298020952594,2021-06-10
20.90168449378138,0.0,0.12080528680162651,735.8579269211956,0.0012367140596727308,4.628094512529467,2021-06-11
23.155215891943293,0.0,0.07201869640387326,731.2533887295924,0.0007420284358036386,4.599112043257472,2021-06-12
11.313496492543953,0.0,0.04293705005170934,726.6798197330884,0.0004452170614821831,4.570333679559953,2021-06-13
29.76675978774524,0.0,0.025599750288522093,722.1361418106172,0.00026713023688930984,4.5417488733318025,2021-06-14
33.123973827735696,0.0,0.015263326747884855,717.621640731824,0.0001602781421335859,4.513350886316358,2021-06-15
33.71273548534107,0.0,0.009100570989491652,713.1358196760849,9.616688528015154e-05,4.485135254573899,2021-06-16
26.03261222609386,0.0,0.005426148345714989,708.678311894558,5.7700131168090915e-05,4.45709887297553,2021-06-17
24.527750019402387,0.0,0.003235316943982709,793.6005247703744,0.17603462007870088,5.0,2021-06-18
22.033639691768453,0.0,0.00192904913935556,792.9391948622246,0.2592207720472205,5.0,2021-06-19
29.92549185462861,60.02514191023312,0.001150192476820657,791.1686369173348,0.4819324632283324,5.0,2021-06-20
24.03958293099035,0.0,0.0006858011651131886,791.4291821504008,0.4491594779369994,5.0,2021-06-21
29.709347572268744,0.0,0.0004089085514637429,791.9416692902405,0.3846956867621996,5.0,2021-06-22
24.70655394518182,0.0,1.399475229625672,785.1755192115301,0.23081741205731976,4.949635433064003,2021-06-23
21.641684367109093,0.0,2.060805137775403,779.1875753351278,0.13849044723439183,4.9073469950720625,2021-06-24
33.01965862026546,0.0,3.8313630826652423,773.6742394008994,0.0830942683406351,4.869922345844549,2021-06-25
35.88519517215927,0.0,3.570817849599145,794.2347603400152,0.09625656100438107,5.0,2021-06-26
39.49058110329557,0.0,3.058330709759487,788.814958134427,0.05775393660262864,4.963967252125095,2021-06-27
36.275037448799445,0.0,1.8165146456464005,793.2617137224055,0.2186523619615772,5.0,2021-06-28
25.344507349130662,0.0,1.0805968813301872,793.3210282334433,0.2111914171769463,5.0,2021-06-29
27.61890155012625,0.0,0.6434135883838228,793.8781369400659,0.1411148503061678,5.0,2021-06-30
26.804453710987104,0.0,0.7652396599848295,793.8308021640396,0.14706891018370066,5.0,2021-07-01
28.836459710443588,0.0,0.4558349534630443,788.1732507085076,0.08824134611022039,4.961442513525248,2021-07-02
31.672543335955353,0.0,1.7382862775945387,782.8324791849888,0.052944807666132236,4.926082816928172,2021-07-03
39.28112600157322,0.0,1.6789717665567232,792.9666532674325,0.25576688459967933,5.0,2021-07-04
41.246583600943936,0.0,1.121863059934034,793.3347919604595,0.2094601307598076,5.0,2021-07-05
36.71481816056635,0.0,1.1691978359604203,793.7464751762757,0.15767607845588458,5.0,2021-07-06
32.478692600705685,0.0,0.6961089420066896,788.0393240236411,0.09460564707353075,4.960915469851724,2021-07-07
22.24948540060203,0.0,0.4146887065906245,782.6695561638628,0.056763388244118446,4.925245775147758,2021-07-08
25.515344722682332,0.0,2.0333467325674506,777.5129755941341,0.03405803294647106,4.891684726024143,2021-07-09
29.333426833609398,0.0,1.6652080395404705,772.4956291425315,0.02043481976788264,4.8594560974633385,2021-07-10
32.20549610016564,0.0,1.2535248237242824,777.385273343346,0.028260891860729585,4.890597682140822,2021-07-11
34.519300330365404,0.0,0.7462356827828337,772.3956216381284,0.016956535116437754,4.858657958395912,2021-07-12
31.53584377193596,0.0,0.4445220846305418,767.4900572252532,0.010173921069862651,4.827472635238303,2021-07-13
34.62316146714897,0.0,0.26489584370466046,762.646686882383,0.006104352641917591,4.796812857657832,2021-07-14
27.953206801018442,0.0,0.15789035413934663,757.8523868833726,0.0036626115851505544,4.766541793014894,2021-07-15
42.225794399487924,0.0,0.21975811704461326,794.3974093427388,0.07579756695109034,5.0,2021-07-16
37.45234468479834,0.0,0.13099374682157708,789.0734031915798,0.045478540170654204,4.964983808392118,2021-07-17
40.86337801099141,0.0,0.07809177763695978,783.927724704337,0.02728712410239252,4.931708769947374,2021-07-18
38.37057386243044,0.0,0.046557485212280286,778.9006317937587,0.016372274461435514,4.899548279402107,2021-07-19
38.57059447509626,0.0,0.02775820599559903,773.9564668095758,0.009823364676861308,4.868128948710993,2021-07-20
34.01020205867199,0.0,0.6025906572611682,769.0739068594341,0.0058940188061167844,4.837227917559849,2021-07-21
32.354168991351784,0.0,0.35902234276680767,764.2401673102434,0.0035364112836700707,4.806711917871463,2021-07-22
27.703874259701117,0.0,0.21396971729543438,759.4475516092809,0.002121846770202042,4.776501045689021,2021-07-23
38.367412936499775,0.0,0.12754463117620643,754.6913962523909,0.0012731080621212255,4.746547197558006,2021-07-24
34.22863063015112,0.0,0.07603603547190592,749.9688462337464,0.0007638648372727353,4.7168212265774425,2021-07-25
27.695532227694493,0.0,0.04533203258175769,789.4278700146431,0.07245831890236365,4.968555288960915,2021-07-26
33.42197348662141,0.0,0.027027631319302158,793.8784538188357,0.14107499134141818,5.0,2021-07-27
38.17369745698247,0.0,0.016114655273492463,794.0217922913014,0.12304499480485091,5.0,2021-07-28
36.16116693543227,0.0,0.009608159332075511,793.4463553747809,0.19542699688291054,5.0,2021-07-29
31.21686947325704,0.0,0.005728792067107818,787.5627654046177,0.11725619812974632,4.95903972109238,2021-07-30
40.887557790621024,0.0,0.5724209301423733,792.9142879349212,0.26235371887784775,5.0,2021-07-31
36.20631425398963,0.0,1.1215461811642746,793.6340927609526,0.17181223132670864,5.0,2021-08-01
36.381476552393785,0.0,0.9782077086985647,792.7176556565717,0.28708733879602516,5.0,2021-08-02
38.37359793143627,0.0,1.5536446252191387,787.385647446743,0.1738524032776151,4.960735347853572,2021-08-03
29.972867711710187,0.0,0.9245502490708072,781.6482871607782,0.10431144196656905,4.921160296542143,2021-08-04
38.177855255317056,0.0,2.08571206507889,776.2768337636046,0.06258686517994143,4.885301794754864,2021-08-05
33.38102115319023,0.0,1.3659072390473337,778.9826716721435,0.05035211910796485,4.901730211022529,2021-08-06
32.10799269191414,0.0,2.2823443434284,782.7084479422423,0.04461127146477891,4.924891697950898,2021-08-07
39.166450716014005,39.8086878333508,1.3712728619752097,792.116004235113,0.36276676287886733,5.0,2021-08-08
38.58376999100929,0.0,0.816199989422694,785.4519348075087,0.2176600577273204,4.950725026469456,2021-08-09
31.697228862055912,0.0,0.4861516024187212,793.0459215246407,0.2457960346363922,5.0,2021-08-10
34.092567098372825,0.0,0.3924318804386206,786.9271290411946,0.14747762078183532,4.956537009529004,2021-08-11
32.948932227157805,0.0,0.3493320319503582,781.3168616706461,0.08848657246910119,4.918294556507466,2021-08-12
32.11539640015395,0.0,2.883995764886995,776.0214075805115,0.05309194348146071,4.8832303854415375,2021-08-13
32.983342740964716,0.0,1.7133444011349563,770.92561589304,0.031855166088876424,4.850133797378197,2021-08-14
31.32496670405542,0.0,1.9540784753593181,765.9609039361225,0.019113099653325853,4.8182850993315,2021-08-15
31.713917152829534,0.0,1.1622554739170965,793.5096305146536,0.1874678597919955,5.0,2021-08-16
34.473176891934905,0.0,0.6919728140410663,788.6432279389622,0.1140807158751973,4.965685190716585,2021-08-17
25.505390148989047,0.0,0.41222370469299385,793.9470349852753,0.13244842952511837,5.0,2021-08-18
25.52580920657932,0.0,0.24565789009332106,788.3578671780795,0.07946905771507101,4.962168968657971,2021-08-19
29.752462828948133,0.0,0.14642685758603624,794.0612525946991,0.11808143462904261,5.0,2021-08-20
29.832814062544408,0.0,1.4903694853463643,789.5197070261196,0.07244886077742554,4.9691328287168695,2021-08-21
33.903609777228596,0.0,0.9007173849748238,792.4284189340917,0.3234693164664553,5.0,2021-08-22
34.32102026251599,0.0,1.052965014724691,792.426731360455,0.32368158987987317,5.0,2021-08-23
41.770949012757235,0.0,0.6269988385379214,785.944719146742,0.1942089539279239,4.952667071002844,2021-08-24
26.321935294505757,0.0,0.9387474053008887,780.1224635478866,0.11652537235675434,4.9121544946671385,2021-08-25
26.10955082888327,0.0,0.5724127398626667,774.7046826896901,0.0699152234140526,4.875765397174291,2021-08-26
28.078843906022072,0.0,2.57158106590832,769.53982765397,0.04194913404843155,4.841904266810563,2021-08-27
28.85427834361324,0.0,2.5732686395449917,794.367422630589,0.07956948042905894,5.0,2021-08-28
34.47394337130371,0.0,1.5293451427102522,791.967544373092,0.05254168825743537,4.983546391441181,2021-08-29
35.558585938560086,0.0,0.9101011041883383,786.7696397739949,0.031525012954461216,4.949797152331826,2021-08-30
33.17571314186882,0.0,0.5420154610221365,781.7044420965068,0.01891500777267673,4.9173102485874685,2021-08-31
31.756508153573154,0.0,0.3229507689095933,776.7306281327744,0.01134900466360604,4.885652763103168,2021-09-01
30.030690763999367,0.0,0.6325773694110186,771.8235015568004,0.006809402798163623,4.854566425829841,2021-09-02
26.651882086147392,0.0,0.4163318660557555,766.968267816545,0.004085641678898173,4.8238968847300026,2021-09-03
22.74689132975047,0.0,0.24810744676525348,762.1560323059704,0.0024513850073389037,4.793551673853406,2021-09-04
30.716704314565497,0.0,0.14788742890058487,757.3814171395031,0.0014708310044033424,4.763475201912315,2021-09-05
30.81893702053483,0.0,0.08816120062921595,752.641141176211,0.0008824986026420054,4.7336338571218946,2021-09-06
26.990676127622596,0.0,0.05256015014422786,747.9331737230058,0.0005294991615852032,4.704007132351319,2021-09-07
25.793636327196644,0.0,0.03133685552546633,743.256230058431,0.0003176994969511219,4.674582335768786,2021-09-08
22.686881261213067,0.0,0.01868383672124979,738.6094706827383,0.00019061969817067316,4.645351437865194,2021-09-09
26.74846896987169,0.0,0.011139964554929776,733.9923220096418,0.00011437181890240389,4.616309191767114,2021-09-10
25.349645790244743,0.0,0.006642106170283045,738.2417911181541,0.014468623091341441,4.6437020125602615,2021-09-11
30.792366272725857,0.0,0.003960320853946635,738.4733233524234,0.016681173854804863,4.645261194488463,2021-09-12
29.603007129485004,0.0,0.0023613288058832466,736.7299987556568,0.014808704312882918,4.634208270952646,2021-09-13
23.13119674715336,0.0,0.0014079378274822797,732.0603852888005,0.00888522258772975,4.604562492222854,2021-09-14
25.164713559130007,0.0,0.0008394813294164826,735.3016651772738,0.01813113355263785,4.625377408055003,2021-09-15
25.857804547088374,0.0,0.10682887892749861,740.4444545646337,0.02687868013158271,4.658135407357961,2021-09-16
22.739725585555803,0.0,0.12320657124212249,735.6980100370698,0.016127208078949625,4.62777784102896,2021-09-17
27.083748876941964,0.0,0.1091163258140781,731.0291538732997,0.009676324847369775,4.598112562731687,2021-09-18
26.758293328438388,0.0,0.06505097463339361,726.4180448710307,0.005805794908421865,4.568932211708123,2021-09-19
30.056341297950958,0.0,0.13334270347171065,721.852785639251,0.003483476945053119,4.540112780443942,2021-09-20
25.216213924489804,0.0,0.19907520528211925,717.3262126796943,0.0020900861670318715,4.5115799102453185,2021-09-21
21.214866683554604,0.0,0.11866668653482783,712.8339844316398,0.0012540517002191227,4.48328882924809,2021-09-22
21.489132060882643,0.0,0.07074360103840432,708.3734419673214,0.0007524310201314735,4.455212402697748,2021-09-23
18.1618502719768,0.0,0.04217679056093888,703.9429299296968,0.0004514586120788841,4.427334012295758,2021-09-24
21.67537448363543,0.0,0.025146451335801807,699.5413917285887,0.00027087516724733047,4.399643312060605,2021-09-25
26.247744091914658,0.0,0.014993049311361585,699.0983765128641,0.0065625251003483985,4.397133698303679,2021-09-26
36.54759850598547,0.0,0.008939418806438226,694.7016566001969,0.003937515060209039,4.369364853205401,2021-09-27
29.866530552377657,0.0,0.005330061620772175,739.4377497457938,0.08236250903612542,4.6543853537512305,2021-09-28
30.287701321529443,0.0,0.003178025328757082,749.1720862426587,0.07341750542167526,4.7152359359112115,2021-09-29
40.672610655690455,0.0,0.0018948890475929945,792.5637184991386,0.3064505032530052,5.0,2021-09-30
37.13699928980775,0.0,0.04588151742088203,786.1620140142941,0.1838703019518031,4.953523240619616,2021-10-01
36.96825180054248,0.0,0.027355059461740473,792.3166986596899,0.33752218117108185,5.0,2021-10-02
49.47638606701244,71.71292791458279,0.6095215006519534,790.782419195814,0.530513308702649,5.0,2021-10-03
45.54886343214031,0.0,0.5504275672238906,791.8334515174884,0.39830798522158944,5.0,2021-10-04
38.75483927573218,0.0,2.4362815008613916,785.0039581847756,0.23898479113295365,4.948959071984302,2021-10-05
37.35055330054626,119.54599242954987,1.448181244225025,790.6800425462958,0.5433908746797722,5.0,2021-10-06
46.62380613926359,0.0,2.6833013403101007,791.9119455277774,0.38843452480786334,5.0,2021-10-07
52.55394368355815,0.0,4.21758080418606,785.1283954494837,0.23306071488471797,4.949449659548609,2021-10-08
34.371566210134894,0.0,3.166548482511636,779.130309314148,0.1398364289308308,4.907052471559274,2021-10-09
28.364454121619215,0.0,1.8805342607284905,773.6111257351818,0.08390185735849846,4.869564433213426,2021-10-10
29.033963835648564,0.0,4.319957453704189,774.2741692749476,0.05994111441509908,4.872569535844886,2021-10-11
27.095846301389138,0.0,3.0880544722225136,794.10352088424,0.11276466864905946,5.0,2021-10-12
34.183985355933345,0.0,1.834100418745113,793.9024325305439,0.13805880118943567,5.0,2021-10-13
37.48537861421002,0.0,1.0910336637764988,793.8453795183264,0.1452352807136614,5.0,2021-10-14
39.72917627388992,0.0,0.6496191457528494,793.9383477109958,0.13354116842819683,5.0,2021-10-15
29.995728885730934,0.0,0.46438692438933116,788.3440681896705,0.0801247010569181,4.962114673193724,2021-10-16
36.06000724839602,0.0,0.8964791157600227,783.0402914854526,0.04807482063415086,4.92715042618544,2021-10-17
33.026932349037615,0.0,1.0975674694560136,777.9218342038523,0.028844892380490515,4.894001821784078,2021-10-18
30.267427409422567,0.0,1.1546204816736083,779.7937140618919,0.028506935428294307,4.905761463774077,2021-10-19
30.34140444565354,0.0,1.0616522890041646,789.5016018921787,0.04110416125697658,4.967460712886825,2021-10-20
32.45491504950401,52.865749285920884,0.6321648481316724,792.0055331508042,0.37666249675418595,5.0,2021-10-21
30.569132336327527,0.0,0.3766262780323886,792.5291598904826,0.31079749805251156,5.0,2021-10-22
47.97178714084383,0.0,0.22445545981626516,795.9628775793245,0.2552784988315069,2.0,2021-10-23
18.98100487645838,0.0,0.22235867818633126,789.7765760511886,0.15316709929890412,4.974767984870779,2021-10-24
22.379953738302532,0.0,0.3246514568265115,796.8197559285569,0.14790025957934247,2.0,2021-10-25
29.78829682181641,0.0,2.994466849195778,794.1927557618066,0.10154015574760548,5.0,2021-10-26
29.460214093089846,0.0,2.4708401095174666,790.6980696638358,0.06252409344856329,4.0,2021-10-27
28.02955405757411,0.0,2.037122420675425,785.4614345614532,0.03751445606913797,4.941862935398974,2021-10-28
33.2408035117753,0.0,1.2115335432650614,780.376608625502,0.022508673641482783,4.909133966009083,2021-10-29
37.19220746072668,0.0,1.1802440714431528,797.0265187973623,0.04390520418488967,2.0,2021-10-30
30.251157602464446,0.0,0.8072442381934636,795.7061253135879,0.1623431225109338,3.0,2021-10-31
46.91448318327516,0.0,0.494686097970775,792.5338633056228,0.3102058735065603,5.0,2021-11-01
45.05255634193612,0.0,0.2947721669836643,792.0188204888416,0.19092352410393618,2.0,2021-11-02
23.423338174450798,0.0,0.1756919699421142,793.6059347900242,0.1753541144623617,5.0,2021-11-03
20.48457635391864,0.0,0.3500898281395752,793.9218808740145,0.13561246867741703,5.0,2021-11-04
26.23679348345032,0.0,1.2938746864121424,794.1992482618182,0.09096748120645021,4.99951175546259,2021-11-05
27.251216190220582,0.0,2.4661366943771545,790.7674078453373,0.05458048872387012,3.0,2021-11-06
31.365786394264028,0.0,1.515042816781207,794.4216510687871,0.07274829323432207,5.0,2021-11-07
19.78795542847941,0.0,1.3940652099757755,794.4749106412722,0.06604897594059324,5.0,2021-11-08
29.167401257087647,0.0,1.0781191259854654,791.161253997289,0.03962938556435594,3.0,2021-11-09
33.87865272822372,0.0,0.7231208567337875,787.9738479199598,0.023777631338613565,3.0,2021-11-10
26.45806435400875,0.0,0.43184041648088684,784.861859007362,0.014266578803168138,3.0,2021-11-11
28.148596591530932,0.0,0.5783489312128605,780.7950176438865,0.008559947281900883,4.0,2021-11-12
27.05932595491856,0.0,0.5250893587277162,794.2341290514653,0.09633596836914053,5.0,2021-11-13
32.9366081473857,0.0,0.3136566439831714,795.7101944059168,0.06580158102148431,3.0,2021-11-14
38.16629516572988,0.0,0.18740607732926906,794.396435282442,0.03948094861289059,1.0,2021-11-15
30.101190575708102,0.0,0.11198891259776228,793.2084910190957,0.02368856916773435,1.0,2021-11-16
21.86381515895418,0.0,0.06684136347550139,795.0191268959043,0.023813141500640612,4.0,2021-11-17
17.264990306254468,0.0,0.7658709485346673,789.9373758813791,0.014287884900384367,4.968869543099402,2021-11-18
13.387344448716233,0.0,0.5239346455485099,784.9329713213262,0.008572730940230618,4.93710859925862,2021-11-19
21.830695254953582,0.0,0.3137591234748029,783.8926486426964,0.00514363856413837,1.0,2021-11-20
24.882752623844286,0.0,0.18794426334621997,794.632024844049,0.046286183138483025,5.0,2021-11-21
28.294959504712764,0.0,0.18936412319148627,789.4462710563246,0.027771709883089815,4.966450155275306,2021-11-22
29.3639492507119,0.0,0.11288147142575924,785.3153919405133,0.016663025929853886,4.0,2021-11-23
25.09520156667506,0.0,0.0672959607941874,782.237177490546,0.009997815557912333,3.0,2021-11-24
31.606274276835396,0.0,0.04032267862987953,795.6211144328954,0.047598689334747396,4.0,2021-11-25
27.285778882558297,0.0,0.36797515595094005,797.3890574754653,0.07655921360084844,2.0,2021-11-26
30.75940808758182,0.0,0.21930363244920015,796.4596951299975,0.3179355281605091,1.0,2021-11-27
57.990247248439516,0.0,0.1308791158111858,795.8903966911674,0.26436131689630543,2.0,2021-11-28
39.35148228247226,0.0,0.07821444996737148,795.1874881826019,0.22741679013778326,3.0,2021-11-29
32.2720527320389,0.0,0.37888556710458926,796.7592039080795,0.28045007408267,1.0,2021-11-30
52.071301145854555,0.0,0.6109425245347706,795.1888850452922,0.35227004444960197,2.0,2021-12-01
52.0282591395021,0.0,2.5403048700024677,795.4451070271753,0.3201620266697612,2.0,2021-12-02
50.18616281250764,0.0,2.1096033088325172,797.0560552441451,0.24329721600185672,1.0,2021-12-03
39.86263504478841,0.0,1.8125118173981327,794.8939859120112,0.14597832960111404,1.0,2021-12-04
28.418676678132456,0.0,2.240796091920533,796.4711357578699,0.19158699776066843,2.0,2021-12-05
24.74544771150165,0.0,2.811114954707824,796.9550014547219,0.13095219865640104,2.0,2021-12-06
37.88365902690099,0.0,2.5548929728246943,794.2283322992171,0.22257131919384063,4.0,2021-12-07
32.29735304247661,0.0,1.9439447558548353,794.2365193795303,0.22154279151630435,4.0,2021-12-08
40.18275893231384,0.0,1.1620693321339246,791.1834336392633,0.1329256749097826,2.0,2021-12-09
27.768534605810615,0.0,1.5288642421301342,789.5532196419491,0.07975540494586955,1.0,2021-12-10
26.079248763486365,0.0,1.0449985452780801,796.2615536535488,0.09265324296752174,3.0,2021-12-11
26.858917545665527,0.0,1.7716677007829715,798.1723003532137,0.10359194578051305,1.0,2021-12-12
21.712958527399316,0.0,1.7634806204697828,796.8017617636029,0.15015516746830782,2.0,2021-12-13
27.25612287922696,0.0,1.0530857402670113,795.0847992827478,0.09009310048098469,1.0,2021-12-14
29.920681897717042,0.0,0.6302139973141708,797.198362234897,0.10045586028859083,2.0,2021-12-15
28.509679394483477,0.0,0.7384463464511483,795.4820148112617,0.06507351617315449,4.0,2021-12-16
26.011544699768354,0.0,0.8276996467862993,794.1718163818211,0.039044109703892695,1.0,2021-12-17
19.405502500937533,0.0,1.1982382363970963,797.6726088027377,0.041026465822335614,2.0,2021-12-18
23.77541810872686,0.0,0.7169624808551293,798.7521831228477,0.03101587949340137,1.0,2021-12-19
24.333392100337512,0.0,0.8016377651029548,796.6039113046606,0.018609527696040823,2.0,2021-12-20
26.648287410427564,0.0,0.5179851887383097,792.5154113980242,0.011165716617624492,4.0,2021-12-21
28.100668665024514,0.0,0.31019842944060605,789.4625183659307,0.006699429970574695,3.0,2021-12-22
27.062282517672905,0.0,0.3273911972622382,788.4308248693734,0.004019657982344817,1.0,2021-12-23
26.373644345579436,0.0,0.247816877152277,798.4693697596326,0.06641179478940688,1.0,2021-12-24
32.319031045459006,0.0,0.14827181818705623,795.3898892680858,0.07664707687364412,4.0,2021-12-25
34.419224920641014,0.0,0.08849990663648619,793.0250231730847,0.04598824612418648,2.0,2021-12-26
22.79695907727948,0.0,0.05289303209350534,794.7547707329583,0.03399294767451188,2.0,2021-12-27
18.7379394720737,0.0,0.0316934965572931,798.6708458088484,0.041195768604707125,1.0,2021-12-28
27.001035704312258,0.0,0.5306302403673611,797.9715474853091,0.12871746116282426,1.0,2021-12-29
34.57459412212708,0.0,0.6101107319142073,796.8091407959524,0.14923047669769454,2.0,2021-12-30
40.981136180750866,0.0,0.36486609500101785,796.0701936559386,0.09273828601861672,2.0,2021-12-31
26.806714574107527,0.0,0.2702524401265026,792.628905833226,0.05564297161117003,3.0,2022-01-01
38.53878106247887,0.0,0.32915419115160993,796.4406193097553,0.07018578296670203,3.0,2022-01-02
27.55918463748732,0.0,1.028452514690966,795.244504700551,0.09491146978002121,4.0,2022-01-03
36.148230323440465,0.0,1.1908592040476025,797.3412758826933,0.08254688186801272,2.0,2022-01-04
39.56210506901176,0.0,0.7389471400138328,797.298333529616,0.08792812912080762,2.0,2022-01-05
33.03609464930573,0.0,0.4412878227126251,792.8798140998045,0.05275687747248457,4.0,2022-01-06
42.89247358670792,0.0,0.5593806902446151,797.4282000706618,0.07165412648349075,2.0,2022-01-07
26.670171004531625,0.0,0.7554952994489689,798.4008101176381,0.07499247589009446,1.0,2022-01-08
44.94791549971073,0.0,0.6587241173067415,793.9479479351489,0.2577954855340567,4.0,2022-01-09
60.374416499826445,0.0,0.7016664703840448,794.4121607610894,0.19947729132043404,4.0,2022-01-10
44.59974151533976,0.0,0.41851942981148155,790.4522856416371,0.1212863747922604,4.0,2022-01-11
34.91102993993752,0.0,0.5717999293382562,794.7716026048008,0.08557182487535624,3.0,2022-01-12
34.14231140000757,0.0,0.5991898823618548,794.3381095751535,0.054543094925213746,2.0,2022-01-13
26.341244255123424,0.0,2.0520520648510914,792.078810138813,0.032725856955128245,2.0,2022-01-14
35.234663353074055,0.0,1.587839238910655,791.910608130824,0.021235514173076946,1.0,2022-01-15
29.08489385153439,0.0,0.9598751194522213,789.8099631833375,0.012741308503846168,2.0,2022-01-16
22.83558058131084,0.0,0.6806830368362802,786.7498132524886,0.007644785102307701,3.0,2022-01-17
23.012469075200276,0.0,0.43349302964737907,784.7138177904003,0.004586871061384621,2.0,2022-01-18
30.037404520889456,0.0,0.25929943634053204,783.6922490250129,0.0027521226368307722,1.0,2022-01-19
28.16897170679062,0.0,0.16820200798896687,795.5028878622865,0.06245127358209847,4.0,2022-01-20
31.000548205363575,0.0,0.10064494748655566,796.5610860097304,0.05507076414925908,3.0,2022-01-21
29.049127441221575,0.0,0.060149930848912486,798.2588908622434,0.03784245848955544,1.0,2022-01-22
25.401596142775098,0.0,0.03599546208834826,796.0780964980971,0.022705475093733263,2.0,2022-01-23
29.997333450579276,0.0,0.021568765387380277,794.9570594930475,0.015223285056239957,2.0,2022-01-24
24.569545317056477,0.0,0.4971121377135038,794.8717290325508,0.010733971033743973,1.0,2022-01-25
32.68307689172916,0.0,0.4389139902695949,792.8206650595133,0.0064403826202463835,2.0,2022-01-26
20.12886587536393,0.0,0.30219514748697535,796.71416209031,0.03586422957214783,3.0,2022-01-27
24.975675209524407,0.0,0.1807943641463634,794.6381276249408,0.0455185377432887,5.0,2022-01-28
27.88588145429219,0.0,0.12103700504963193,790.4367990868573,0.02891112264597322,4.97273829765588,2022-01-29
3.384530891422184,0.0,0.08533046049668656,785.3603115666823,0.01734667358758393,4.940229994292858,2022-01-30
-11.57559562291816,0.0,0.0510639730374594,797.1508641268626,0.10640800415255036,2.0,2022-01-31
27.008962223236512,0.0,0.2858379096900182,797.0819424761175,0.11504480249153022,2.0,2022-02-01
36.62259151880028,0.0,0.36187237505914516,794.3240362921154,0.08502688149491813,5.0,2022-02-02
28.68830170436352,0.0,0.228590240427673,797.4396752914023,0.07021612889695088,2.0,2022-02-03
41.560818896999834,0.0,0.1362575258821578,797.5361251748413,0.058129677338170524,2.0,2022-02-04
35.11076549216675,0.0,0.8491358731373518,794.4683214390969,0.0668778064029023,5.0,2022-02-05
34.098348895300056,0.0,0.9180575238824112,795.4815023297813,0.19052668384174137,3.0,2022-02-06
62.13456915170192,0.0,0.6759637078845991,792.6156677180749,0.29991601030504483,5.0,2022-02-07
68.75927600230801,0.0,0.560324708597668,786.244425452062,0.1799496061830269,4.9538479232379675,2022-02-08
37.75329360138481,0.0,0.4638748251586008,781.3998379942683,0.10796976370981613,4.0,2022-02-09
36.01992677676762,0.0,0.5316785609030733,793.5945842271042,0.17678185822588965,5.0,2022-02-10
34.87872301968588,0.0,1.5184976702186788,793.9405105362625,0.13326911493553378,5.0,2022-02-11
35.79468243963634,0.0,2.3843322819251065,788.3475036411002,0.07996146896132028,4.962128190851641,2022-02-12
33.31678519135864,0.0,1.4173943427748723,783.0444711001011,0.047976881376792166,4.927171897756876,2022-02-13
24.54989933912473,0.0,0.8445874577938003,777.9264437666981,0.0287861288260753,4.894027944375631,2022-02-14
31.38060340696145,0.0,1.4054157728958228,789.6068458523641,0.044471677295645176,4.968290273541863,2022-02-15
28.92656604417687,0.0,1.0594894637374934,794.5684884391723,0.30508300637738717,3.0,2022-02-16
45.07724689866406,0.0,0.6308787043106526,792.9850740595799,0.2534498038264323,5.0,2022-02-17
41.83648154675585,0.0,0.3758606432421755,788.7837446873026,0.15206988229585938,3.0,2022-02-18
25.50739948067336,0.0,0.22399938902748298,789.9999751626624,0.10244192937751562,4.973648404295641,2022-02-19
39.29864496245651,59.6103346778321,0.35130764079211385,794.7133160421405,0.41186515762650944,2.0,2022-02-20
69.06240490737352,88.28620080669923,2.4315115608277758,791.3583720071758,0.5831190945759056,4.0,2022-02-21
89.30068704935711,0.0,2.0149259404201367,793.6249324897381,0.4234714567455434,3.0,2022-02-22
78.92512996643568,0.0,1.2013293722772609,792.7256411513238,0.286082874047326,5.0,2022-02-23
55.87660295229283,0.0,0.8101211203445013,787.3717957617914,0.17164972442839563,4.0,2022-02-24
42.99668136418062,0.0,3.2866839578595455,793.2781108144766,0.21658983465703738,5.0,2022-02-25
39.14438379390057,0.0,4.641627992824208,787.2956698717932,0.12995390079422242,4.957988192590478,2022-02-26
37.93280738372268,0.0,3.3750675102619807,781.7650357802016,0.07797234047653345,4.920597936698707,2022-02-27
26.188205021374806,0.0,2.2743588486762416,776.5155538611782,0.046783404285920066,4.88603147362626,2022-02-28
23.137768581102495,0.0,1.353845389532344,773.2984277159118,0.028070042571552038,3.0,2022-03-01
30.16460580769493,0.0,1.7218891855234473,772.2607817679423,0.023242025542931224,4.858115173224449,2022-03-02
36.096784837578994,0.0,1.0244527500929383,767.3271315369293,0.013945215325758733,4.8266298860496395,2022-03-03
31.559530731658846,0.0,0.6100361548927553,762.4675349827038,0.00836712919545524,4.795794572105808,2022-03-04
32.330932878587596,0.0,0.36345044539717547,757.6640741402407,0.005020277517273144,4.765422093641899,2022-03-05
34.20455722347644,0.0,0.21712614526640928,752.9059942115088,0.003012166510363886,4.7354004633765046,2022-03-06
35.54960115853331,0.0,0.17953077474506918,748.1868095237928,0.0018072999062183316,4.7056624638219295,2022-03-07
28.377967293218838,0.0,0.10702034496334024,743.5025794839881,0.0010843799437309988,4.676167559523705,2022-03-08
29.664231684801727,0.0,0.06380198211967893,738.8508811604745,0.0006506279662385993,4.646891121774926,2022-03-09
21.956332936498082,0.0,0.03803874882127315,734.2301968778338,0.0003903767797431596,4.617818007252966,2022-03-10
22.627277545552108,0.0,0.02267946535542149,729.639549137319,0.00023422606784589576,4.588938730486461,2022-03-11
26.0664938903099,0.0,0.01352222389400119,728.0245818641555,0.0049405356407075385,4.578997182108243,2022-03-12
21.318853108238823,0.0,0.00806248028096613,723.4529821203178,0.002964321384424523,4.550153636650972,2022-03-13
26.158086121477833,0.0,0.004807201738629271,720.8830093653467,0.004978592830654714,4.534081138251985,2022-03-14
22.799436334079587,0.0,0.002866275387747106,716.3560912457821,0.002987155698392828,4.505518808533417,2022-03-15
25.21045265852409,0.0,0.0017090100283398532,711.866106717435,0.0017922934190356967,4.477225570286138,2022-03-16
25.005574577396988,0.0,0.03597009105527922,716.2498340392394,0.015475376051421418,4.505413166983969,2022-03-17
18.738229191108775,0.0,0.021446107186790964,711.7071828221553,0.009285225630852852,4.476561462745247,2022-03-18
29.69450787421126,0.0,0.03589161671912788,707.2196105724298,0.005571135378511711,4.448169892638471,2022-03-19
33.57018941437649,0.0,0.02139931103117139,702.7759956598023,0.0033426812271070265,4.420122566077687,2022-03-20
27.766845114351856,0.0,0.012758958061007882,698.369638843518,0.0020056087362642157,4.392349972873765,2022-03-21
28.75923058452978,0.0,0.11085951121150285,693.9964771878625,0.0012033652417585295,4.364810242771988,2022-03-22
29.66617629118801,0.0,0.06608975433883277,689.6540197354285,0.0007220191450551176,4.33747798242414,2022-03-23
32.856492003523975,0.0,0.03940235708702903,685.3407131245256,0.00043321148703307063,4.310337623346428,2022-03-24
21.682968494567323,0.0,0.023492346549792632,681.0555634163356,0.00025992689221984234,4.283379457028285,2022-03-25
24.698905816898957,0.0,0.014006843410537567,676.7979106354719,0.00015595613533190539,4.256597271352097,2022-03-26
30.373098700950983,0.0,0.008351412883507235,672.5672943474354,9.357368119914323e-05,4.229986941471699,2022-03-27
40.66623254950838,0.0,0.004979470009858786,668.3633735102259,5.614420871948594e-05,4.203545589671471,2022-03-28
27.299523639423082,0.0,0.0029689875565649514,664.185878684568,3.368652523169156e-05,4.177271084438912,2022-03-29
25.120504713487392,0.0,0.0017702511616372475,660.0345835371326,2.021191513901494e-05,4.15116174177855,2022-03-30
26.676897183084833,0.0,0.001055509511566007,729.5640000675348,0.12001212714908341,4.5939661471070785,2022-03-31
27.68453494458005,0.0,0.0006293465647651207,783.3109908771065,0.16800727628945003,4.934775000422093,2022-04-01
33.37231896040739,0.0,0.00037524753810793966,777.630620580713,0.10080436577367001,4.895693692981916,2022-04-02
24.660190180036132,0.0,0.0002237412189790515,772.3030374040574,0.060482619464202005,4.860191378629456,2022-04-03
20.007113394808346,0.0,0.00013340565687651408,783.8301844621449,0.0602895716785212,3.0,2022-04-04
19.618124724117067,0.0,0.8766173224906673,793.2368987430934,0.22177374300711272,5.0,2022-04-05
37.93049906150534,0.0,1.3182341900062748,793.8149392458561,0.14906424580426764,5.0,2022-04-06
31.626975112899935,0.0,0.7846766034116854,792.5463235475137,0.30863854748256064,5.0,2022-04-07
41.17628302832225,0.0,0.46739179802617675,792.9935541285082,0.25238312848953637,5.0,2022-04-08
43.54792500062566,0.0,0.4728529419125381,793.503572477105,0.18822987709372183,5.0,2022-04-09
33.187636068370566,0.0,1.763101256906546,793.8859034862629,0.14013792625623311,5.0,2022-04-10
30.47330164102234,0.0,1.1850607541439278,788.2607674514395,0.08408275575373986,4.961786896789143,2022-04-11
24.846624984613403,0.0,2.453676452486357,782.938948297048,0.05044965345224391,4.926629796571497,2022-04-12
32.143478990768045,0.0,2.006445871491814,777.8100670909445,0.03026979207134635,4.893368426856551,2022-04-13
26.795963394460827,0.0,1.4964275228950885,772.8083721832026,0.01816187524280781,4.861312919318403,2022-04-14
22.789982036676495,0.0,1.1140965137370533,767.8946322984509,0.010897125145684685,4.830052326145015,2022-04-15
27.914846767329138,0.0,0.6633491380342771,763.0453975772909,0.006538275087410811,4.799341451865319,2022-04-16
23.078910954147002,0.0,0.3951893578200042,758.2466169256784,0.003922965052446486,4.769033734858069,2022-04-17
24.977185862359956,0.0,0.23551277924700795,753.4898396665786,0.0023537790314678915,4.73904135578549,2022-04-18
31.106324690159965,0.0,0.14038198842348795,748.7699533852242,0.0014122674188807348,4.709311497916117,2022-04-19
26.82813442481557,0.0,0.08368755860655018,744.083836050988,0.000847360451328441,4.679812208657651,2022-04-20
28.446409278900433,0.0,0.049893269294627375,739.429552676399,0.0005084162707970645,4.650523975318675,2022-04-21
24.172284879241325,0.0,0.029746916754500603,734.805876441753,0.00030504976247823875,4.621434704227494,2022-04-22
22.51507551781714,0.0,0.017735903314286216,730.212003205557,0.00018302985748694324,4.5925367277609555,2022-04-23
33.26398856592252,0.0,0.010574783438249104,725.6473812938265,0.00010981791449216594,4.563825020034732,2022-04-24
33.125359356741775,0.0,0.00630512557856419,760.3746320885127,0.0640658907486953,4.785296133086415,2022-04-25
30.58519548937974,0.0,0.003759399270286338,765.1430234520058,0.054439534449217175,4.814841450553205,2022-04-26
25.210905300855767,0.0,0.0022415304185449255,760.1125174016524,0.032663720669530306,4.782143896575036,2022-04-27
29.215136032169777,0.0,0.0013365084350291684,755.2137766040777,0.019598232401718183,4.750703233760328,2022-04-28
26.46967735794146,0.0,0.0007968916958337368,750.4054404017276,0.01175893944103091,4.720086103775485,2022-04-29
24.732335111393226,0.0,0.48745307222732476,745.6627934653923,0.007055363664618546,4.690034002510798,2022-04-30
23.96125210806065,0.0,0.4167671859537069,740.9710327577408,0.0042332181987711276,4.660392459158701,2022-05-01
31.774107830711618,0.0,0.24836215377836968,736.3212612765934,0.002539930919262676,4.63106895473588,2022-05-02
28.85383192924229,0.0,0.14803756381445812,731.7081022954792,0.0015239585515576057,4.602007882978708,2022-05-03
29.208012583788484,0.0,0.08825009857468848,727.1282779151948,0.0009143751309345634,4.573175639346745,2022-05-04
30.617720993750872,0.0,0.05261293382455287,722.5797619026894,0.000548625078560738,4.544551736969967,2022-05-05
20.57366301121882,0.0,0.03136824849272689,718.0612747044775,0.00032917504713644277,4.516123511891808,2022-05-06
20.760897147449793,0.0,0.01870252641152012,713.5719823942453,0.00019750502828186565,4.487882966902984,2022-05-07
23.148478433415164,0.0,0.011151098135485458,709.111317184981,0.00011850301696911939,4.459824889964033,2022-05-08
38.19265142979703,0.0,0.006648740937682952,704.6788704127857,7.110181018147163e-05,4.431945732406131,2022-05-09
25.1673696342051,0.0,0.003964275535412393,700.274328727944,4.266108610888298e-05,4.404242940079911,2022-05-10
28.27100913337212,0.0,0.0023636863201425638,695.8974360469061,2.5596651665329785e-05,4.37671455454965,2022-05-11
14.17619794182979,0.0,0.0014093433291631644,725.9224710988602,0.0560153579909992,4.568108975293164,2022-05-12
16.857714271405285,0.0,0.0008403193003373871,721.1430036672044,0.033609214794599516,4.537015444367876,2022-05-13
26.244425883820718,0.0,0.0005010397890781971,716.4913464830162,0.02016552887675971,4.507143772920028,2022-05-14
42.00325393304755,0.0,0.0002987447618247905,711.9271268218828,0.012099317326055825,4.478070915518851,2022-05-15
39.249151407515015,0.0,0.0001781264882473044,707.4262223046316,0.007259590395633495,4.449544542636767,2022-05-16
27.021827576839865,0.0,0.4068559727527795,702.974187253496,0.004355754237380097,4.421413889403947,2022-05-17
25.43308418919473,0.0,0.24245198728791878,698.562341510747,0.0026134525424280582,4.393588670334349,2022-05-18
24.20683639957797,0.0,0.14451341126819717,765.8325014336937,0.11836807152545684,4.822264634442169,2022-05-19
41.104226433772375,0.0,0.08614874561455581,793.1125042988235,0.2374208429152741,5.0,2022-05-20
36.988655978422244,0.0,0.05135997461440421,791.9086225792942,0.38885250574916447,5.0,2022-05-21
29.015027987471804,0.0,0.030621161731532107,785.1231273618457,0.23331150344949866,4.949428891120588,2022-05-22
36.92451851155239,0.0,0.018257072414580786,779.1239074570541,0.1399869020696992,4.907019546011536,2022-05-23
35.7274391262196,0.0,0.9075754426112873,792.8058624771276,0.27599214124181953,5.0,2022-05-24
35.561371345999966,0.0,1.8874957011764293,790.4639227528127,0.1719952847450917,4.980036640482047,2022-05-25
26.90967080759998,0.0,3.0913774207058573,784.7128851832904,0.10319717084705501,4.940399517205079,2022-05-26
35.11265637737874,0.0,1.83606632632793,794.2533494950595,0.093918302508233,5.0,2022-05-27
27.739370304963145,0.0,1.0922003587801705,788.844493812377,0.0563509815049398,4.964083434344122,2022-05-28
33.2660168944416,0.0,2.1941375228724653,794.5404058182214,0.05781058890296388,5.0,2022-05-29
26.123617621257974,0.0,1.3619030838329125,794.5970434909328,0.05068635334177833,5.0,2022-05-30
27.095042344469665,0.0,0.8106380523172559,789.3906709310444,0.030411812005066995,4.96623152181833,2022-05-31
29.101652929199382,0.0,0.7466505049404525,794.6005356567358,0.05024708720304019,5.0,2022-06-01
26.244056411087595,0.0,0.4447722483383488,789.3962213730312,0.030148252321824116,4.9662533478545985,2022-06-02
23.133655054511777,0.0,0.45959418177856287,784.3205939500341,0.01808895139309447,4.933726383581445,2022-06-03
25.650513032707067,0.0,0.40295650906713776,779.3339970478843,0.010853370835856682,4.902003712187713,2022-06-04
31.61411988235961,0.0,0.24014103807013115,774.4127263511181,0.006512022501514009,4.870837481549277,2022-06-05
38.679544691774545,0.0,0.3994643432641696,792.8065376526678,0.2759072135009084,5.0,2022-06-06
38.38035179547259,0.0,0.2380609358501065,792.3483225916007,0.333544328100545,5.0,2022-06-07
24.933615883503347,0.0,0.1419010394156977,785.8203564654536,0.20012659686032702,4.9521770161975045,2022-06-08
25.604904211467804,0.0,0.08459318996211972,793.2949161329763,0.2144759581161962,5.0,2022-06-09
16.98986823293436,0.0,0.05043321521689608,789.2819991305439,0.13188557486971772,4.970593225831101,2022-06-10
24.445442995232387,0.0,2.193462347332222,783.7283207339722,0.07913134492183063,4.933012494565899,2022-06-11
20.478925797139436,0.0,2.651677408399333,778.4602395282996,0.047478806953098376,4.898302004587326,2022-06-12
30.86842074345703,0.0,1.5757891099494408,773.3744868642771,0.02848728417185903,4.865376497051872,2022-06-13
28.629321286970196,0.0,1.70508386702376,768.4095344639081,0.017092370503115416,4.833590542901732,2022-06-14
32.403975210111106,0.0,1.0423237766012927,763.5286637535089,0.010255422301869248,4.802559590399426,2022-06-15
26.510566016704928,0.0,0.620665902005799,758.7099213883145,0.006153253381121549,4.772054148459431,2022-06-16
27.980312320922508,0.0,0.36977920108530454,753.9401482433427,0.003691952028672929,4.741937008676965,2022-06-17
34.27031974192502,0.0,0.22037616697061516,749.2114256333202,0.0022151712172037573,4.712125926520892,2022-06-18
21.000657578847136,0.0,0.1313618574672136,744.5189586697825,0.0013291027303222545,4.682571410208252,2022-06-19
13.584564451999837,0.0,0.07831111999980693,748.6956651468828,0.015197461638193353,4.70949349168614,2022-06-20
13.944684984224754,0.0,0.046688216735005936,743.9484742830781,0.009118476982916011,4.679347907168017,2022-06-21
23.243660715850623,0.0,0.02783613629484842,739.2583486444624,0.005471086189749607,4.649677964269238,2022-06-22
24.467107180976353,0.0,0.016596683501587182,734.6138683590633,0.003282651713849764,4.62036467902789,2022-06-23
35.12474222295291,101.95331002622817,0.009895553329516379,791.6771417513249,0.4179695910283099,5.0,2022-06-24
28.94173002653156,0.0,0.11380003121360202,791.988685050795,0.37878175461698593,5.0,2022-06-25
18.273666513141144,0.0,0.06784295663664276,791.832171030477,0.39846905277019157,5.0,2022-06-26
21.21138052319443,0.0,0.040447674346383425,785.0019282937435,0.23908143166211493,4.948951068940481,2022-06-27
20.450498265415547,0.0,0.02411560637123269,793.4143815709717,0.19944885899726897,5.0,2022-06-28
30.544429511373806,0.0,3.3228582486750633,787.5120023371969,0.11966931539836136,4.958839884818573,2022-06-29
28.848617706824285,0.0,3.011314949205038,782.0281402277955,0.07180158923901682,4.92195001460748,2022-06-30
18.29865462409457,0.0,3.1678289695230233,793.39822641933,0.20148095354341009,5.0,2022-07-01
-7.202902082375958,0.0,1.8812916677929903,787.4863542656874,0.12088857212604606,4.958738915120812,2022-07-02
24.38777566467405,0.0,1.5856184290282882,781.9969458746964,0.07253314327562764,4.921789714160546,2022-07-03
41.19400844661283,0.0,0.9435393489562612,776.7712678100015,0.04351988596537658,4.887480911716853,2022-07-04
23.454625280574962,0.0,0.5619120947940724,771.7148850915987,0.02611193157922595,4.854820423812509,2022-07-05
27.866507543569593,0.0,1.6017735806701103,766.7715169233426,0.015667158947535568,4.823218031822492,2022-07-06
29.92516325274349,0.0,0.9531332385217539,771.7206258220573,0.02540029536852134,4.8548219807708906,2022-07-07
24.026475875305884,0.0,0.5676186768304505,766.7804953920862,0.015240177221112804,4.823253911387858,2022-07-08
30.48246758003133,0.0,0.33819715297803676,761.9184402921978,0.009144106332667682,4.7923780962005385,2022-07-09
32.34632795040174,0.0,0.20156229459027336,757.1149089258338,0.005486463799600609,4.761990251826236,2022-07-10
43.69812761596861,0.0,0.12015013643366039,753.339836474348,0.0048918782797603665,4.738218180786461,2022-07-11
34.82565875243719,0.0,0.19606912051434103,748.6094892124377,0.0029351269678562194,4.7083739779646745,2022-07-12
31.599345040795757,0.0,0.1168765185832426,743.9175787188551,0.0017610761807137316,4.678809307577735,2022-07-13
25.385225453134655,0.0,0.06967700368782832,739.2602824072749,0.001056645708428239,4.649484866992845,2022-07-14
25.568309947357136,0.0,0.04154111453780606,734.6352481176083,0.0006339874250569433,4.620376765045468,2022-07-15
23.449326130094434,0.0,0.0368542706993344,730.041000785424,0.000380392455034166,4.591470300735051,2022-07-16
23.63467729135375,0.0,0.021973283945587764,725.4765887318121,0.00022823547302049959,4.5627562549089005,2022-07-17
29.603136008104105,0.0,0.013101186004826204,720.9413727845148,0.00013694128381229974,4.534228679573825,2022-07-18
17.223639727899343,0.0,0.007811444587464949,716.4349005470376,8.216477028737986e-05,4.505883579903218,2022-07-19
14.38595889592804,0.0,0.004657524621221929,711.9568314318286,4.929886217242791e-05,4.477718128418985,2022-07-20
14.807360476731873,0.0,0.0027770314492617763,707.5068919596092,2.9579317303456746e-05,4.449730196448929,2022-07-21
21.817407428897603,0.0,0.0016557987030650378,791.3811008688251,0.14401774759038208,4.984418074747557,2022-07-22
37.2788391775649,0.0,0.0009872677234022274,785.7554054312349,0.08641064855422924,4.946131880430157,2022-07-23
40.03250035893787,0.0,0.0005886575739622353,780.439594503442,0.05184638913253754,4.9109712839452175,2022-07-24
29.259298338771575,0.0,0.000350986790087256,775.3205865498883,0.031107833479522527,4.877747465646513,2022-07-25
11.250177884404856,0.0,0.00020927577041890188,790.9299895336939,0.05226470008771352,4.9770036659368015,2022-07-26
22.34516706363107,0.0,1.1413730160365518,785.7402009513992,0.03135882005262811,4.943312434585587,2022-07-27
31.141629023586106,0.0,0.6795635571601236,780.6824093777433,0.018815292031576867,4.910876255946245,2022-07-28
24.1761136972706,0.0,0.40483964384776466,775.7155625428161,0.01128917521894612,4.879265058610896,2022-07-29
26.908071414721146,0.0,0.24126048790722665,770.8151255380739,0.006773505131367672,4.8482222658926,2022-07-30
24.21955434771901,0.0,0.41359335025766397,769.891960284138,0.010464103078820603,4.842594534612962,2022-07-31
16.19350472555277,0.0,0.24647614770914056,794.3140862283141,0.08627846184729236,5.0,2022-08-01
17.93587802005319,0.0,0.14691531770963903,788.940999961296,0.051767077108375414,4.964463038926963,2022-08-02
30.368444509868834,0.0,0.0875817763162803,783.7666032379235,0.031060246265025248,4.9308812497581,2022-08-03
20.90638252802224,0.0,0.05221473884969491,778.7229109648104,0.018636147759015148,4.898541270237022,2022-08-04
19.265485111424383,0.0,0.08057071932280607,773.769362614709,0.011181688655409089,4.867018193530065,2022-08-05
29.17602670593308,0.0,0.6859137716859742,768.8817162615479,0.006709013193245453,4.836058516341931,2022-08-06
17.393329743877455,0.0,0.40862322809112084,764.0454483508518,0.004025407915947271,4.805510726634675,2022-08-07
24.020988152572343,0.0,0.24351547361452047,759.2518260658807,0.002415244749568363,4.7752840521928235,2022-08-08
31.497378352444663,0.0,0.1451510028760757,754.4955682457619,0.0014491468497410177,4.745323912911754,2022-08-09
32.75255063308554,0.0,0.08653015657122097,749.7734516965285,0.0008694881098446106,4.715597301536012,2022-08-10
25.387849661296336,0.0,0.051587836819217636,745.0834805557835,0.0005216928659067664,4.686084073103302,2022-08-11
20.25814360645225,0.0,0.03075718406147194,740.4243911503196,0.0003130157195440598,4.656771753473647,2022-08-12
29.562587497861525,0.0,0.018338232778262447,735.7953568099565,0.00018780943172643584,4.627652444689497,2022-08-13
25.893293821125987,0.0,0.010933907207040893,731.1958118761463,0.0001126856590358615,4.598720980062228,2022-08-14
17.465541360542755,0.0,0.00651924769735642,729.5715736141606,0.0048676113954215176,4.588723824225914,2022-08-15
21.306304007495417,0.0,0.0038870676416639304,725.9726817151446,0.004520566837252911,4.566072335088504,2022-08-16
27.622970004191718,0.0,0.0023176519902539505,787.1504749662722,0.10991234010235175,4.956079260719654,2022-08-17
28.711174611322583,0.0,0.001381895673624692,792.4277981377118,0.323547404061411,5.0,2022-08-18
42.63370036068574,0.0,0.0008239537479329645,785.946411205777,0.19412844243684663,4.952673738360699,2022-08-19
41.637187272095844,0.0,0.035514437759818385,780.124520365588,0.11647706546210797,4.912165070036107,2022-08-20
35.57789662933834,0.0,0.03281956392745349,774.7069499223958,0.06988623927726478,4.875778252284925,2022-08-21
34.27920836492981,0.0,0.8661274881527048,769.5422136545712,0.04193174356635887,4.841918437014973,2022-08-22
37.56537158294499,0.0,2.572201862288218,764.5401753978853,0.02515904613981532,4.809638835341071,2022-08-23
22.665406214537967,0.0,1.5287131935740808,759.6471100086651,0.015095427683889192,4.778376096236783,2022-08-24
22.220266904630055,0.0,0.9097257701530085,754.83094240295,0.009057256610333514,4.747794437554157,2022-08-25
36.784523362271194,0.0,0.5417921909072884,750.0724852038328,0.005434353966200108,4.717693390018438,2022-08-26
25.915395156188087,0.0,0.3228178308095178,745.3602280709763,0.003260612379720065,4.687953032523955,2022-08-27
37.333539508143225,0.0,0.19239942134496782,740.6872357982153,0.001956367427832039,4.6585014254436015,2022-08-28
37.05148589903589,0.0,0.11468929298339568,736.0493005757968,0.0011738204566992233,4.629295223738846,2022-08-29
26.79711719293679,0.0,0.06837316816092691,731.4438409084559,0.0007042922740195339,4.60030812859873,2022-08-30
29.72564923773392,0.0,0.04076380909872673,726.8692453194361,0.0004225753644117203,4.571524005677849,2022-08-31
26.41765848528262,0.0,0.024304100332496182,722.3244811123612,0.00025354521864703216,4.542932783246475,2022-09-01
28.98331722021986,0.0,0.01449084731748271,717.8088611217199,0.0001521271311882193,4.514528006952258,2022-09-02
20.70734399887768,0.0,0.008639998679622217,713.3219046454251,9.127627871293157e-05,4.48630538201075,2022-09-03
22.31537880793087,0.0,0.00515153874219934,708.8632545267786,5.4765767227758946e-05,4.458261904033907,2022-09-04
24.473610845840668,0.0,0.003071583341959829,704.4326277131503,3.285946033665536e-05,4.430395340792367,2022-09-05
25.318556710254196,0.0,0.0018314238284649269,712.8002399031428,0.020819715676201993,4.4839539232071886,2022-09-06
22.896748433061553,9.628202469258667,0.0010919836890427611,792.4838899562245,0.3164918294057212,5.0,2022-09-07
42.05755343014148,0.0,0.0006510942840991836,792.3455339737347,0.33389509764343267,5.0,2022-09-08
35.48732998242067,0.0,0.0003882146125459631,785.8159336606517,0.2003370585860596,4.952159587335842,2022-09-09
28.809196751910566,0.0,0.00023147283596258646,792.5561522305445,0.3074022351516357,5.0,2022-09-10
28.08916880378027,0.0,0.148433886800319,786.150011340506,0.18444134109098143,4.953475951440903,2022-09-11
30.24569353720916,0.0,2.5161100437754835,780.3720198413755,0.11066480465458886,4.913437570878163,2022-09-12
29.0582961223255,0.0,2.6544660262652897,774.9797749039575,0.06639888279275331,4.877325124008597,2022-09-13
28.340824616885147,0.0,1.5774407257472318,769.8293342305357,0.039839329675651985,4.843623593149735,2022-09-14
41.84827060403718,0.0,2.443847769455504,764.8350340894264,0.023903597805391193,4.811433338940848,2022-09-15
40.591765197807995,0.0,1.4526649385976398,793.8047798384683,0.15034215868323472,5.0,2022-09-16
47.1568708390145,0.0,0.8645539282523618,793.519667903081,0.18620529520994084,5.0,2022-09-17
49.802681841398,0.0,0.5149198134094046,792.5854007418486,0.3037231771259645,5.0,2022-09-18
58.86879451823128,0.0,0.30681708027209076,792.4064404451092,0.3262339062755787,5.0,2022-09-19
62.23743678184312,0.0,0.18286680216837303,792.8714642670654,0.2677403437653472,5.0,2022-09-20
47.91493713730196,0.0,1.1952201615317162,786.6502761829089,0.16064420625920833,4.955446651669159,2022-09-21
34.89128228238117,0.0,1.4803320969190297,780.9802260067855,0.096386523755525,4.916564226143181,2022-09-22
33.95740936942871,0.0,2.414599258151418,775.650266628445,0.057831914253315,4.88112641254241,2022-09-23
28.331525621657224,0.0,2.5935595548908505,792.8670217690117,0.268299148551989,5.0,2022-09-24
47.44825537299434,0.0,2.1285357329345103,793.4658130614071,0.1929794891311934,5.0,2022-09-25
48.19988021761431,0.0,1.2657414324874177,793.8886878368442,0.13978769347871603,5.0,2022-09-26
30.367463057483132,0.0,0.7534859499801554,792.6032927021065,0.30147261608722964,5.0,2022-09-27
52.173946553279805,53.434385323514306,0.4488329657980925,791.0815756212639,0.49288356965233776,5.0,2022-09-28
34.807031496340066,0.0,2.1329782309883125,792.2037453727584,0.35173014179140266,5.0,2022-09-29
32.96605889780404,0.0,1.5341869385929876,785.5910694226411,0.2110380850748416,4.95127340857974,2022-09-30
28.592615338682425,0.0,1.1113121631557925,792.021748334193,0.37462285104490495,5.0,2022-10-01
32.592201203209456,0.0,2.396707297893476,792.8314490005158,0.27277371062694294,5.0,2022-10-02
23.418660721925672,0.0,3.918424378736085,793.5335094003095,0.18446422637616577,5.0,2022-10-03
20.241816433155407,0.0,2.7962546272416513,787.7011428925014,0.11067853582569948,4.959584433751934,2022-10-04
30.086192160306922,0.0,1.6614025415375568,782.2581904047855,0.06640712149541968,4.923132143078133,2022-10-05
34.07651391593594,0.0,2.9782516658069946,788.8280437661383,0.05904427289725181,4.964113690029909,2022-10-06
29.608268349561566,0.0,2.1685509994841965,783.6201604145749,0.03542656373835108,4.930175273538364,2022-10-07
39.11851700973694,0.0,1.466490599690518,786.4046256994898,0.034055938243010654,4.947626002591093,2022-10-08
26.5448647629478,0.0,0.8727820740562359,781.3299106201932,0.02043356294580639,4.915028910621811,2022-10-09
45.87384729294212,0.0,0.5198203446377989,776.351405256128,0.012260137767483833,4.883311941376208,2022-10-10
33.41712800632471,0.0,0.46603294861730443,771.44245685374,0.0073560826604902995,4.8521962828508,2022-10-11
26.45305186632134,0.0,0.27770807802510644,766.5871055363145,0.004413649596294179,4.821515355335875,2022-10-12
29.657722405619964,0.0,0.267908712494072,796.1117579276305,0.11144818975777651,3.0,2022-10-13
23.319733243373566,0.0,0.15968616867478191,793.1963921348554,0.2268689138546659,5.0,2022-10-14
29.681914409285625,0.0,0.09519342268896527,793.5362352809133,0.18412134831279953,5.0,2022-10-15
33.68123930160653,0.0,0.05675211953710307,793.8927811685479,0.1392728089876797,5.0,2022-10-16
32.11376056777612,0.0,0.033835962089550954,795.0419050642748,0.12036368539260783,4.0,2022-10-17
29.86100576151406,0.0,0.8882420723694788,793.9043452206772,0.13781821123556473,5.0,2022-10-18
31.368066685372906,0.0,1.803607865144594,788.2900592454234,0.08269092674133882,4.961902157629233,2022-10-19
39.674200011223746,0.0,1.4637647190867562,783.9009372144253,0.0496145560448033,4.0,2022-10-20
28.184136006734246,0.0,1.1072188314520537,794.4962185676662,0.06336873362688197,5.0,2022-10-21
26.635380695366386,0.0,0.9580949357251584,789.230427869388,0.038021240176129185,4.965601366047913,2022-10-22
32.56630656242433,0.0,1.0956547793227396,784.1188178592773,0.02281274410567751,4.932690174183675,2022-10-23
33.566526244980906,0.0,0.6523838176245937,784.0167535813846,0.021687646463406506,4.931992611620483,2022-10-24
25.80975372634842,0.0,0.3891220309981416,793.1666299263695,0.23061258787804395,5.0,2022-10-25
22.70321421748366,0.0,0.5037814323337116,787.1187125172978,0.13836755272682635,4.957291437039809,2022-10-26
25.311160932395758,0.0,0.3001893322303024,781.549834612699,0.08302053163609581,4.919491953233111,2022-10-27
29.438081860537974,0.0,0.1789198359270248,776.2782732253555,0.049812318981657486,4.884686466329368,2022-10-28
25.218560916331477,0.0,0.17007166627232323,771.1959747501966,0.02988739138899449,4.851739207658472,2022-10-29
31.933364562585883,0.0,1.8333700736304495,766.2385700312456,0.017932434833396693,4.819974842188729,2022-10-30
38.95203207622719,0.0,1.0906259720319926,761.3676510988277,0.010759460900038015,4.788991062695285,2022-10-31
29.252978058660833,0.0,0.6493859513656842,759.5048562462657,0.011255676540022809,4.777297819367673,2022-11-01
32.79184368286193,0.0,0.38687492101403226,794.2212704229041,0.09795340592401369,5.0,2022-11-02
26.610975377375365,0.0,0.23055926750042383,788.7935247872333,0.05877204355440822,4.963882940143151,2022-11-03
36.665815395247954,0.0,0.13742987676229582,793.6638973522455,0.16806322613264493,5.0,2022-11-04
35.18763868926423,0.0,0.08192786972262527,793.9948184113473,0.12643793567958694,5.0,2022-11-05
44.0106724782152,0.0,0.08549703319435256,796.7689831639661,0.1542627614077522,2.0,2022-11-06
36.60792014053152,0.0,0.7787295770959088,793.7986010515166,0.27655765684465133,4.0,2022-11-07
22.471283291198592,0.0,0.4638626955277527,793.515459976851,0.1867345941067908,5.0,2022-11-08
25.15668725059135,0.0,1.3361026477545273,788.6524880566724,0.11364075646407447,4.96572162485532,2022-11-09
23.48040435035481,0.0,1.0051815886527162,794.2671335916664,0.09218445387844469,5.0,2022-11-10
19.244364310628782,0.0,1.2310168360338625,788.8663952306289,0.05531067232706681,4.964169584947915,2022-11-11
25.874189106210913,0.0,2.201398948483425,785.6375109725242,0.036386403396240094,4.94291497019143,2022-11-12
30.412859019676638,0.0,1.484540023148987,780.5568293831885,0.02183184203774405,4.910234443578276,2022-11-13
37.77066275102482,0.0,0.8972502953233287,775.5767422763927,0.01309910522264643,4.878480183644928,2022-11-14
38.96293644708359,0.0,0.7328664083336354,771.650136771467,0.009459463133587859,4.853604639227454,2022-11-15
31.331083459676147,0.0,0.4365687760895821,793.8100783608528,0.1496756778801527,5.0,2022-11-16
24.273073894726334,0.0,0.2859692879133322,796.1730948002426,0.35380540672809163,1.0,2022-11-17
43.82188007389377,0.0,0.17044714575738068,793.8033665450263,0.40108324403685497,3.0,2022-11-18
30.974365884678296,0.0,0.10160692315093504,792.7306729259442,0.28544994642211297,5.0,2022-11-19
35.315050735843435,0.0,0.07300086569815514,789.376388756618,0.17126996785326778,2.0,2022-11-20
27.92143339327513,0.0,1.189921639147214,793.7173746335328,0.2867619807119607,4.0,2022-11-21
41.93086941979384,0.0,2.826905199757452,796.2311756363512,0.2216571884271764,2.0,2022-11-22
32.65113843672767,0.0,3.196633454973734,794.8649492680718,0.14259431305630582,4.0,2022-11-23
38.70292801294743,0.0,2.269327074055798,794.0908651267214,0.1143565878337835,5.0,2022-11-24
27.665141543927266,0.0,1.3542841693261927,793.9838790760328,0.1278139527002701,5.0,2022-11-25
38.82223156149713,0.0,2.282625366467207,794.3106201742006,0.08468837162016206,4.0,2022-11-26
25.263500709101535,0.0,1.7688243636488676,798.325539946453,0.08441302297209724,1.0,2022-11-27
34.201793122138966,0.0,1.1350507319281944,794.9640809241474,0.25544781378325837,3.0,2022-11-28
41.110764642286796,0.0,0.9091348732785788,792.709072316096,0.15806868826995504,4.0,2022-11-29
33.047702785372074,0.0,1.0161209239671474,796.0910915326931,0.11404121296197302,3.0,2022-11-30
32.20727006655744,0.0,0.6732589018322904,791.5545998490504,0.0700247277771838,4.981819322079332,2022-12-01
33.261291045515,0.0,0.674460053547057,789.2228697735325,0.04201483666631028,2.0,2022-12-02
16.499531214474683,0.0,2.0359190758525694,788.0241674427514,0.02520890199978617,1.0,2022-12-03
38.21875731684369,0.0,1.2550086080514042,786.9051273521002,0.0151253411998717,1.0,2022-12-04
29.734572197210888,0.0,0.908908467306925,785.8338048528886,0.00907520471992302,1.0,2022-12-05
23.988471507328818,0.0,0.554672361563314,784.7659550064324,0.008645122831953813,3.0,2022-12-06
30.188970564190228,0.0,0.3317300755179182,796.6526110226176,0.04358707369917229,3.0,2022-12-07
35.09789698116395,0.0,0.19870233078111196,797.0252250911284,0.12215224421950337,2.0,2022-12-08
41.12318407705349,0.0,0.1190400906511657,793.4432733118578,0.07329134653170202,3.0,2022-12-09
30.885624124329837,0.0,0.07132249921157482,792.0947979045517,0.04397480791902121,1.0,2022-12-10
27.777672369487796,0.0,0.06784984645622892,789.8863323026976,0.026384884751412725,2.0,2022-12-11
27.412280630775044,0.0,0.3473889773824032,784.8252779064827,0.015830930850847632,4.93678957689186,2022-12-12
25.30855867254089,0.0,0.9747749088716369,782.7509207894257,0.009498558510508579,2.0,2022-12-13
25.991659012380065,0.0,0.5819517792706659,778.7065387223083,0.005699135106305147,4.0,2022-12-14
14.633204096210179,0.0,0.3484754073060937,774.6800477789168,0.003419481063783088,4.0,2022-12-15
31.722195761575918,0.0,0.20846560185402324,770.6642358239391,0.0020516886382698526,4.0,2022-12-16
31.893625096424522,0.0,0.12426481932296699,767.6547857759952,0.0012310131829619114,3.0,2022-12-17
34.875203549498444,0.0,0.07435711705699864,766.6491232031067,0.0007386079097771468,1.0,2022-12-18
36.99172475704978,0.0,0.044382067117384745,797.8970351136805,0.13804316474586628,1.0,2022-12-19
34.627517301882776,0.0,0.02649094339149873,798.1208930682083,0.11002589884751977,1.0,2022-12-20
40.32444016173104,0.0,0.015811954977692708,797.1156919963181,0.11081553930851186,2.0,2022-12-21
39.5090325407523,0.0,0.009450047943876506,794.8976249842625,0.13848932358510713,4.0,2022-12-22
42.133813186955166,0.0,0.005662572888426541,797.811938182733,0.14869359415106428,1.0,2022-12-23
51.814520153371554,0.0,1.1029648863194714,794.7459552327696,0.2828161564906386,3.0,2022-12-24
52.71324089202293,0.0,0.879106931791683,795.355715654368,0.17448969389438318,1.0,2022-12-25
50.13466180312963,0.0,0.8843080036819247,795.043414283797,0.24549381633662992,3.0,2022-12-26
51.28301876337683,0.0,1.1023750157374528,790.8767637209361,0.14729628980197793,3.0,2022-12-27
35.51585254467696,0.0,1.1880618172670037,798.0556959671296,0.10277777388118677,1.0,2022-12-28
41.72293805214583,0.0,2.25404476723039,796.8822680186569,0.14006666432871204,2.0,2022-12-29
36.92070364164131,0.0,1.390239578401539,797.7915924112082,0.15123999859722723,1.0,2022-12-30
45.3400978587725,0.0,1.9565857162029408,796.1911634467249,0.3515439991583363,1.0,2022-12-31
61.32765297843181,0.0,1.1666505628609423,794.0309645960249,0.37252639949500177,3.0,2023-01-01
52.38490759073548,0.0,0.8210677538064464,795.348119599218,0.33231583969700107,2.0,2023-01-02
53.59107218414166,0.0,1.1177319813431221,796.0769037595308,0.24098950381820064,2.0,2023-01-03
40.87914645047307,0.0,1.2084075887918455,795.0969262557185,0.36379370229092034,2.0,2023-01-04
48.34151107028384,0.0,2.808836553275107,795.0308025156448,0.2470762213745522,3.0,2023-01-05
47.2896800933789,0.0,2.9690354039751643,794.3869399667151,0.2026457328247313,4.0,2023-01-06
39.74809834066476,0.0,2.6518804007820687,795.9416841056321,0.13278743969483878,3.0,2023-01-07
34.781631804398856,0.0,1.9230962404692413,794.2521239126556,0.09407246381690326,5.0,2023-01-08
40.177612682639314,0.0,2.9030737442815444,795.7850254780276,0.15244347829014196,3.0,2023-01-09
36.881817861701904,0.0,1.9691974843551812,796.8742926259469,0.14106608697408518,2.0,2023-01-10
48.720101028292135,0.0,1.6130600332848612,792.7371147651336,0.2846396521844511,5.0,2023-01-11
55.196568510212686,0.0,1.058315894367865,795.6283495074277,0.42198379131067065,1.0,2023-01-12
67.63628071954359,11.20586045300854,0.7478760873443809,794.0388056072045,0.4963902747864024,2.0,2023-01-13
94.63272834367658,0.0,1.2149745219724313,796.390193022674,0.32663416487184144,1.0,2023-01-14
78.34762224425354,17.547709763083105,1.1257073740531998,794.3165876185936,0.4615804989231049,2.0,2023-01-15
75.84045244963643,0.0,2.262885234866386,796.0712790881627,0.36654829935386296,1.0,2023-01-16
65.75790291868641,0.0,3.3716504925722584,791.9032446120821,0.3895289796123178,5.0,2023-01-17
71.24501523387617,0.0,3.9611943927954916,786.0617777306402,0.23371738776739068,4.0,2023-01-18
49.405335930727105,0.0,2.609806977326013,792.5368480603496,0.3098304326604344,5.0,2023-01-19
59.96590052419542,0.0,3.683412381406377,797.1311529058258,0.23389825959626065,1.0,2023-01-20
52.11541277506176,0.0,2.928720911837365,794.3734619121683,0.2043389557577564,4.0,2023-01-21
44.89624207973024,0.0,3.0967553879179266,791.4019853175046,0.12260337345465383,2.0,2023-01-22
36.76424684922559,0.0,1.8414668814418724,786.8227564795156,0.0735620240727923,4.0,2023-01-23
36.806679148702884,0.0,2.4631519396504538,785.475916204341,0.044137214443675375,1.0,2023-01-24
32.845520030048,0.0,1.8688470941741224,784.2681687139046,0.026482328666205222,1.0,2023-01-25
32.11755737465698,0.0,1.626538087831741,794.6192792922621,0.047889397199723134,5.0,2023-01-26
26.781755105464182,0.0,0.9714765946637449,790.3921056080634,0.02873363831983388,4.0,2023-01-27
39.86734451229057,0.0,0.5792288379889072,785.3167415591862,0.017240182991900325,4.939950660050396,2023-01-28
28.032814233898378,0.0,0.3468402751745648,784.2356109742976,0.010344109795140196,1.0,2023-01-29
29.67858536687099,0.0,0.2077474904364583,782.2292831294322,0.011006465877084117,4.92022256858936,2023-01-30
27.746612601577127,0.0,0.3807207077377989,779.2514457463341,0.009803879526250472,4.901433019558952,2023-01-31
32.80909763156891,0.0,0.2271736841987159,776.205784092397,0.0058823277157502825,3.0,2023-02-01
23.03810138050283,0.0,0.13541338882686194,796.5765587088633,0.05312939662945017,3.0,2023-02-02
30.893960997155265,0.0,0.08113058488854819,796.643919225318,0.044677637977670104,3.0,2023-02-03
30.421189484834642,0.0,0.08610527627605236,792.4314384769078,0.02680658278660206,4.0,2023-02-04
39.430943709008396,0.0,0.07640436353928984,794.5795726001079,0.05288394967196124,5.0,2023-02-05
42.086812405846494,0.0,0.04566165393704888,789.3629030035705,0.03173036980317674,4.966122328750674,2023-02-06
44.891925097466206,0.0,0.42344129113671786,784.2800434530018,0.019038221881906042,4.933518143772316,2023-02-07
37.823668658479725,0.0,0.35608077468203075,779.2892653201674,0.011422933129143626,4.901750271581261,2023-02-08
42.921608636148584,0.0,0.212480748410102,775.2361288555664,0.006853759877486176,4.0,2023-02-09
32.22636328990827,0.0,0.4204273998920919,770.3592226046513,0.004112255926491705,4.84522580534729,2023-02-10
37.958965177618715,0.0,0.25054726778672476,765.5255887744855,0.002467353555895023,4.8147451412790705,2023-02-11
34.740940195777014,0.0,0.1493414067964791,763.5142854490266,0.0014804121335370137,2.0,2023-02-12
46.4526736820652,0.0,0.08902786125317463,758.7355816569393,0.0008882472801222082,4.771964284056416,2023-02-13
26.910165994910827,0.0,0.05313646460097098,754.9711307836909,0.002132948368073325,4.748347385355871,2023-02-14
21.52792837873266,0.0,0.031680445567835606,750.2429597164363,0.001279769020843995,4.7185695673980685,2023-02-15
16.999055385553653,0.0,0.01888868888665049,745.5482163971845,0.000767861412506397,4.6890184982277265,2023-02-16
11.727607826640046,0.0,0.011303325458877408,773.2702213109021,0.053260716847503844,4.865926352482404,2023-02-17
11.219728581826251,0.0,0.006739508030883958,783.8858458879336,0.0575564301085023,4.932938883193138,2023-02-18
17.194687964708674,0.0,0.01610348789255767,796.4952291512211,0.06333385806510138,3.0,2023-02-19
35.648161274878056,0.0,0.009601499856534745,791.2163549661126,0.03800031483906083,4.978095182195132,2023-02-20
32.92686609787043,0.0,0.005724821024035249,789.0364121463235,0.022800188903436495,2.0,2023-02-21
30.527258423729997,0.0,0.4120687337999922,786.9035595079099,0.0168801133420619,4.0,2023-02-22
34.38572105880912,0.0,0.4514365397754306,795.0788045786783,0.11572806800523715,4.0,2023-02-23
39.62405522146203,0.0,0.504770848778858,790.5413372496921,0.07103684080314228,4.975492528616739,2023-02-24
30.51366215247634,0.0,0.30077900291334075,794.343154269369,0.08262210448188537,5.0,2023-02-25
38.33995139682072,0.0,0.17994281978908958,790.9483798921304,0.052773262689131226,4.977144714183557,2023-02-26
24.52092474265156,0.0,0.13285263841359682,785.7560722427996,0.03166395761347873,4.943427374325815,2023-02-27
21.303016108123433,0.0,0.9211954213216877,792.467271500246,0.038198374568087244,4.985975451517498,2023-02-28
21.654678580313984,0.0,0.5619748003693881,792.2380730072878,0.030919024740852348,4.984170446876538,2023-03-01
17.163318871036342,0.0,0.6568457306309887,787.1405322505842,0.018551414844511407,4.951487956295548,2023-03-02
27.606985213596797,0.0,0.4176296630550534,782.1338360970857,0.011130848906706844,4.919628326566151,2023-03-03
28.35454823375432,0.0,0.24888027500508134,777.1935912081607,0.006678509344024106,4.888336475606786,2023-03-04
21.956401497380703,0.0,0.30282529103612177,780.1549877489962,0.016807105606414463,4.907459945051004,2023-03-05
28.9272738391695,0.0,0.24502804608176526,775.2008378974767,0.010084263363848678,4.875968673431227,2023-03-06
30.2921448803468,0.0,0.1460528004079967,794.2395780637545,0.09565055801830921,5.0,2023-03-07
32.87000765289259,0.0,0.08706782693245897,794.4547068382527,0.06859033481098552,5.0,2023-03-08
33.67712215132049,0.0,0.05190841331822732,795.2775965609427,0.09075420088659132,4.0,2023-03-09
56.43002743869957,144.59555451703005,0.13114351411359665,792.9571974113603,0.5072525205319548,3.0,2023-03-10
74.82578727239681,84.65333271021802,0.0781811780882426,790.0618454770625,0.6211515123191729,5.0,2023-03-11
60.064358645808724,0.0,0.7604219362455583,787.0848978399223,0.3806909073915037,4.969136534231641,2023-03-12
34.825499187485235,0.0,0.5452931617473349,792.6117043717426,0.30041454443490223,5.0,2023-03-13
28.181042923198678,0.0,0.7224034390572669,792.6130226230455,0.3002487266609413,5.0,2023-03-14
30.50838220034373,0.0,4.04280258863968,792.9318135738273,0.2601492359965648,5.0,2023-03-15
40.73743134449681,0.0,4.938154522937424,790.6641522060836,0.16248954159793888,4.980823834836421,2023-03-16
33.876639437472285,0.0,3.0078111029085752,784.9564711204831,0.09749372495876332,4.941650951288023,2023-03-17
24.134051284018852,0.0,2.388295628257473,790.3798358500816,0.076096234975258,4.9747279445030195,2023-03-18
33.45693077041131,0.0,2.3869773769544835,794.306300959168,0.08725774098515479,5.0,2023-03-19
25.18495846224679,0.0,2.0681864261726903,790.8897663499148,0.05555464459109288,4.9769143809948,2023-03-20
32.134811902971144,0.0,1.2868375329072264,793.8446043453005,0.14533278675465572,5.0,2023-03-21
36.46212561416559,0.0,0.7660301343124661,795.0742293782444,0.09679967205279343,4.0,2023-03-22
42.8386212270138,0.0,0.6019073258985855,793.8005055643082,0.15087980323167607,5.0,2023-03-23
23.197644184707183,0.0,0.6936990408319806,793.160943338585,0.23132788193900564,5.0,2023-03-24
27.895677194019623,0.0,0.43962022825837954,792.9876707964321,0.14839672916340335,4.994755895866156,2023-03-25
26.299086306494587,0.0,1.155395654699513,793.5289476018905,0.185038037498042,5.0,2023-03-26
41.81181872199768,0.0,0.7703749670561022,787.6938996833744,0.1110228224988252,4.959555922511816,2023-03-27
29.189570270338052,0.0,1.199494435691825,791.0731656010488,0.08101369349929512,4.97933687302109,2023-03-28
40.677198162202835,0.0,1.839056661415095,788.6887586307209,0.05340821609957708,4.962957285006555,2023-03-29
32.72673914934369,0.0,1.1785166462866976,783.5082987235785,0.032044929659746244,4.929304741442006,2023-03-30
34.010394538393015,0.0,1.4710523981094341,794.3765056855231,0.07842695779584775,5.0,2023-03-31
42.729168196603624,0.0,0.8754919960042622,793.5701434113138,0.17985617467750864,5.0,2023-04-01
39.533187627908795,0.0,0.641397209304464,793.7604860467883,0.15591370480650515,5.0,2023-04-02
40.147232232523066,0.0,0.4214496853212547,789.0417587833306,0.0951482228839031,4.967253037792426,2023-04-03
32.93748189084537,0.0,0.2511551657004307,784.6432286259569,0.05868893373034185,4.937760992395816,2023-04-04
29.392970167305442,0.0,0.6234943144769897,779.4646360706557,0.035213360238205114,4.904020178912231,2023-04-05
32.391378100383264,0.0,1.4298565886861936,774.429325964915,0.021128016142923065,4.871653975441598,2023-04-06
35.99158686022996,0.0,1.239513953211716,794.2250593629983,0.09747680968575385,5.0,2023-04-07
33.62375309181557,0.0,0.7514742256653836,788.7995447869105,0.05848608581145231,4.963906621018739,2023-04-08
31.450653790231115,0.0,0.46076916497778625,783.5944748622255,0.035091651486871385,4.9299971549181905,2023-04-09
36.14338651993064,0.0,0.27457237638898696,778.5330548099314,0.02105499089212283,4.897465467888909,2023-04-10
32.33210771075418,0.0,0.163656130299026,793.7547676934446,0.15663299453527368,5.0,2023-04-11
27.946699541451483,0.0,0.7749406370017432,793.3370206160668,0.2091797967211642,5.0,2023-04-12
44.798366761808765,0.0,0.4616079550691319,793.3534923696401,0.20710787803269853,5.0,2023-04-13
28.781811854301722,0.0,0.275072769766734,787.4153361082604,0.12426472681961911,4.95845932731025,2023-04-14
35.51836139674443,0.0,0.16395458440521044,781.9105718459596,0.07455883609177147,4.921345850676627,2023-04-15
34.61044746057211,0.0,1.2452323065554258,780.5992647661552,0.05113530165506287,4.911941074037247,2023-04-16
43.63253247634327,0.0,1.6629793839332556,775.4825191448214,0.030681180993037724,4.87874540478847,2023-04-17
26.37453148580596,0.0,1.6465076303599533,770.4938893099876,0.018408708595822634,4.8467657446551335,2023-04-18
33.65574239395907,0.0,0.979696934069497,765.5937316093068,0.011045225157493581,4.8155868081874225,2023-04-19
30.015905649880498,0.0,0.5834184116241141,773.5153094943591,0.027427135094496152,4.866210822558167,2023-04-20
36.65446110490207,0.0,0.39936600576713316,794.1186925655993,0.1108562810566977,5.0,2023-04-21
35.37430018406358,0.0,0.2380002165453932,794.2168155393596,0.09851376863401862,5.0,2023-04-22
39.88258447665186,0.0,0.14186409017865892,793.8940893236157,0.13910826118041117,5.0,2023-04-23
56.37411430620082,106.36229047581429,0.08457089249339865,791.1564535941694,0.4834649567082467,5.0,2023-04-24
33.588379598531056,0.0,0.21221129238947736,792.3377121565017,0.33487897402494804,5.0,2023-04-25
37.946111319240636,0.0,0.8813074344007468,787.761774790247,0.2041273844149688,4.9646107009781355,2023-04-26
28.268706791544382,0.0,0.783184460640448,781.8794713346764,0.12247643064898128,4.923511092439044,2023-04-27
31.92702407492663,0.0,1.105910676384269,786.2260333723912,0.08948585838938877,4.949246695841728,2023-04-28
39.042014444955974,0.0,3.843546405830561,787.756851375559,0.06489151503363326,4.957662708577445,2023-04-29
38.03794466697359,0.0,2.662287843498337,782.528575593662,0.03893490902017995,4.9234803210972435,2023-04-30
43.28262766548501,0.0,1.6113266652764784,777.4561084607817,0.02336094541210797,4.890803597460388,2023-05-01
31.567973508661808,0.0,0.958792363131535,773.469949461994,0.015616567247264781,4.865350677879886,2023-05-02
43.30356257647707,0.0,0.7041912664436066,768.563741565435,0.009369940348358868,4.834187184137463,2023-05-03
39.61179139501648,0.0,0.5115192882546846,763.7172798545422,0.005621964209015321,4.8035233847839685,2023-05-04
36.448076141679714,0.0,0.3047954607996624,758.918446317843,0.0033731785254091924,4.773232999090889,2023-05-05
37.900414005106974,0.0,0.1816635354199653,793.7119099384338,0.16202390711524553,5.0,2023-05-06
38.30768707277163,0.0,0.12080832090779207,793.5402659630603,0.1836143442691473,5.0,2023-05-07
46.3851269499111,52.74909344352747,0.07202071242158864,791.5038395778362,0.4397686065614884,5.0,2023-05-08
34.407497577192494,0.0,0.042938326108813527,792.6224637467017,0.299061163936893,5.0,2023-05-09
43.34776045696714,0.0,0.025600537608399566,791.9198782480211,0.3874366983621358,5.0,2023-05-10
39.272876552331276,0.0,1.288090061566202,792.9865669488127,0.2532620190172815,5.0,2023-05-11
27.394773931398763,0.0,1.4597340369397211,792.4563401692876,0.3199572114103689,5.0,2023-05-12
48.87173635883926,0.0,3.4961604221638334,785.991683523168,0.19197432684622134,4.952852126058048,2023-05-13
40.16290581530356,0.0,2.3775362532982998,780.1795525384548,0.1151845961077328,4.912448022019801,2023-05-14
35.77410348918214,0.0,3.0801217519789796,774.7676122601849,0.06911075766463967,4.876122203365342,2023-05-15
21.340418093509278,0.0,2.013433051187388,769.6060539525009,0.04146645459878381,4.842297576626155,2023-05-16
32.04211085610557,0.0,2.543659830712433,764.6057358396204,0.02487987275927028,4.810037837203131,2023-05-17
37.49203384205228,0.0,1.5118045200615031,759.7135236036138,0.014927923655562168,4.778785848997627,2023-05-18
36.22473051828936,0.0,0.8996829626933647,754.8976936936641,0.0089567541933373,4.748209522522586,2023-05-19
39.488445363668845,0.0,0.5358180749045222,750.1392680633182,0.00537405251600238,4.718110585585401,2023-05-20
40.15937162139913,0.0,0.3192607310578013,745.4268610842904,0.003224431509601428,4.688370425395739,2023-05-21
44.19873823432584,0.0,0.19028027567745429,740.7536118695294,0.0019346589057608568,4.658917881776815,2023-05-22
38.28341242895764,0.0,0.1134263870089867,736.1153569033708,0.001160795343456514,4.629710074184558,2023-05-23
39.24347732931312,0.0,0.06762038742720027,731.5095410900263,0.0006964772060739083,4.6007209806460665,2023-05-24
37.98726778804647,0.0,0.040315044760555876,726.9345686853749,0.00041788632364434496,4.571934631812665,2023-05-25
40.77243107058724,0.0,0.02403655363204386,722.3894163666052,0.00025073179418660696,4.543341054283593,2023-05-26
31.467181633036564,0.0,0.014331332984188956,717.873402550572,0.00015043907651196418,4.514933852291283,2023-05-27
42.96426315817799,0.0,0.008544891974110765,713.3860498572185,9.026344590717849e-05,4.486708765941075,2023-05-28
41.548330607793545,0.0,0.005094832698296315,708.9270031042378,5.4158067544307094e-05,4.458662811607615,2023-05-29
43.79658210691299,0.0,0.003037772838816426,704.4959804099166,3.249484052658426e-05,4.430793769401486,2023-05-30
35.83953957481317,0.0,0.0018112644860860914,700.0927440359155,1.9496904315950557e-05,4.403099877561979,2023-05-31
27.99091796918071,0.0,0.0010799637420095757,695.7170829997051,1.1698142589570333e-05,4.375579650224472,2023-06-01
30.84354733830059,0.0,0.0006439274124532994,691.3688027045685,7.018885553742199e-06,4.348231768748157,2023-06-02
29.03432635016715,0.0,0.00038394137311625334,687.0477187538079,4.21133133224532e-06,4.321055016903553,2023-06-03
37.782194586181774,0.0,0.00022892491973918627,682.7536532597851,2.5267987993471917e-06,4.294048242211299,2023-06-04
33.597116021973186,0.0,0.0001364964390401752,678.4864326405191,1.5160792796083148e-06,4.267210332873656,2023-06-05
34.299069178088025,0.0,8.138598590995357e-05,674.2458863032546,9.096475677649888e-07,4.240540204003244,2023-06-06
27.792041247430156,0.0,4.8526388422123034e-05,670.0318458569022,5.457885406589933e-07,4.214036789395341,2023-06-07
34.2360245937785,0.0,2.8933857065856405e-05,665.8441446398359,3.27473124395396e-07,4.187699036605639,2023-06-08
25.407014664039817,0.0,1.7251811548985905e-05,661.6826174357374,1.964838746372376e-07,4.1615259039989745,2023-06-09
36.531008743433524,0.0,1.0286392376166399e-05,657.5471003015796,1.1789032478234256e-07,4.135516358973359,2023-06-10
31.248005213272158,0.0,6.1332613613041095e-06,653.437430462491,7.073419486940553e-08,4.109669376884872,2023-06-11
33.003003108413495,0.0,3.6569570534121542e-06,649.3534462465115,4.2440516921643316e-08,4.083983940390569,2023-06-12
19.494001853391538,0.0,2.1804606311962933e-06,645.2949870431509,2.5464310152985987e-08,4.058459039040697,2023-06-13
21.4740011050847,0.0,1.3000996470933127e-06,641.2618932761554,1.5278586091791592e-08,4.033093669019693,2023-06-14
19.60200065890675,0.0,7.751844130562753e-07,637.2540063847614,9.167151655074956e-09,4.007886832975972,2023-06-15
18.44100039287315,0.0,4.622037057399107e-07,633.271168810025,5.500290993044973e-09,3.982837539904759,2023-06-16
21.393000234250618,0.0,2.755889593524861e-07,629.3132239841939,3.3001745958269842e-09,3.957944805062656,2023-06-17
28.89900013967193,0.0,1.6431991694418158e-07,625.3800163219095,1.9801047574961904e-09,3.933207649901212,2023-06-18
34.569000083279384,0.0,9.797575045301945e-08,625.4063626434288,0.006400001188062855,3.933625102011934,2023-06-19
22.590000049655337,0.0,5.8418041198687404e-08,621.4737073656786,0.0038400007128377126,3.90878976652143,2023-06-20
38.74500002960699,0.0,3.483175706152428e-08,787.3046975944117,0.27910400042770267,4.9654606710354905,2023-06-21
32.21100001765317,0.0,2.0768435146791532e-08,781.0738441364214,0.16746240025662157,4.920654359965074,2023-06-22
34.542000010525705,0.0,1.2383179455865782e-08,775.4122346250451,0.10047744015397295,4.881711525852634,2023-06-23
29.85102428999846,0.0,0.04002857646876969,770.1013612191084,0.060286464092383765,4.846326466406532,2023-06-24
41.150285684544436,0.0,0.023865511228742326,765.0114085839274,0.03617187845543026,4.813133507619428,2023-06-25
38.25101673519666,0.0,2.2035491002313647,760.0650935783863,0.021703127073258156,4.7813213036495466,2023-06-26
23.26266923332143,0.0,1.310199098025208,755.2163305997612,0.013021876243954893,4.750406834864914,2023-06-27
24.548913287695086,0.0,0.7798979855236305,787.7178795808974,0.06861312574637295,4.957602066248508,2023-06-28
38.48286489860068,0.0,0.4645469395302086,782.4723829099428,0.04116787544782377,4.923236747380609,2023-06-29
24.95829625842729,0.0,0.27681912756151617,777.3898621403597,0.02470072526869426,4.890452393187142,2023-06-30
27.833244646607845,0.0,0.16499370189158008,787.1317388667803,0.038820435161216554,4.9524366383772485,2023-07-01
32.67260272219613,0.0,0.09835614376015693,785.953728752974,0.02969226109672993,4.944573367917377,2023-07-02
39.18672160972314,0.0,0.5408489526154597,780.9023726161981,0.017815356658037955,4.9122108047060875,2023-07-03
37.37192093503785,0.0,0.3222599235739391,793.9737407487412,0.1290892139948228,5.0,2023-07-04
36.91663574466822,19.863776247316594,0.1920683763959529,792.0056044492447,0.37665352839689364,5.0,2023-07-05
54.34983363992183,0.0,0.30568663520215006,791.9313626695468,0.38599211703813613,5.0,2023-07-06
44.17242123400557,0.0,0.23343674588890262,785.1591790458789,0.23159527022288168,4.949571016684668,2023-07-07
39.03427353225936,0.0,0.13914533206983745,779.1677182316165,0.13895716213372902,4.907244869036743,2023-07-08
34.28032036357001,0.0,1.0262592512588413,773.6523545430194,0.0833742972802374,4.869798238947603,2023-07-09
43.49523621814201,0.0,2.9943955507553044,793.5847046019733,0.17802457836814245,5.0,2023-07-10
21.067341730885207,0.0,3.0686373304531824,787.7824326129352,0.10681474702088546,4.959904403762333,2023-07-11
33.52622071593582,0.0,1.822612606983322,794.2615336567104,0.09288884821253127,5.0,2023-07-12
34.13158355344182,0.0,1.0842159452256712,791.7990565891469,0.06053330892751876,4.98288458535444,2023-07-13
27.521730632201972,0.0,0.6455654496493826,786.5645285671923,0.03631998535651125,4.948744103682168,2023-07-14
29.418001088322725,0.0,1.4152953980267327,782.4591746572293,0.023391991213906754,4.922278303544952,2023-07-15
50.35101244748433,0.0,0.8423675852756825,793.7181802019097,0.16123519472834405,5.0,2023-07-16
39.61569639179618,0.0,0.7384663432896236,794.1164281211458,0.11114111683700643,5.0,2023-07-17
31.367653609877767,0.0,0.47959248220913614,790.5878143768381,0.06988467010220385,4.975727675757161,2023-07-18
34.29891633053153,0.0,0.28578391827238375,789.2400100648615,0.04833080206132231,4.966173839855238,2023-07-19
32.3216142654553,0.0,0.1830756064179945,787.0224184426236,0.03379848123679339,4.951500062905384,2023-07-20
33.53454682837678,0.0,1.2818197980903354,781.9449248587928,0.02027908874207603,4.9188901152663975,2023-07-21
32.04403609702607,0.0,0.8835718788542011,794.5725487467002,0.05376745324524562,5.0,2023-07-22
39.16995315826795,0.0,0.5528860685505246,794.2347292480201,0.09626047194714737,5.0,2023-07-23
39.4743859013031,0.0,0.38163047212129514,788.814908733845,0.05775628316828842,4.963967057800126,2023-07-24
34.00317782543257,0.0,0.26609155933244133,786.5556172273258,0.03945376990097306,4.9488431795865315,2023-07-25
30.257812948279753,0.0,0.1586034685644125,794.6082855175723,0.04927226194058383,5.0,2023-07-26
35.65233356530475,0.0,0.42745125329970274,793.2385713105434,0.2215633571643503,5.0,2023-07-27
49.61948013918285,0.0,0.7652707519798216,793.2689827863261,0.21773801429861017,5.0,2023-07-28
44.61347543791883,0.0,0.4558534563750918,793.8723496717956,0.1418428085791661,5.0,2023-07-29
38.77488107789273,0.0,0.310448326932617,788.239239674602,0.08510568514749965,4.961702185448723,2023-07-30
67.5883523540105,234.43395043946998,0.3917144824276414,790.1420458818465,0.6110634110884998,5.0,2023-07-31
62.9762143860381,0.0,1.7614286894565852,790.6987475291079,0.5410380466530998,5.0,2023-08-01
59.017364631622854,0.0,1.7310172136739508,791.4906885174647,0.4414228279918599,5.0,2023-08-02
39.568502778973716,0.0,1.1276503282043704,791.4570531104788,0.44565369679511596,5.0,2023-08-03
35.859696639983106,0.0,0.6714078117448312,792.2382318662873,0.34739221807706955,5.0,2023-08-04
29.63526100043054,0.0,4.8579541181535735,786.6248253758281,0.2100353308462417,4.957738949164296,2023-08-05
41.37813096742872,146.8206636717039,4.301252470892144,790.5255714718634,0.562821198507745,5.0,2023-08-06
52.05175458045723,152.82839820302235,3.5093114825352862,789.2243828831181,0.726492719104647,5.0,2023-08-07
55.877504856093,0.0,3.542946889521172,791.3183897298709,0.46309563146278815,5.0,2023-08-08
25.2345029136558,0.0,2.761768133712703,790.0575239405348,0.2874573788776729,4.983239935811693,2023-08-09
21.153317410100637,0.0,1.6556675412948643,783.7655337708766,0.17247442732660376,4.937859524628342,2023-08-10
37.85026424891608,0.0,4.474428528136573,778.0609913469207,0.10348465639596224,4.898534586067979,2023-08-11
32.19727454934965,0.0,5.775617116881943,792.7637381889913,0.2812907938375774,5.0,2023-08-12
43.90836872960979,0.0,3.6816102701291658,791.3762861716843,0.17677447630254642,4.986023363681196,2023-08-13
32.73398197549581,0.0,2.277625853524486,785.5960596791542,0.10606468578152785,4.946101788573028,2023-08-14
29.231011048275402,0.0,1.3541306450298878,780.1892649608038,0.0636388114689167,4.9099753729947135,2023-08-15
34.282106662204754,0.0,0.8060078378879412,778.9406498135442,0.04458328688135002,4.901182906005024,2023-08-16
28.666822539357426,0.0,2.23626181100874,773.8652066355264,0.02674997212881001,4.868379061334651,2023-08-17
28.99221435558188,0.0,1.4014286536257368,768.9051201405272,0.016049983277286007,4.83665754147204,2023-08-18
27.62800599836348,0.0,0.8341247039570372,764.0258804380154,0.009629989966371603,4.805657000878295,2023-08-19
26.83729644355232,0.0,0.49681934535566497,759.2068492244604,0.005777993979822962,4.7751617527375965,2023-08-20
29.743317405066463,0.0,0.3474322412546613,754.4356507621545,0.0034667963878937773,4.745042807652878,2023-08-21
24.584004499180605,0.0,0.20706411668306285,749.7048331764619,0.0020800778327362663,4.715222817263466,2023-08-22
27.950914610498078,0.0,0.12342895352715093,745.0098797818467,0.00124804669964176,4.6856552073528865,2023-08-23
21.995545296388432,0.0,0.07358270163344746,742.3117542611133,0.003948828019785056,4.668811748636542,2023-08-24
25.291289041694785,0.0,0.04386946081739792,748.4540649309799,0.019969296811871037,4.708198464131958,2023-08-25
24.151232306454958,0.0,0.026155654652896022,754.4842226435157,0.029581578087122622,4.746587905818624,2023-08-26
26.500255553164802,0.0,0.015594768429177152,793.5614558725244,0.18094894685227358,5.0,2023-08-27
40.435903459173,0.0,0.009298187262341636,789.7055602237309,0.11176936811136416,4.972259099203278,2023-08-28
29.184916706282337,0.0,0.02931377209686705,784.2436210570008,0.06706162086681848,4.935659751398318,2023-08-29
22.717067236101126,0.0,0.1494908660013198,793.9932360684653,0.1266369725200911,5.0,2023-08-30
35.748766224398715,0.0,0.22325438164555114,793.3910616410792,0.20238218351205467,5.0,2023-08-31
39.823762508354235,0.0,1.438544127475575,787.474979521298,0.12142931010723279,4.958694135256745,2023-09-01
38.00209106715172,0.0,0.8836365495902506,793.2123821907885,0.22485758606433967,5.0,2023-09-02
44.69133750303192,0.0,0.5262794153316643,787.1913343664276,0.1349145516386038,4.957577388692428,2023-09-03
41.652749341804515,0.0,1.0067639315347243,781.6381497647807,0.08094873098316228,4.919945839790173,2023-09-04
31.697597605082713,0.0,1.6089383589208348,776.3756483539935,0.04856923858989737,4.88523843602988,2023-09-05
37.55177978684578,0.0,0.9573879845244425,771.2984667562081,0.029141543153938416,4.852347802212459,2023-09-06
31.093475137829778,0.0,1.7876178092115005,766.3438332546938,0.01748492589236305,4.820615417226301,2023-09-07
33.71794987031822,0.0,1.0634704356684994,761.4742899859992,0.010490955535417831,4.789648957841836,2023-09-08
20.698252947578176,0.0,0.6332387618566758,756.6674436883155,0.006294573321250697,4.759214312412495,2023-09-09
30.38967352854365,0.0,0.3772629747572349,751.9098733817403,0.0037767439927504187,4.729171523051972,2023-09-10
33.73410872623705,0.0,0.2248337955729873,747.1935045379363,0.002266046395650251,4.6994367086358775,2023-09-11
19.3289153716448,0.0,0.13401808428799758,752.3304206975175,0.01735962783739015,4.732459403362102,2023-09-12
25.65491016422479,0.0,0.0798943108526967,789.7335160678649,0.07921577670243408,4.970815129359484,2023-09-13
28.858487187480552,0.0,0.047631985271231615,787.3666910841089,0.05232946602146045,4.954584475424156,2023-09-14
34.314138965994715,0.0,0.028398783523192885,782.1999794867321,0.03139767961287627,4.921041819275681,2023-09-15
29.858392314892928,0.0,0.016932135168153388,777.1647950012583,0.018838607767725758,4.888749871792076,2023-09-16
41.241030771498195,0.0,0.1306244370566984,794.337739840948,0.08330316466063546,5.0,2023-09-17
49.240176075249146,0.0,0.6260895002931108,792.7455239045688,0.28358189879638135,5.0,2023-09-18
36.74640443208211,0.0,0.4122405083318905,793.0749143427413,0.2421491392778288,5.0,2023-09-19
