Q,Qq,Qb,soil,wetness,Et,groundwater,percolation,target,date
1.4703516182379417e-15,0.0,0.0,-4.3648,0.11508549868350564,5.0,449.9630297876097,0.0,28.52,2020-10-22
1024.2899724392478,0.0,0.20483751073677586,22.827965261041196,0.04043656546231168,-26.486146095717885,449.95716217091615,0.29338083467669074,24.0,2020-10-23
48.415,0.01,0.0,-4.3648,0.05415090850458655,5.0,449.95716217091615,0.0,30.4,2020-10-24
1466.7294294169028,0.0,0.29331655422795777,-2.3648,0.16079470720959804,3.0,449.95716217091615,0.0,24.09,2020-10-25
3534.295,0.73,0.0,-4.3648,0.12692727290232353,5.0,449.95716217091615,0.0,22.96,2020-10-26
1985.015,0.41000000000000003,0.0,-4.3648,0.07345423633283331,5.0,449.95716217091615,0.0,31.29,2020-10-27
48.415,0.01,0.0,-4.3648,0.07036446717638657,5.0,449.95716217091615,0.0,28.61,2020-10-28
1.985217545907858e-15,0.0,0.0,-4.3648,0.12901765378367847,5.0,449.95716217091615,0.0,37.43,2020-10-29
4260.52,0.88,0.0,-3.3648,0.17244195984988545,4.0,449.95716217091615,0.0,31.16,2020-10-30
1936.6000000000001,0.4,0.0,-4.3648,0.12659541610261593,5.0,449.95716217091615,0.0,25.86,2020-10-31
871.4699999999999,0.18,0.0,-3.3648,0.06833073575712771,4.0,449.95716217091615,0.0,35.27,2020-11-01
2870.821789986586,0.29,0.2933280251947978,-3.3648,0.06332430909028176,4.0,449.95716217091615,0.0,31.85,2020-11-02
3146.975,0.65,0.0,16.04491356242314,0.021395675576962987,-18.614609571788414,449.95306425072886,0.20489600936527522,26.87,2020-11-03
5637.245238870674,0.77,0.3818198657875561,-4.3648,0.05354980850468691,5.0,449.95306425072886,0.0,21.87,2020-11-04
1839.77,0.38,0.0,29.61098358268295,0.014158703438843342,-34.357682619647356,449.9454262699896,0.38189903696440436,28.18,2020-11-05
2635.6124292731133,0.15,0.3818393019244302,-4.3648,0.05492389768683985,5.0,449.9454262699896,0.0,26.25,2020-11-06
1210.375,0.25,0.0,29.610964142515954,0.01470833911170452,-34.357682619647356,449.93778790044695,0.3819184771314034,25.67,2020-11-07
1515.4084929041646,0.01,0.2933693616446685,-4.3648,0.05514371961559559,5.0,449.93778790044695,0.0,27.52,2020-11-08
532.565,0.11,0.0,29.610944701359372,0.014796267883206817,-34.357682619647356,449.9301491420812,0.3819379182879839,21.66,2020-11-09
1.5029644195863056e-15,0.0,0.0,-4.3648,0.05517885878216154,5.0,449.9301491420812,0.0,20.05,2020-11-10
1.3912482277333993e-15,0.0,0.0,29.61092525921316,0.014810323549833195,-34.357682619647356,449.9225099948725,0.38195736043419587,27.33,2020-11-11
1467.050863800792,0.0,0.29338083467669074,-4.3648,0.11174637107111969,5.0,449.9225099948725,0.0,6.53,2020-11-12
4.53109771925142e-16,0.0,0.0,-2.3648,0.062391117744529205,3.0,449.9225099948725,0.0,10.13,2020-11-17
7.029099524658023e-16,0.0,0.0,16.04486624198659,0.021022399038661956,-18.614609571788414,449.9184111282765,0.20494332980182453,36.25,2020-11-18
2.5153490401663703e-15,0.0,0.0,-3.3648,0.07835420844686576,4.0,449.9184111282765,0.0,15.62,2020-11-19
1.083855227790309e-15,0.0,0.0,-1.3648,0.05901576840647274,2.0,449.9184111282765,0.0,32.03,2020-11-20
1646.1100000000001,0.34,0.0,9.261843275136787,0.021335845255380223,-10.743073047858942,449.91608253282203,0.11642977272215549,21.21,2020-11-21
726.225,0.15,0.0,-4.3648,0.10545792210884915,5.0,449.91608253282203,0.0,22.41,2020-11-22
1.5550061238656098e-15,0.0,0.0,29.610889456919015,0.03492194888050824,-34.357682619647356,449.9084426695675,0.381993162728342,27.91,2020-11-23
1258.79,0.26,0.0,-2.3648,0.0632290392772072,3.0,449.9084426695675,0.0,16.17,2020-11-24
968.3000000000001,0.2,0.0,16.044847031880604,0.021357567651733158,-18.614609571788414,449.9043434187694,0.20496253990781257,21.7,2020-11-25
1.5057399771478686e-15,0.0,0.0,-0.3648,0.035235009183969684,1.0,449.9043434187694,0.0,25.15,2020-11-26
3396.917494831059,0.49,0.20489600936527522,-1.3648,0.12162021439447511,2.0,449.9043434187694,0.0,27.85,2020-11-27
1.932481952238163e-15,0.0,0.0,2.4788232894643856,0.04804120960252202,-2.8715365239294712,449.9037851540801,0.02791323446508594,25.5,2020-11-28
1909.686134340504,0.0,0.38189903696440436,-2.3648,0.023340219442705566,3.0,449.9037851540801,0.0,27.65,2020-11-29
1.9186041644303486e-15,0.0,0.0,16.044840671654743,0.005402039717932504,-18.614609571788414,449.8996857760774,0.2049689001336702,22.06,2020-11-30
1909.7833448955828,0.0,0.3819184771314034,-3.3648,0.3099988133076707,4.0,449.8996857760774,0.0,41.06,2020-12-01
3146.975,0.65,0.0,-0.3648,0.12671982107168198,1.0,449.8996857760774,0.0,33.34,2020-12-02
1958.2955603990636,0.01,0.3819379182879839,-0.3648,0.06671691179281328,1.0,449.8996857760774,0.0,23.16,2020-12-03
1.607047828144914e-15,0.0,0.0,-1.3648,0.08763256878366876,2.0,449.8996857760774,0.0,19.88,2020-12-04
1909.9777808511965,0.0,0.38195736043419587,9.261828748448222,0.03278256540625864,-10.743073047858942,449.89735689008916,0.11644429941071918,20.83,2020-12-05
8182.134999999999,1.69,0.0,-1.3648,0.02852087435770383,2.0,449.89735689008916,0.0,27.39,2020-12-06
242.07500000000002,0.05,0.0,-0.3648,0.07069056785768413,1.0,449.89735689008916,0.0,26.54,2020-12-07
1508.9691206740238,0.1,0.20494332980182453,-1.3648,0.09753996096932135,2.0,449.89735689008916,0.0,27.27,2020-12-08
1791.355,0.37,0.0,2.478821990182197,0.038409108232460513,-2.8715365239294712,449.8967985994142,0.027914533747274317,22.76,2020-12-09
1.5792922525292853e-15,0.0,0.0,-2.3648,0.021150962685154217,3.0,449.8967985994142,0.0,26.43,2020-12-10
582.2070784971385,0.0,0.11642977272215549,16.044831130931634,0.004526337014911964,-18.614609571788414,449.89269903059704,0.20497844085677952,24.62,2020-12-11
1791.355,0.37,0.0,-0.3648,0.07009213927516714,1.0,449.89269903059704,0.0,22.08,2020-12-12
3943.5868102230743,0.42,0.381993162728342,-2.3648,0.05737452668973413,3.0,449.89269903059704,0.0,34.06,2020-12-13
48.415,0.01,0.0,-1.3648,0.07391409903079198,2.0,449.89269903059704,0.0,31.99,2020-12-14
1073.3301808090168,0.01,0.20496253990781257,-1.3648,0.03394952131287132,2.0,449.89269903059704,0.0,17.04,2020-12-15
1.1823875212257916e-15,0.0,0.0,9.261823328295128,0.011309346417939658,-10.743073047858942,449.8903700362058,0.11644971956381366,21.02,2020-12-16
1210.375,0.25,0.0,-3.3648,0.09479294558282396,4.0,449.8903700362058,0.0,23.46,2020-12-17
1011.0501289426621,0.18,0.02791323446508594,22.827823182868833,0.03231954422203901,-26.486146095717885,449.8844995779488,0.2935229128490511,22.99,2020-12-18
1597.6950000000002,0.33,0.0,-1.3648,0.05090386364922586,2.0,449.8844995779488,0.0,25.34,2020-12-19
1218.606985118418,0.04,0.2049689001336702,-2.3648,0.021418255256363178,3.0,449.8844995779488,0.0,26.69,2020-12-20
1.8519907829528395e-15,0.0,0.0,16.044814335592026,0.004633254043395549,-18.614609571788414,449.88039967322493,0.20499523619638924,29.49,2020-12-21
2178.675,0.45,0.0,-0.3648,0.4377873735249974,1.0,449.88039967322493,0.0,55.79,2020-12-22
3.8712089089898426e-15,0.0,0.0,-0.3648,0.27931398822700454,1.0,449.88039967322493,0.0,56.85,2020-12-23
3.944761184371259e-15,0.0,0.0,-1.3648,0.5070521756974562,2.0,449.88039967322493,0.0,50.85,2020-12-24
679.1097192033013,0.02,0.11644429941071918,-3.3648,0.21718626769118213,4.0,449.88039967322493,0.0,49.5,2020-12-25
3.434752482434078e-15,0.0,0.0,-0.3648,0.09791273258479079,1.0,449.88039967322493,0.0,32.6,2020-12-26
183632.400012419,37.92882371422473,0.0,0.6313975580934896,0.1716450930339163,0.0,449.8803236243868,0.0038024419065103543,28.7,2020-12-27
3050.145,0.63,0.0,-1.3648,0.33588217363183664,2.0,449.8803236243868,0.0,38.37,2020-12-28
200571.33046767974,41.39868715102272,0.027914533747274317,-2.3648,0.27016004135661636,3.0,449.8803236243868,0.0,53.44,2020-12-29
484.15000000000003,0.1,0.0,-1.3648,0.14738320323395893,2.0,449.8803236243868,0.0,40.7,2020-12-30
1509.1446935043261,0.1,0.20497844085677952,-2.3648,0.07830943656160576,3.0,449.8803236243868,0.0,35.13,2020-12-31
3873.2000000000003,0.8,0.0,16.04480863297914,0.02738972656549258,-18.614609571788414,449.8762236056106,0.20500093880927328,24.99,2021-01-01
7746.400000000001,1.6,0.0,-2.3648,0.04263856672542297,3.0,449.8762236056106,0.0,19.99,2021-01-02
4018.445,0.8300000000000001,0.0,16.04480303406154,0.013121378631019464,-18.614609571788414,449.8721234748561,0.20500653772687383,19.91,2021-01-03
1258.79,0.26,0.0,-0.3648,0.0419219760931756,1.0,449.8721234748561,0.0,33.02,2021-01-04
1211.70182267885,0.13,0.11644971956381366,2.478817297533177,0.01616191428200222,-2.8715365239294712,449.87156509032815,0.02791922639629427,25.56,2021-01-05
1.7735812818386875e-15,0.0,0.0,-1.3648,0.013915663250286764,2.0,449.87156509032815,0.0,26.37,2021-01-06
1613.00632570168,0.03,0.2935229128490511,-1.3648,0.03656752223172284,2.0,449.87156509032815,0.0,18.11,2021-01-07
1.256633685997599e-15,0.0,0.0,-2.3648,0.1387890791329849,3.0,449.87156509032815,0.0,33.16,2021-01-08
290.49,0.06,0.0,16.04479667247038,0.05158158359404425,-18.614609571788414,449.86746483234174,0.2050128993180351,22.42,2021-01-09
1025.0786786000444,0.0,0.20499523619638924,-1.3648,0.06562397725503608,2.0,449.86746483234174,0.0,25.17,2021-01-10
96.83,0.02,0.0,9.261803752196622,0.02397912879480556,-10.743073047858942,449.8651354464285,0.11646929566231964,29.45,2021-01-11
968.3000000000001,0.2,0.0,-3.3648,0.2595650773533695,4.0,449.8651354464285,0.0,39.05,2021-01-12
3679.54,0.76,0.0,-4.3648,0.12650935811325167,5.0,449.8651354464285,0.0,29.79,2021-01-13
2.067096493973963e-15,0.0,0.0,-2.3648,0.05166045304197351,3.0,449.8651354464285,0.0,28.53,2021-01-14
532.565,0.11,0.0,16.04478789225537,0.01673013315763968,-18.614609571788414,449.8610350128379,0.20502167953304393,31.01,2021-01-15
19.01411075350503,0.0,0.0038024419065103543,-0.3648,0.03338393700248255,1.0,449.8610350128379,0.0,25.8,2021-01-16
6826.514999999999,1.41,0.0,-3.3648,0.07097220696365478,4.0,449.8610350128379,0.0,16.18,2021-01-17
823.0550000000001,0.17,0.0,-1.3648,0.049408624005424936,2.0,449.8610350128379,0.0,20.73,2021-01-18
242.07500000000002,0.05,0.0,-0.3648,0.2686944662380295,1.0,449.8610350128379,0.0,41.23,2021-01-19
2.86090595658095e-15,0.0,0.0,-1.3648,0.17175076246563692,2.0,449.8610350128379,0.0,41.11,2021-01-20
1025.107194515771,0.0,0.20500093880927328,-3.3648,0.09970156191786289,4.0,449.8610350128379,0.0,35.45,2021-01-21
1694.525,0.35000000000000003,0.0,-4.3648,0.18067855452684942,5.0,449.8610350128379,0.0,37.73,2021-01-22
1799.7751919032326,0.16,0.20500653772687383,16.044782292771306,0.06833737375159005,-18.614609571788414,449.85693446725753,0.2050272790171083,29.68,2021-01-23
7310.665,1.51,0.0,-3.3648,0.05901758178066222,4.0,449.85693446725753,0.0,25.82,2021-01-24
2027.7950915946697,0.39,0.02791922639629427,22.827757803281976,0.018009398701174316,-26.486146095717885,449.8510627014088,0.2935882924359092,22.99,2021-01-25
968.3000000000001,0.2,0.0,-3.3648,0.09841444713842495,4.0,449.8510627014088,0.0,33.21,2021-01-26
4260.52,0.88,0.0,-1.3648,0.05373117626756962,2.0,449.8510627014088,0.0,27.55,2021-01-27
96.83,0.02,0.0,-0.3648,0.08742903242939383,1.0,449.8510627014088,0.0,39.72,2021-01-28
1170.4120030398344,0.03,0.2050128993180351,-3.3648,0.30719283293478894,4.0,449.8510627014088,0.0,52.06,2021-01-29
3.612388166374103e-15,0.0,0.0,-2.3648,0.12393384297058842,3.0,449.8510627014088,0.0,48.56,2021-01-30
2131.6847129594294,0.32,0.11646929566231964,16.044768674748312,0.04563948912908565,-18.614609571788414,449.846961883468,0.20504089704010436,31.08,2021-01-31
580.98,0.12,0.0,-1.3648,0.06823785074825807,2.0,449.846961883468,0.0,34.71,2021-02-01
1985.015,0.41000000000000003,0.0,-1.3648,0.03500619390373946,2.0,449.846961883468,0.0,37.53,2021-02-02
7940.06,1.6400000000000001,0.0,-0.3648,0.13982813375373238,1.0,449.846961883468,0.0,51.43,2021-02-03
1218.8709085049863,0.04,0.20502167953304393,-4.3648,0.24663676181942273,5.0,449.846961883468,0.0,62.67,2021-02-04
4.34860480957866e-15,0.0,0.0,-2.3648,0.10470217238026448,3.0,449.846961883468,0.0,49.06,2021-02-05
677.8100000000001,0.14,0.0,-1.3648,0.05125550850848288,2.0,449.846961883468,0.0,46.38,2021-02-06
290.49,0.06,0.0,-1.3648,0.09309310913352253,2.0,449.846961883468,0.0,32.69,2021-02-07
3727.955,0.77,0.0,-2.3648,0.0632477427291946,3.0,449.846961883468,0.0,23.91,2021-02-08
5567.725,1.1500000000000001,0.0,-4.3648,0.03800090855193662,5.0,449.846961883468,0.0,33.67,2021-02-09
387.32,0.08,0.0,29.610713531237554,0.007939143457743228,-34.357682619647356,449.83931850169984,0.38216908840980185,24.58,2021-02-10
387.32,0.08,0.0,-4.3648,0.05243562444060893,5.0,449.83931850169984,0.0,30.07,2021-02-11
3203.9139087250505,0.45,0.2050272790171083,29.610694077323874,0.01371302981321215,-34.357682619647356,449.83167473085336,0.38218854232348454,28.54,2021-02-12
823.0550000000001,0.17,0.0,-4.3648,0.054745146619539,5.0,449.83167473085336,0.0,26.96,2021-02-13
1952.2382563257643,0.1,0.2935882924359092,29.61067462241991,0.014636838684784177,-34.357682619647356,449.8240305709088,0.3822079972274482,20.24,2021-02-14
1.4044321261508229e-15,0.0,0.0,-1.3648,0.07175049732267137,2.0,449.8240305709088,0.0,25.84,2021-02-15
1.7930101847696277e-15,0.0,0.0,-4.3648,0.11127262037084304,5.0,449.8240305709088,0.0,37.6,2021-02-16
2.609024107869118e-15,0.0,0.0,-4.3648,0.05388368770471429,5.0,449.8240305709088,0.0,33.97,2021-02-17
2.3571422591572854e-15,0.0,0.0,29.610655166525614,0.014292255118854296,-34.357682619647356,449.81638602184637,0.3822274531217432,40.28,2021-02-18
2.7949864644938317e-15,0.0,0.0,-4.3648,0.18806364816560653,5.0,449.81638602184637,0.0,31.15,2021-02-19
1509.457005649042,0.1,0.20504089704010436,29.61063570964094,0.06796423930321119,-34.357682619647356,449.8087410836462,0.38224691000641997,37.18,2021-02-20
2469.165,0.51,0.0,-4.3648,0.07644553331588122,5.0,449.8087410836462,0.0,35.13,2021-02-21
484.15000000000003,0.1,0.0,29.61061625176583,0.02331699336332107,-34.357682619647356,449.8010957562886,0.3822663678815288,18.03,2021-02-22
1.2510825708744734e-15,0.0,0.0,-4.3648,0.058586602570077494,5.0,449.8010957562886,0.0,37.48,2021-02-23
3873.2000000000003,0.8,0.0,29.610596792900235,0.016173421064999575,-34.357682619647356,449.7934500397536,0.3822858267471203,24.44,2021-02-24
1.6958656701149267e-15,0.0,0.0,-4.3648,0.05572914127925346,5.0,449.7934500397536,0.0,28.76,2021-02-25
1.995625886763719e-15,0.0,0.0,29.610577333044112,0.015030436548669963,-34.357682619647356,449.7858039340216,0.3823052866032448,27.36,2021-02-26
1.898481372109018e-15,0.0,0.0,-4.3648,0.055271915099578336,5.0,449.7858039340216,0.0,36.39,2021-02-27
2.5250634916318402e-15,0.0,0.0,29.610557872197404,0.014847546076799915,-34.357682619647356,449.7781574390726,0.3823247474499526,33.34,2021-02-28
2.31342722756267e-15,0.0,0.0,-4.3648,0.055198726536039126,5.0,449.7781574390726,0.0,24.49,2021-03-01
1911.0365265932141,0.0,0.38216908840980185,29.610538410360064,0.01481827065138423,-34.357682619647356,449.7705105548868,0.3823442092872944,20.66,2021-03-02
1.4335754805472333e-15,0.0,0.0,-4.3648,0.055186983989433655,5.0,449.7705105548868,0.0,14.01,2021-03-03
1911.1338058885844,0.0,0.38218854232348454,29.610518947532036,0.01481357363274204,-34.357682619647356,449.7628632814445,0.3823636721153205,20.73,2021-03-04
1.4384327062799685e-15,0.0,0.0,-4.3648,0.05518507280388948,5.0,449.7628632814445,0.0,30.91,2021-03-05
1911.2310901358546,0.0,0.3822079972274482,29.610499483713276,0.014812809158524369,-34.357682619647356,449.7552156187258,0.38238313593408113,36.24,2021-03-06
2.5146551507759798e-15,0.0,0.0,-3.3648,0.05518473463446696,4.0,449.7552156187258,0.0,25.99,2021-03-07
1.8034185256254885e-15,0.0,0.0,22.82755890323326,0.016476259842696208,-26.486146095717885,449.7493398748761,0.29378719248462626,25.26,2021-03-08
1.752764600126966e-15,0.0,0.0,-4.3648,0.1726622285450451,5.0,449.7493398748761,0.0,26.05,2021-03-09
1911.328379335277,0.0,0.3822274531217432,29.610465063977085,0.06180367145498662,-34.357682619647356,449.7416915237627,0.38241755567027336,28.89,2021-03-10
2.004646448838798e-15,0.0,0.0,-4.3648,0.17379617940931327,5.0,449.7416915237627,0.0,36.79,2021-03-11
1911.425673487103,0.0,0.38224691000641997,16.04461931928314,0.06558442370457558,-18.614609571788414,449.7375877187126,0.2051902525052736,31.66,2021-03-12
2.1968538099770287e-15,0.0,0.0,-4.3648,0.3523708441349815,5.0,449.7375877187126,0.0,29.5,2021-03-13
5639.477972591585,0.77,0.3822663678815288,-4.3648,0.1503229772103697,5.0,449.7375877187126,0.0,34.06,2021-03-14
2.363387263670802e-15,0.0,0.0,-4.3648,0.1377108544700998,5.0,449.7375877187126,0.0,37.74,2021-03-15
4816.520276648975,0.6,0.3822858267471203,-4.3648,0.05946822348859446,5.0,449.7375877187126,0.0,43.22,2021-03-16
96.83,0.02,0.0,-4.3648,0.12964991416438418,5.0,449.7375877187126,0.0,44.51,2021-03-17
10626.417585659527,1.8,0.3823052866032448,29.61043515242242,0.04459874570272226,-34.357682619647356,449.72993876936806,0.3824474672249393,37.19,2021-03-18
484.15000000000003,0.1,0.0,-4.3648,0.11700658078973988,5.0,449.72993876936806,0.0,42.86,2021-03-19
4380.979899623488,0.51,0.3823247474499526,29.610415684338157,0.039541412352864534,-34.357682619647356,449.7222894306619,0.3824669353092015,35.28,2021-03-20
338.90500000000003,0.07,0.0,-4.3648,0.0983477555435568,5.0,449.7222894306619,0.0,25.38,2021-03-21
5204.132218541115,0.68,0.3823442092872944,29.61039621526289,0.0320778822543913,-34.357682619647356,449.7146397025742,0.38248640438446596,25.01,2021-03-22
1.735417365367198e-15,0.0,0.0,-4.3648,0.062090592076870385,5.0,449.7146397025742,0.0,20.22,2021-03-23
3364.45954241266,0.3,0.3823636721153205,29.610376745196575,0.017575016867716734,-34.357682619647356,449.7069895850852,0.3825058744507832,16.69,2021-03-24
1.1581013925621165e-15,0.0,0.0,-4.3648,0.05628941353207176,5.0,449.7069895850852,0.0,30.68,2021-03-25
2880.406871238373,0.2,0.38238313593408113,16.044571930891564,0.018581717353678983,-18.614609571788414,449.7028848322673,0.20523764089684982,29.58,2021-03-26
2.052524816775758e-15,0.0,0.0,-4.3648,0.06406875854554259,5.0,449.7028848322673,0.0,33.3,2021-03-27
1469.0828560193736,0.0,0.29378719248462626,16.044566325509237,0.021693455359067318,-18.614609571788414,449.6987799673417,0.20524324627917923,31.21,2021-03-28
2.165628787409446e-15,0.0,0.0,-4.3648,0.03703248323966818,5.0,449.6987799673417,0.0,23.73,2021-03-29
1912.2789871292018,0.0,0.38241755567027336,29.610336379043268,0.0075517733328358495,-34.357682619647356,449.6911290425296,0.3825462406040909,32.32,2021-03-30
96.83,0.02,0.0,-4.3648,0.05228004896555383,5.0,449.6911290425296,0.0,27.39,2021-03-31
1897.5238576526203,0.18,0.2051902525052736,29.61031690593105,0.01365079962319011,-34.357682619647356,449.68347772825524,0.3825657137163075,25.45,2021-04-01
96.83,0.02,0.0,-4.3648,0.054719627086499606,5.0,449.68347772825524,0.0,28.67,2021-04-02
48.415,0.01,0.0,29.610297431827576,0.014626630871568423,-34.357682619647356,449.67582602449886,0.3825851878197827,31.96,2021-04-03
2.2176704916887503e-15,0.0,0.0,-4.3648,0.05510992718900596,5.0,449.67582602449886,0.0,25.31,2021-04-04
1.7562340470789195e-15,0.0,0.0,-4.3648,0.02310068067227522,5.0,449.67582602449886,0.0,15.12,2021-04-05
1.0491607582707729e-15,0.0,0.0,-4.3648,0.07684042014321692,5.0,449.67582602449886,0.0,21.76,2021-04-06
1912.4285598583087,0.0,0.3824474672249393,-4.3648,0.17153409781699103,5.0,449.67582602449886,0.0,39.14,2021-04-07
2.715883073989289e-15,0.0,0.0,-4.3648,0.0779882786831735,5.0,449.67582602449886,0.0,35.77,2021-04-08
1912.525910013662,0.0,0.3824669353092015,29.61027795673279,0.023934091510237978,-34.357682619647356,449.6681739312406,0.38260466291456613,23.79,2021-04-09
242.07500000000002,0.05,0.0,-4.3648,0.05883287904597969,5.0,449.6681739312406,0.0,31.09,2021-04-10
4091.298265124522,0.45,0.38248640438446596,-4.3648,0.2475103789751386,5.0,449.6681739312406,0.0,40.6,2021-04-11
4308.935,0.89,0.0,16.044518924878822,0.09507010353090573,-18.614609571788414,449.6640681183024,0.20529064690959087,31.56,2021-04-12
2396.8706251911412,0.1,0.3825058744507832,-4.3648,0.09466402483637514,5.0,449.6640681183024,0.0,25.8,2021-04-13
1.790234627208065e-15,0.0,0.0,29.610248030543158,0.03060438997151864,-34.357682619647356,449.6564154265203,0.38263458910419956,25.76,2021-04-14
1026.2908233046976,0.0,0.20523764089684982,-4.3648,0.06482812054958499,5.0,449.6564154265203,0.0,25.14,2021-04-15
6729.685,1.3900000000000001,0.0,29.610228552933656,0.018670028256802574,-34.357682619647356,449.64876234518607,0.38265406671370333,30.75,2021-04-16
1123.1488530190356,0.02,0.20524324627917923,-4.3648,0.056727171557139314,5.0,449.64876234518607,0.0,27.58,2021-04-17
871.4699999999999,0.18,0.0,29.610209074332662,0.015429648659824305,-34.357682619647356,449.6411088742798,0.3826735453146942,25.51,2021-04-18
1912.9224761407568,0.0,0.3825462406040909,-4.3648,0.05543098731402103,5.0,449.6411088742798,0.0,26.03,2021-04-19
96.83,0.02,0.0,29.610189594740135,0.01491117496257699,-34.357682619647356,449.63345501378166,0.38269302490722273,23.57,2021-04-20
1913.0198514383956,0.0,0.3825657137163075,-4.3648,0.055223565429145624,5.0,449.63345501378166,0.0,21.37,2021-04-21
1.4828416272649748e-15,0.0,0.0,29.610170114156016,0.014828206208626826,-34.357682619647356,449.6258007636718,0.3827125054913393,41.0,2021-04-22
1913.1172316928232,0.0,0.3825851878197827,-4.3648,0.055190345519939475,5.0,449.6258007636718,0.0,22.43,2021-04-23
1.5563939026463914e-15,0.0,0.0,29.61015063258026,0.014814918244944368,-34.357682619647356,449.61814612393044,0.38273198706709455,29.31,2021-04-24
2.0337898032352084e-15,0.0,0.0,-4.3648,0.05518499792519076,5.0,449.61814612393044,0.0,26.25,2021-04-25
1.8214596497756474e-15,0.0,0.0,29.61013115001282,0.014812779207044881,-34.357682619647356,449.61049109453774,0.38275146963453865,29.41,2021-04-26
2.040728697139116e-15,0.0,0.0,-4.3648,0.055184109899105445,5.0,449.61049109453774,0.0,29.49,2021-04-27
2.0462798122622415e-15,0.0,0.0,29.610111666453633,0.014812423996610757,-34.357682619647356,449.6028356754739,0.3827709531937224,35.81,2021-04-28
1913.2146169042878,0.0,0.38260466291456613,-4.3648,0.14668116275910323,5.0,449.6028356754739,0.0,20.63,2021-04-29
1.431493812376061e-15,0.0,0.0,-4.3648,0.194479637007523,5.0,449.6028356754739,0.0,29.97,2021-04-30
2.0795865030009963e-15,0.0,0.0,-4.3648,0.10213876792685393,5.0,449.6028356754739,0.0,32.24,2021-05-01
1026.5558798714092,0.0,0.20529064690959087,-4.3648,0.05023014672711866,5.0,449.6028356754739,0.0,32.32,2021-05-02
2.242650509742816e-15,0.0,0.0,-4.3648,0.02281235443946114,5.0,449.6028356754739,0.0,39.85,2021-05-03
4576.18926281555,0.55,0.38263458910419956,-4.3648,0.08171584750591385,5.0,449.6028356754739,0.0,24.53,2021-05-04
4163.69,0.86,0.0,-4.3648,0.1202495182999626,5.0,449.6028356754739,0.0,26.05,2021-05-05
2833.3466606018737,0.19,0.38265406671370333,-4.3648,0.06579237663606637,5.0,449.6028356754739,0.0,30.29,2021-05-06
484.15000000000003,0.1,0.0,2.4787672181794225,0.02571007449915853,-2.8715365239294695,449.60227628935894,0.027969305750047396,26.86,2021-05-07
2204.0490633461286,0.06,0.3826735453146942,-4.3648,0.014407672121958202,5.0,449.60227628935894,0.0,32.27,2021-05-08
2323.92,0.48,0.0,-4.3648,0.055063771251740765,5.0,449.60227628935894,0.0,22.97,2021-05-09
4673.311471048568,0.5700000000000001,0.38269302490722273,-4.3648,0.06966262495171295,5.0,449.60227628935894,0.0,23.42,2021-05-10
726.225,0.15,0.0,-4.3648,0.045557619296766515,5.0,449.60227628935894,0.0,29.47,2021-05-11
2107.413883709442,0.04,0.3827125054913393,-4.3648,0.024270515371201985,5.0,449.60227628935894,0.0,40.95,2021-05-12
2.84147705365001e-15,0.0,0.0,29.6100907581547,0.002446986185449371,-34.357682619647356,449.59462045212905,0.38279186149265554,32.98,2021-05-13
3559.9613013290063,0.34,0.38273198706709455,-4.3648,0.09681813214948333,5.0,449.59462045212905,0.0,33.29,2021-05-14
1597.6950000000002,0.33,0.0,22.827244877003896,0.03312961884870276,-26.486146095717885,449.5887384277548,0.29410121871399153,23.9,2021-05-15
2640.1737239075105,0.15,0.38275146963453865,-4.3648,0.21758552663246356,5.0,449.5887384277548,0.0,29.44,2021-05-16
387.32,0.08,0.0,-4.3648,0.2710853751631518,5.0,449.5887384277548,0.0,28.78,2021-05-17
1914.0461514452088,0.0,0.3827709531937224,-4.3648,0.24590490792108324,5.0,449.5887384277548,0.0,39.22,2021-05-18
1355.6200000000001,0.28,0.0,-4.3648,0.12437246224421888,5.0,449.5887384277548,0.0,44.81,2021-05-19
48.415,0.01,0.0,-4.3648,0.38019571317864875,5.0,449.5887384277548,0.0,51.05,2021-05-20
4841.5,1.0,0.0,-4.3648,0.16145292482783657,5.0,449.5887384277548,0.0,33.68,2021-05-21
5567.725,1.1500000000000001,0.0,-4.3648,0.24863233444130095,5.0,449.5887384277548,0.0,27.73,2021-05-22
4212.105,0.87,0.0,-4.3648,0.12546343285230596,5.0,449.5887384277548,0.0,21.61,2021-05-23
968.3000000000001,0.2,0.0,-4.3648,0.07952304412058966,5.0,449.5887384277548,0.0,19.86,2021-05-24
47065.832443632666,9.721332736472718,0.0,-4.3648,0.15264411598464991,5.0,449.5887384277548,0.0,33.86,2021-05-25
484.15000000000003,0.1,0.0,-4.3648,0.07043228595023705,5.0,449.5887384277548,0.0,48.65,2021-05-26
5707.585513403113,1.1500000000000001,0.027969305750047396,-4.3648,0.1739616019956216,5.0,449.5887384277548,0.0,45.26,2021-05-27
968.3000000000001,0.2,0.0,9.261587522796454,0.06731417869103978,-10.743073047858939,449.5864047172535,0.11668552506248582,38.75,2021-05-28
1065.13,0.22,0.0,-4.3648,0.04233311837201076,5.0,449.5864047172535,0.0,42.27,2021-05-29
3727.955,0.77,0.0,29.61005036187422,0.00967202738577288,-34.357682619647356,449.57874807209805,0.3828322577731386,40.08,2021-05-30
484.15000000000003,0.1,0.0,-4.3648,0.05312767477258419,5.0,449.57874807209805,0.0,34.72,2021-05-31
4454.18,0.92,0.0,29.6100308742026,0.013989849946002256,-34.357682619647356,449.57109103718915,0.38285174544475725,34.61,2021-06-01
2059.395703394024,0.03,0.38279186149265554,-4.3648,0.05485477137725921,5.0,449.57109103718915,0.0,33.25,2021-06-02
2.3071822230491534e-15,0.0,0.0,29.610011385538982,0.014680688587872259,-34.357682619647356,449.56343361250697,0.38287123410837504,28.29,2021-06-03
1470.6531441793147,0.0,0.29410121871399153,-4.3648,0.055131074412940184,5.0,449.56343361250697,0.0,23.27,2021-06-04
1.614680611439212e-15,0.0,0.0,-4.3648,0.039744999081257414,5.0,449.56343361250697,0.0,35.21,2021-06-05
2.4431845435657353e-15,0.0,0.0,29.609991895883315,0.008636779669471545,-34.357682619647356,449.5557757980317,0.3828907237640428,29.02,2021-06-06
2.0136670109138776e-15,0.0,0.0,-4.3648,0.052713478422862524,5.0,449.5557757980317,0.0,24.52,2021-06-07
1.7014167852380523e-15,0.0,0.0,29.609972405235546,0.013824171406113589,-34.357682619647356,449.5481175937434,0.38291021441181083,28.9,2021-06-08
2.005340338229189e-15,0.0,0.0,-4.3648,0.05478840269315152,5.0,449.5481175937434,0.0,25.05,2021-06-09
726.225,0.15,0.0,29.609952913595627,0.014654141114229188,-34.357682619647356,449.5404589996224,0.38292970605172977,23.11,2021-06-10
1.6035783811929604e-15,0.0,0.0,-4.3648,0.05512035815037941,5.0,449.5404589996224,0.0,25.66,2021-06-11
1.780520175742595e-15,0.0,0.0,29.609933420963507,0.014786923297120343,-34.357682619647356,449.5328000156487,0.3829491986838501,12.53,2021-06-12
8.694434061595757e-16,0.0,0.0,-4.3648,0.05517343859586691,5.0,449.5328000156487,0.0,33.05,2021-06-13
2.293304435241339e-15,0.0,0.0,29.609913927339136,0.014808155475315343,-34.357682619647356,449.5251406418026,0.38296869230822206,36.79,2021-06-14
2.552819067247469e-15,0.0,0.0,-4.3648,0.055181899037825256,5.0,449.5251406418026,0.0,37.45,2021-06-15
2.598615767013257e-15,0.0,0.0,29.60989443272246,0.014811539652098683,-34.357682619647356,449.5174808780641,0.38298818692489645,28.92,2021-06-16
583.4859680749604,0.0,0.11668552506248582,-4.3648,0.05518322027756815,5.0,449.5174808780641,0.0,27.25,2021-06-17
1.8908485888147197e-15,0.0,0.0,-4.3648,0.1978065228614894,5.0,449.5174808780641,0.0,24.48,2021-06-18
1914.3527049945797,0.0,0.3828322577731386,-4.3648,0.23156564056788598,5.0,449.5174808780641,0.0,26.58,2021-06-19
1.844357999658541e-15,0.0,0.0,-4.3648,0.42473657046005636,5.0,449.5174808780641,0.0,26.71,2021-06-20
1914.4501530965085,0.0,0.38285174544475725,-4.3648,0.3289920034150762,5.0,449.5174808780641,0.0,33.01,2021-06-21
2.290528877679776e-15,0.0,0.0,-4.3648,0.24411376994274023,5.0,449.5174808780641,0.0,26.13,2021-06-22
7240.19760615893,1.1,0.38287123410837504,29.60987493711343,0.09038428801406469,-34.357682619647356,449.5098207244134,0.3830076825339237,22.1,2021-06-23
4647.84,0.96,0.0,-4.3648,0.08541228718973325,5.0,449.5098207244134,0.0,33.07,2021-06-24
73040.25454117754,15.08628618014614,0.0,29.609855440512003,0.02690369491286187,-34.357682619647356,449.50216018083063,0.38302717913535445,36.5,2021-06-25
6756.145064182096,1.0,0.3828907237640428,-4.3648,0.10826401012126453,5.0,449.50216018083063,0.0,40.99,2021-06-26
3485.8799999999997,0.72,0.0,29.609835942918117,0.0360443840854744,-34.357682619647356,449.494499247296,0.3830466767292391,38.59,2021-06-27
1914.74252716626,0.0,0.38291021441181083,-4.3648,0.2549886452212994,5.0,449.494499247296,0.0,27.14,2021-06-28
1.8832158055204216e-15,0.0,0.0,-4.3648,0.17791353572253088,5.0,449.494499247296,0.0,30.08,2021-06-29
1914.8399951116746,0.0,0.38292970605172977,-4.3648,0.07887646789344858,5.0,449.494499247296,0.0,29.06,2021-06-30
1404.0349999999999,0.29,0.0,-4.3648,0.08916921932004117,5.0,449.494499247296,0.0,31.61,2021-07-01
1914.9374680185924,0.0,0.3829491986838501,29.609816444331727,0.028406467764985052,-34.357682619647356,449.48683792378966,0.38306617531562814,33.55,2021-07-02
5567.725,1.1500000000000001,0.0,-4.3648,0.06062106178233146,5.0,449.48683792378966,0.0,42.06,2021-07-03
4335.784945887264,0.5,0.38296869230822206,-4.3648,0.24988923802162014,5.0,449.48683792378966,0.0,44.77,2021-07-04
435.73499999999996,0.09,0.0,-4.3648,0.1509199835635464,5.0,449.48683792378966,0.0,39.69,2021-07-05
3803.317428717945,0.39,0.38298818692489645,-4.3648,0.08637849250120415,5.0,449.48683792378966,0.0,35.43,2021-07-06
2.458450110154331e-15,0.0,0.0,29.609796944752784,0.02729017703745024,-34.357682619647356,449.4791762102918,0.38308567489457207,24.33,2021-07-07
1.6882328868206285e-15,0.0,0.0,-4.3648,0.060174513052091934,5.0,449.4791762102918,0.0,26.43,2021-07-08
6778.1,1.4000000000000001,0.0,29.609777444181237,0.01680858525780535,-34.357682619647356,449.47151410678254,0.38310517546612133,31.02,2021-07-09
1694.525,0.35000000000000003,0.0,-4.3648,0.055981843899357106,5.0,449.47151410678254,0.0,34.6,2021-07-10
968.3000000000001,0.2,0.0,-4.3648,0.03176737711611992,5.0,449.47151410678254,0.0,37.65,2021-07-11
2.6124935548210715e-15,0.0,0.0,29.60975794261703,0.005445730883416545,-34.357682619647356,449.4638516132419,0.38312467703032654,34.62,2021-07-12
1915.2299165108855,0.0,0.3830076825339237,-4.3648,0.05143666970707332,5.0,449.4638516132419,0.0,38.22,2021-07-13
2.6520452500733426e-15,0.0,0.0,29.60973844006012,0.013313447919797909,-34.357682619647356,449.4561887296502,0.38314417958723856,30.91,2021-07-14
1915.3274092663398,0.0,0.38302717913535445,-4.3648,0.05458372407744617,5.0,449.4561887296502,0.0,46.71,2021-07-15
484.15000000000003,0.1,0.0,-4.3648,0.09109722345722616,5.0,449.4561887296502,0.0,41.49,2021-07-16
1915.42490698456,0.0,0.3830466767292391,29.60971893651045,0.029177669419859043,-34.357682619647356,449.44852545598746,0.3831636831369073,45.33,2021-07-17
3.1454006066411463e-15,0.0,0.0,-4.3648,0.06092938023163937,5.0,449.44852545598746,0.0,42.59,2021-07-18
2.9552749136740888e-15,0.0,0.0,29.60969943196797,0.01711053212962433,-34.357682619647356,449.4408617922339,0.3831831876793839,42.83,2021-07-19
2.9719282590434656e-15,0.0,0.0,-4.3648,0.056102492868062626,5.0,449.4408617922339,0.0,37.22,2021-07-20
2227.09,0.46,0.0,29.609679926432637,0.015179777184193628,-34.357682619647356,449.4331977383696,0.38320269321471845,35.61,2021-07-21
1915.5224096657985,0.0,0.38306617531562814,-4.3648,0.055330158440755776,5.0,449.4331977383696,0.0,30.58,2021-07-22
2.12191375581483e-15,0.0,0.0,29.609660419904394,0.014870843413270893,-34.357682619647356,449.4255332943747,0.3832221997429619,42.51,2021-07-23
2.9497237985509625e-15,0.0,0.0,-4.3648,0.05520655248160032,5.0,449.4255332943747,0.0,37.96,2021-07-24
2.634004125923184e-15,0.0,0.0,29.609640912383192,0.014821401029608708,-34.357682619647356,449.41786846022944,0.38324170726416446,30.73,2021-07-25
2.1323220966706914e-15,0.0,0.0,-4.3648,0.13004811091303548,5.0,449.41786846022944,0.0,37.11,2021-07-26
1915.6199173103075,0.0,0.38308567489457207,-4.3648,0.14623676747057462,5.0,449.41786846022944,0.0,42.4,2021-07-27
2.942091015256665e-15,0.0,0.0,-4.3648,0.09115954987177885,5.0,449.41786846022944,0.0,40.17,2021-07-28
1915.7174299183398,0.0,0.38310517546612133,-4.3648,0.15563513233318474,5.0,449.41786846022944,0.0,34.68,2021-07-29
2.406408405875027e-15,0.0,0.0,29.60962140386898,0.054992832970242475,-34.357682619647356,449.4102032359139,0.3832612157783767,44.89,2021-07-30
2178.675,0.45,0.0,-4.3648,0.2708855976307626,5.0,449.4102032359139,0.0,39.17,2021-07-31
4869.129947490148,0.61,0.38312467703032654,-4.3648,0.11606529265674126,5.0,449.4102032359139,0.0,39.5,2021-08-01
1161.96,0.24,0.0,-4.3648,0.23047728157286287,5.0,449.4102032359139,0.0,41.17,2021-08-02
5595.452470025986,0.76,0.38314417958723856,22.82688426937002,0.08659327861805458,-26.486146095717885,449.40431399938694,0.29446182634786583,32.43,2021-08-03
2.2502832930371142e-15,0.0,0.0,-4.3648,0.07261179544432537,5.0,449.40431399938694,0.0,40.45,2021-08-04
5809.8,1.2,0.0,29.609586905093536,0.02178349821469873,-34.357682619647356,449.3966480850959,0.3832957145538197,35.8,2021-08-05
2351.7449975261047,0.09,0.3831636831369073,-4.3648,0.07128017971949166,5.0,449.3966480850959,0.0,33.52,2021-08-06
5567.725,1.1500000000000001,0.0,-4.3648,0.036223125492232895,5.0,449.3966480850959,0.0,37.8,2021-08-07
1964.5225299907593,0.01,0.3831831876793839,-4.3648,0.35658108014144024,5.0,449.3966480850959,0.0,42.1,2021-08-08
2.921274333544943e-15,0.0,0.0,29.60956739383014,0.1353712120935447,-34.357682619647356,449.3889817805795,0.3833152258172159,34.76,2021-08-09
1916.2050674201996,0.0,0.38320269321471845,-4.3648,0.22318473373658076,5.0,449.3889817805795,0.0,37.51,2021-08-10
387.32,0.08,0.0,29.609547881573544,0.0820126735316009,-34.357682619647356,449.381315085818,0.38333473807381263,36.28,2021-08-11
2352.037609814681,0.09,0.3832221997429619,-4.3648,0.08206309731174607,5.0,449.381315085818,0.0,32.96,2021-08-12
51887.99064602132,10.717337735416981,0.0,29.609528368323698,0.025564018961667007,-34.357682619647356,449.37364800079155,0.3833542513236599,35.03,2021-08-13
1916.4001571744543,0.0,0.38324170726416446,-4.3648,0.0594836030218042,5.0,449.37364800079155,0.0,32.96,2021-08-14
3485.8799999999997,0.72,0.0,29.60950885408055,0.016532221245690256,-34.357682619647356,449.3659805254802,0.3833737655668088,34.14,2021-08-15
2.3689383787939276e-15,0.0,0.0,-4.3648,0.23886530618528629,5.0,449.3659805254802,0.0,37.65,2021-08-16
2.6124935548210715e-15,0.0,0.0,22.826797796711446,0.08994848846302395,-26.486146095717885,449.36008955950007,0.2945482990064402,27.95,2021-08-17
1.9394208461420703e-15,0.0,0.0,-4.3648,0.1404971736052471,5.0,449.36008955950007,0.0,28.13,2021-08-18
1916.4977094997726,0.0,0.3832612157783767,29.60947434517408,0.048937649479067424,-34.357682619647356,449.3524213940106,0.38340827447327913,32.92,2021-08-19
2.28428387316626e-15,0.0,0.0,-4.3648,0.14203074724200898,5.0,449.3524213940106,0.0,31.74,2021-08-20
5325.650000000001,1.1,0.0,22.82677128331743,0.05121466488571302,-26.486146095717885,449.3465298977626,0.294574812400455,36.82,2021-08-21
48.415,0.01,0.0,-4.3648,0.3495877035790277,5.0,449.3465298977626,0.0,37.14,2021-08-22
3409.056362652503,0.4,0.29446182634786583,-4.3648,0.26732432357578856,5.0,449.3465298977626,0.0,45.82,2021-08-23
3.179401186770292e-15,0.0,0.0,29.609439833161332,0.09966850946728399,-34.357682619647356,449.3388610420329,0.38344278648602537,28.36,2021-08-24
4046.9302206263756,0.44,0.3832957145538197,-4.3648,0.08912525193819863,5.0,449.3388610420329,0.0,28.47,2021-08-25
48.415,0.01,0.0,29.609420314411395,0.02838888081224803,-34.357682619647356,449.33119179592813,0.38346230523596303,28.77,2021-08-26
8472.625,1.75,0.0,-4.3648,0.06061336800506604,5.0,449.33119179592813,0.0,29.63,2021-08-27
3921.6150000000002,0.81,0.0,-4.3648,0.07354604960498391,5.0,449.33119179592813,0.0,36.86,2021-08-28
1916.767786698988,0.0,0.3833152258172159,9.261387724166694,0.027147957734784695,-10.743073047858939,449.3288540894543,0.11688532369224687,38.65,2021-08-29
2.6818824938601438e-15,0.0,0.0,-4.3648,0.026266297607315036,5.0,449.3288540894543,0.0,36.35,2021-08-30
1916.8653577381,0.0,0.38333473807381263,29.609394844743964,0.003245299079894591,-34.357682619647356,449.32118433395624,0.3834877749033949,34.98,2021-08-31
2.427225087586748e-15,0.0,0.0,-4.3648,0.05055589294114373,5.0,449.32118433395624,0.0,32.77,2021-09-01
3563.0729337439616,0.34,0.3833542513236599,29.609375323703937,0.012961137213426073,-34.357682619647356,449.3135141880374,0.3835072959434203,29.22,2021-09-02
145.245,0.03,0.0,-4.3648,0.05444219571962836,5.0,449.3135141880374,0.0,25.04,2021-09-03
1917.0605147168274,0.0,0.3833737655668088,29.609355801670212,0.014515658324819927,-34.357682619647356,449.3058436516779,0.3835268179771438,33.99,2021-09-04
2.358530037938067e-15,0.0,0.0,-4.3648,0.05506397168760485,5.0,449.3058436516779,0.0,34.16,2021-09-05
1472.8887691817042,0.0,0.2945482990064402,29.609336278642743,0.014764368712010518,-34.357682619647356,449.2981727248578,0.38354634100461554,29.94,2021-09-06
2.0775048348298244e-15,0.0,0.0,-4.3648,0.055163423364246844,5.0,449.2981727248578,0.0,28.63,2021-09-07
1917.2330765036322,0.0,0.38340827447327913,29.60931675462147,0.014804149382667319,-34.357682619647356,449.2905014075573,0.38356586502588647,25.19,2021-09-08
1.7479073743942309e-15,0.0,0.0,-4.3648,0.05517930315262206,5.0,449.2905014075573,0.0,29.71,2021-09-09
1473.0213494084753,0.0,0.294574812400455,29.60929722960635,0.014810501298017403,-34.357682619647356,449.2828296997565,0.38358539004100717,28.16,2021-09-10
1.9539925233402757e-15,0.0,0.0,-4.3648,0.07015408500468888,5.0,449.2828296997565,0.0,34.21,2021-09-11
2.373795604526663e-15,0.0,0.0,-4.3648,0.029118343798548385,5.0,449.2828296997565,0.0,32.89,2021-09-12
1917.40565382337,0.0,0.38344278648602537,9.261350205988029,0.009376875412210484,-10.743073047858939,449.28049124291914,0.11692284187091195,25.7,2021-09-13
1.7832957333041577e-15,0.0,0.0,-4.3648,0.01915780226357038,5.0,449.28049124291914,0.0,27.96,2021-09-14
1917.5032573324331,0.0,0.38346230523596303,-4.3648,0.013710588557923533,5.0,449.28049124291914,0.0,28.63,2021-09-15
435.73499999999996,0.09,0.0,-4.3648,0.014858874979546494,5.0,449.28049124291914,0.0,25.15,2021-09-16
242.07500000000002,0.05,0.0,29.609271751763593,-0.001317669971212825,-34.357682619647356,449.27281902556143,0.383610867883764,29.99,2021-09-17
729.7300611230805,0.03,0.11688532369224687,-4.3648,0.04873050054494784,5.0,449.27281902556143,0.0,29.67,2021-09-18
2.058769821289275e-15,0.0,0.0,29.60925222445765,0.012230980254947713,-34.357682619647356,449.2651464176576,0.38363039518970765,33.27,2021-09-19
2304.950618404426,0.08,0.3834877749033949,-4.3648,0.05414992815006021,5.0,449.2651464176576,0.0,27.83,2021-09-20
484.15000000000003,0.1,0.0,29.60923269615769,0.014398751296992664,-34.357682619647356,449.2574734191878,0.38364992348966837,23.46,2021-09-21
1917.7282333650733,0.0,0.3835072959434203,-4.3648,0.05501700407987271,5.0,449.2574734191878,0.0,23.81,2021-09-22
1.652150638520311e-15,0.0,0.0,29.60921316686366,0.014745581668917662,-34.357682619647356,449.2498000301322,0.3836694527836962,20.14,2021-09-23
1917.8258532947075,0.0,0.3835268179771438,-4.3648,0.055155703739983505,5.0,449.2498000301322,0.0,24.06,2021-09-24
1.6694978732800791e-15,0.0,0.0,29.609193636575515,0.014801061532961983,-34.357682619647356,449.24212625047073,0.3836889830718423,29.15,2021-09-25
1917.92347819358,0.0,0.38354634100461554,-4.3648,0.06183220700305164,5.0,449.24212625047073,0.0,40.6,2021-09-26
2.8171909249863347e-15,0.0,0.0,29.6091741052932,0.017471662838189236,-34.357682619647356,449.23445208018364,0.38370851435415704,33.18,2021-09-27
1918.0211080619454,0.0,0.38356586502588647,-4.3648,0.1394253688224548,5.0,449.23445208018364,0.0,33.65,2021-09-28
2.3349377986647823e-15,0.0,0.0,-4.3648,0.07346271684506324,5.0,449.23445208018364,0.0,45.19,2021-09-29
1918.1187429000563,0.0,0.38358539004100717,-4.3648,0.2949519628932933,5.0,449.23445208018364,0.0,41.22,2021-09-30
193.66,0.04,0.0,29.609154573016667,0.1107195651942859,-34.357682619647356,449.226777519251,0.38372804663069093,41.05,2021-10-01
2.8484159475539172e-15,0.0,0.0,-4.3648,0.3297744048498308,5.0,449.226777519251,0.0,46.43,2021-10-02
3005.422670775495,0.5,0.11692284187091195,-4.3648,0.46568366212477524,5.0,449.226777519251,0.0,50.09,2021-10-03
726.225,0.15,0.0,-4.3648,0.2621915424839212,5.0,449.226777519251,0.0,40.76,2021-10-04
7940.06,1.6400000000000001,0.0,29.609135039745862,0.09761539703053704,-34.357682619647356,449.219102567653,0.3837475799014949,26.85,2021-10-05
1.863093013199091e-15,0.0,0.0,-4.3648,0.5041999878986683,5.0,449.219102567653,0.0,49.27,2021-10-06
8793.176144852761,1.42,0.383610867883764,-4.3648,0.259298627322129,5.0,449.219102567653,0.0,54.41,2021-10-07
97118.16206930383,20.059519171600503,0.0,29.609115505480737,0.09645823096582018,-34.357682619647356,449.2114272253697,0.3837671141666194,35.2,2021-10-08
4339.093791146133,0.5,0.38363039518970765,-4.3648,0.08784060099063984,5.0,449.2114272253697,0.0,29.74,2021-10-09
2.0636270470220096e-15,0.0,0.0,29.609095970221244,0.027875020433224512,-34.357682619647356,449.2037514923811,0.38378664942611485,28.18,2021-10-10
230474.99875625293,47.20779868095484,0.38364992348966837,-4.3648,0.07038879999066341,5.0,449.2037514923811,0.0,27.19,2021-10-11
1888.1850000000002,0.39,0.0,-4.3648,0.10074642572639476,5.0,449.2037514923811,0.0,36.25,2021-10-12
1918.5390986448729,0.0,0.3836694527836962,-4.3648,0.10623513221292391,5.0,449.2037514923811,0.0,40.62,2021-10-13
2.818578703767116e-15,0.0,0.0,-4.3648,0.1001126850478313,5.0,449.2037514923811,0.0,43.53,2021-10-14
1918.6367598507475,0.0,0.3836889830718423,-4.3648,0.08102784666238576,5.0,449.2037514923811,0.0,32.89,2021-10-15
290.49,0.06,0.0,29.609076433967324,0.025149918701922885,-34.357682619647356,449.19607536866755,0.3838061856800324,39.22,2021-10-16
4242.6544260279625,0.48,0.38370851435415704,-4.3648,0.05931721108626008,5.0,449.19607536866755,0.0,35.66,2021-10-17
2130.26,0.44,0.0,29.609056896718936,0.016465664471472612,-34.357682619647356,449.18839885420897,0.3838257229284219,32.54,2021-10-18
1888.1850000000002,0.39,0.0,-4.3648,0.06748857855577398,5.0,449.18839885420897,0.0,32.71,2021-10-19
1404.0349999999999,0.29,0.0,-4.3648,0.044688000738390916,5.0,449.18839885420897,0.0,29.59,2021-10-20
1918.83209717677,0.0,0.38372804663069093,-4.3648,0.376602889759312,5.0,449.18839885420897,0.0,33.61,2021-10-21
2.3321622411032196e-15,0.0,0.0,-4.3648,0.23154999139355847,5.0,449.18839885420897,0.0,53.09,2021-10-22
3.683858773584348e-15,0.0,0.0,-1.3648,0.15689297252784853,2.0,449.18839885420897,0.0,20.88,2021-10-23
338.90500000000003,0.07,0.0,9.261276948755295,0.060486726903930546,-10.743073047858942,449.1860589322269,0.116996099103646,24.56,2021-10-24
2645.154773297425,0.15,0.3837475799014949,-1.3648,0.09782712930848492,2.0,449.1860589322269,0.0,30.27,2021-10-25
87145.62009389831,17.999714983765013,0.0,-4.3648,0.0501690772317119,5.0,449.1860589322269,0.0,30.4,2021-10-26
2565.9950000000003,0.53,0.0,22.82644597977506,0.01446999688159419,-26.486146095717885,449.1801609299081,0.2949001159428279,29.22,2021-10-27
4000.87245439018,0.43,0.3837671141666194,-4.3648,0.04376175361732817,5.0,449.1801609299081,0.0,35.79,2021-10-28
2.483430128208397e-15,0.0,0.0,29.609016391334364,0.010243481483899846,-34.357682619647356,449.1724836053418,0.3838662283129919,40.21,2021-10-29
3613.6501404552873,0.35000000000000003,0.38378664942611485,-1.3648,0.08496266939984633,2.0,449.1724836053418,0.0,32.85,2021-10-30
387.32,0.08,0.0,-2.3648,0.17311941156770194,3.0,449.1724836053418,0.0,51.66,2021-10-31
48.415000000000006,0.01,0.0,-4.3648,0.28657064817606415,5.0,449.1724836053418,0.0,49.78,2021-11-01
3.4541813853650184e-15,0.0,0.0,9.261264602078914,0.1123577971632168,-10.743073047858939,449.17014343642626,0.1170084457800261,25.86,2021-11-02
1.7943979635504094e-15,0.0,0.0,-4.3648,0.1235662947282646,5.0,449.17014343642626,0.0,22.43,2021-11-03
919.885,0.19,0.0,-4.3648,0.07377343101515058,5.0,449.17014343642626,0.0,27.93,2021-11-04
6034.497831493001,0.85,0.3838061856800324,-4.3648,0.03222966815467391,5.0,449.17014343642626,0.0,27.95,2021-11-05
6439.195000000001,1.33,0.0,29.608990894838257,0.005630647298838141,-34.357682619647356,449.1624656019301,0.383891724809101,33.42,2021-11-06
2064.565527503574,0.03,0.3838257229284219,-4.3648,0.09309900902185399,5.0,449.1624656019301,0.0,20.67,2021-11-07
1839.77,0.38,0.0,-4.3648,0.05326858697288208,5.0,449.1624656019301,0.0,31.39,2021-11-08
919.885,0.19,0.0,29.60897135323559,0.014046214826121412,-34.357682619647356,449.1547873766018,0.38391126641176965,36.96,2021-11-09
290.49,0.06,0.0,-2.3648,0.05487555472511036,3.0,449.1547873766018,0.0,28.99,2021-11-10
2.0115853427427053e-15,0.0,0.0,16.043817852719503,0.018016173830894423,-18.614609571788414,449.15066754222045,0.20599171906891048,30.73,2021-11-11
1210.375,0.25,0.0,-3.3648,0.033896739527639747,4.0,449.15066754222045,0.0,29.57,2021-11-12
1262.848993567782,0.14,0.116996099103646,-4.3648,0.1027854610605938,5.0,449.15066754222045,0.0,36.3,2021-11-13
2.518818487118324e-15,0.0,0.0,-2.3648,0.04217089422091035,3.0,449.15066754222045,0.0,42.23,2021-11-14
2.9302948956200222e-15,0.0,0.0,16.04381222674204,0.012934309629214416,-18.614609571788414,449.1465475953195,0.2059973450463726,33.34,2021-11-15
1474.648029772111,0.0,0.2949001159428279,-0.3648,0.03186398448767068,1.0,449.1465475953195,0.0,24.23,2021-11-16
1.6812939929167215e-15,0.0,0.0,-3.3648,0.02212023335144535,4.0,449.1465475953195,0.0,18.46,2021-11-17
4679.178074679116,0.5700000000000001,0.3838662283129919,22.826368719690528,0.003250459329487568,-26.486146095717885,449.14064804779895,0.2949773760273569,14.38,2021-11-18
242.07500000000002,0.05,0.0,-4.3648,0.03927381006769424,5.0,449.14064804779895,0.0,23.96,2021-11-19
1.662558979376172e-15,0.0,0.0,29.60891582325845,0.008448304064046275,-34.357682619647356,449.1329687118712,0.3839667963889064,27.47,2021-11-20
1.9061141554033156e-15,0.0,0.0,-4.3648,0.09755311874379338,5.0,449.1329687118712,0.0,31.26,2021-11-21
875.5907331230205,0.06,0.1170084457800261,29.608896277834344,0.03176002753448594,-34.357682619647356,449.1252889850349,0.3839863418130145,32.52,2021-11-22
2.256528297550631e-15,0.0,0.0,-3.3648,0.06196095491407332,4.0,449.1252889850349,0.0,27.82,2021-11-23
1.930400284066991e-15,0.0,0.0,22.826327150810403,0.01918674795453876,-26.486146095717885,449.11938860613674,0.29501894490748376,35.08,2021-11-24
2.4341639814906554e-15,0.0,0.0,-3.3648,0.08890149111477183,4.0,449.11938860613674,0.0,29.97,2021-11-25
3226.8555699079097,0.27,0.383891724809101,-1.3648,0.07987054099304366,2.0,449.11938860613674,0.0,33.97,2021-11-26
2.3571422591572854e-15,0.0,0.0,-0.3648,0.31248736611995315,1.0,449.11938860613674,0.0,64.31,2021-11-27
4.462402669602739e-15,0.0,0.0,-1.3648,0.20091302408199238,2.0,449.11938860613674,0.0,43.65,2021-11-28
1919.7482876920542,0.0,0.38391126641176965,-2.3648,0.14962894345904465,3.0,449.11938860613674,0.0,35.5,2021-11-29
1258.79,0.26,0.0,-0.3648,0.20564026499914467,1.0,449.11938860613674,0.0,57.28,2021-11-30
2482.511591204087,0.3,0.20599171906891048,-1.3648,0.2729616143175877,2.0,449.11938860613674,0.0,55.41,2021-12-01
8230.55,1.7,0.0,-1.3648,0.22003802835180403,2.0,449.11938860613674,0.0,53.77,2021-12-02
2227.09,0.46,0.0,-0.3648,0.13897949969561996,1.0,449.11938860613674,0.0,42.58,2021-12-03
2081.845,0.43,0.0,2.478677311704412,0.054984923722979966,-2.8715365239294712,449.1188274218922,0.02805921222505966,29.46,2021-12-04
5387.4397239043865,0.9,0.2059973450463726,-1.3648,0.13425054912049322,2.0,449.1188274218922,0.0,24.84,2021-12-05
5567.725,1.1500000000000001,0.0,-1.3648,0.06806561706039692,2.0,449.1188274218922,0.0,39.68,2021-12-06
3292.2200000000003,0.68,0.0,-3.3648,0.17467852039162643,4.0,449.1188274218922,0.0,34.05,2021-12-07
3024.3143688247983,0.32,0.2949773760273569,-3.3648,0.15577100150230677,4.0,449.1188274218922,0.0,43.55,2021-12-08
3.021888295151598e-15,0.0,0.0,22.826314515932577,0.056710766589832144,-26.486146095717885,449.11292679029646,0.2950315797853104,29.41,2021-12-09
5067.000965342726,0.65,0.3839667963889064,-0.3648,0.0606578427992218,1.0,449.11292679029646,0.0,27.99,2021-12-10
484.15000000000003,0.1,0.0,-2.3648,0.07023666761876451,3.0,449.11292679029646,0.0,28.17,2021-12-11
6277.4737022359795,0.9,0.3839863418130145,-0.3648,0.07406819754658157,1.0,449.11292679029646,0.0,22.46,2021-12-12
2662.8250000000003,0.55,0.0,-1.3648,0.12051763022011137,2.0,449.11292679029646,0.0,29.29,2021-12-13
1475.2422340098726,0.0,0.29501894490748376,9.261218399300201,0.045936589980835676,-10.743073047858942,449.1105856973253,0.11705464855874079,32.65,2021-12-14
2.26554885962571e-15,0.0,0.0,-1.3648,0.08202546142555088,2.0,449.1105856973253,0.0,30.98,2021-12-15
1355.6200000000001,0.28,0.0,-3.3648,0.035530480318834025,4.0,449.1105856973253,0.0,28.12,2021-12-16
1452.45,0.3,0.0,22.826298400144385,0.008614558116443039,-26.486146095717885,449.1046847434138,0.2950476955735005,20.43,2021-12-17
2662.8250000000003,0.55,0.0,-1.3648,0.05971877807121667,2.0,449.1046847434138,0.0,25.74,2021-12-18
1.7860712908657204e-15,0.0,0.0,-0.3648,0.0282713929290412,1.0,449.1046847434138,0.0,26.28,2021-12-19
1404.0349999999999,0.29,0.0,2.4786745772324283,0.010701681016348458,-2.8715365239294712,449.10412350447984,0.0280619466970429,29.12,2021-12-20
145.245,0.03,0.0,-3.3648,0.008404160612656178,4.0,449.10412350447984,0.0,30.93,2021-12-21
2.146199884478506e-15,0.0,0.0,22.826285764035244,-0.002235969766028101,-26.486146095717885,449.09822229784623,0.29506033168264184,29.76,2021-12-22
532.565,0.11,0.0,-0.3648,0.03707910042562521,1.0,449.09822229784623,0.0,29.07,2021-12-23
333.9700907314108,0.04,0.02805921222505966,-0.3648,0.08076820209261608,1.0,449.09822229784623,0.0,35.77,2021-12-24
2.482042349427616e-15,0.0,0.0,-3.3648,0.06996288157641797,4.0,449.09822229784623,0.0,38.16,2021-12-25
2.647881913730998e-15,0.0,0.0,22.826274224873096,0.022387518619476618,-26.486146095717885,449.09232086042937,0.2950718708447918,25.28,2021-12-26
1.7541523789077474e-15,0.0,0.0,-1.3648,0.053582820391202456,2.0,449.09232086042937,0.0,20.79,2021-12-27
1.4425960426223126e-15,0.0,0.0,-0.3648,0.040789283424503164,1.0,449.09232086042937,0.0,29.5,2021-12-28
3411.905414716445,0.4,0.2950315797853104,-0.3648,0.1238419240906885,1.0,449.09232086042937,0.0,37.84,2021-12-29
1113.545,0.23,0.0,-1.3648,0.12379126131834563,2.0,449.09232086042937,0.0,45.19,2021-12-30
3.1356861551756763e-15,0.0,0.0,-1.3648,0.05057321432401108,2.0,449.09232086042937,0.0,29.53,2021-12-31
193.66,0.04,0.0,9.26120241370364,0.01795882362239556,-10.743073047858942,449.08997944774626,0.11707063415530326,42.51,2022-01-01
629.395,0.13,0.0,-2.3648,0.06085281257711585,3.0,449.08997944774626,0.0,29.65,2022-01-02
3732.3067701179834,0.65,0.11705464855874079,-3.3648,0.07530541338574466,4.0,449.08997944774626,0.0,39.04,2022-01-03
2178.675,0.45,0.0,-1.3648,0.051141906574260904,2.0,449.08997944774626,0.0,43.26,2022-01-04
96.83,0.02,0.0,-1.3648,0.058112363369075895,2.0,449.08997944774626,0.0,36.29,2022-01-05
1475.3860017152895,0.0,0.2950476955735005,9.261200597290655,0.020974483240421487,-10.743073047858942,449.0876379987349,0.11707245056828629,47.13,2022-01-06
1113.545,0.23,0.0,-1.3648,0.06538624530644879,2.0,449.0876379987349,0.0,28.92,2022-01-07
1597.6950000000002,0.33,0.0,-0.3648,0.05715575505418766,1.0,449.0876379987349,0.0,49.32,2022-01-08
914.963764458563,0.16,0.0280619466970429,-3.3648,0.24351235747454014,4.0,449.0876379987349,0.0,66.42,2022-01-09
1161.96,0.24,0.0,-3.3648,0.1383877156330693,4.0,449.0876379987349,0.0,49.16,2022-01-10
1475.4491885790505,0.0,0.29506033168264184,16.04372615464344,0.051421038194078,-18.614609571788414,449.083516330392,0.2060834171449756,38.25,2022-01-11
1210.375,0.25,0.0,-2.3648,0.06056722034080883,3.0,449.083516330392,0.0,37.37,2022-01-12
968.3000000000001,0.2,0.0,2.4786706405503844,0.02362001198105551,-2.8715365239294695,449.0829550127244,0.028065883379085443,27.33,2022-01-13
6439.195000000001,1.33,0.0,-1.3648,0.013571486449530054,2.0,449.0829550127244,0.0,37.65,2022-01-14
2831.126890159381,0.28,0.2950718708447918,2.478670536162344,0.004821718424544,-2.8715365239294712,449.08239369296905,0.028065987767127216,31.41,2022-01-15
48.415,0.01,0.0,-1.3648,0.00605216885326697,2.0,449.08239369296905,0.0,24.73,2022-01-16
387.32,0.08,0.0,9.261194712440213,0.00015040543409791565,-10.743073047858942,449.0800521262607,0.11707833541872847,25.16,2022-01-17
96.83,0.02,0.0,-1.3648,0.015466955595443586,2.0,449.0800521262607,0.0,33.13,2022-01-18
2.298855550364465e-15,0.0,0.0,9.26119289590774,0.003916320130968562,-10.743073047858942,449.07771052322164,0.11708015195120072,31.14,2022-01-19
48.415,0.01,0.0,-3.3648,0.08018958462598626,4.0,449.07771052322164,0.0,34.35,2022-01-20
585.4117060935939,0.0,0.11707063415530326,-2.3648,0.044777645310653286,3.0,449.07771052322164,0.0,32.22,2022-01-21
2.235711615838909e-15,0.0,0.0,-0.3648,0.01896776792093414,1.0,449.07771052322164,0.0,28.19,2022-01-22
1.956074191511448e-15,0.0,0.0,2.4786695608465457,0.006980231013105635,-2.8715365239294712,449.07714918396,0.028066963082925663,33.31,2022-01-23
2.311345559391498e-15,0.0,0.0,-1.3648,0.008579158218110814,2.0,449.07714918396,0.0,26.83,2022-01-24
1839.77,0.38,0.0,2.478669456454488,0.0028247871319763036,-2.8715365239294712,449.07658784261054,0.028067067474983238,35.9,2022-01-25
1117.9857890667156,0.11,0.11707245056828629,-1.3648,0.005253394540053071,2.0,449.07658784261054,0.0,22.08,2022-01-26
145.245,0.03,0.0,-2.3648,0.033102614747629364,3.0,449.07658784261054,0.0,27.58,2022-01-27
1.9137469386976133e-15,0.0,0.0,-4.3648,0.034260787119014785,5.0,449.07658784261054,0.0,30.87,2022-01-28
48.415,0.01,0.0,22.8262319210694,0.008106680836515341,-26.486146095717885,449.0706855591175,0.29511417464848655,3.68,2022-01-29
48.415,0.01,0.0,-4.3648,0.041216071094241,5.0,449.0706855591175,0.0,-12.91,2022-01-30
1030.5201274334506,0.0,0.2060834171449756,-1.3648,0.109040365591116,2.0,449.0706855591175,0.0,29.74,2022-01-31
968.3000000000001,0.2,0.0,-1.3648,0.09458043459134474,2.0,449.0706855591175,0.0,40.35,2022-02-01
866.5684498371168,0.15,0.028065883379085443,-4.3648,0.05219757124873753,5.0,449.0706855591175,0.0,31.66,2022-02-02
48.415,0.01,0.0,-1.3648,0.0335808399597538,2.0,449.0706855591175,0.0,46.05,2022-02-03
140.34397182951966,0.0,0.028065987767127216,-1.3648,0.027797733396101146,2.0,449.0706855591175,0.0,38.21,2022-02-04
2904.9,0.6,0.0,-4.3648,0.04212035029004859,5.0,449.0706855591175,0.0,37.02,2022-02-05
2134.730216261352,0.32,0.11707833541872847,-2.3648,0.16596399963542796,3.0,449.0706855591175,0.0,68.4,2022-02-06
484.15000000000003,0.1,0.0,-4.3648,0.2554275222201601,5.0,449.0706855591175,0.0,75.87,2022-02-07
1166.4392998319793,0.12,0.11708015195120072,29.608737754929912,0.09490978892503261,-34.357682619647356,449.06300266182313,0.384144864717444,41.51,2022-02-08
484.15000000000003,0.1,0.0,-3.3648,0.08722059575381513,4.0,449.06300266182313,0.0,39.52,2022-02-09
968.3000000000001,0.2,0.0,-4.3648,0.145741620926295,5.0,449.06300266182313,0.0,37.32,2022-02-10
4551.01,0.9400000000000001,0.0,-4.3648,0.07931638959048103,5.0,449.06300266182313,0.0,37.52,2022-02-11
5756.48884889617,1.16,0.028066963082925663,29.608718200441427,0.024465335873160996,-34.357682619647356,449.055319373439,0.3841644192059323,35.68,2022-02-12
2.475797344914099e-15,0.0,0.0,-4.3648,0.059042782002494125,5.0,449.055319373439,0.0,26.48,2022-02-13
140.34937090865367,0.0,0.028067067474983238,29.608698644957535,0.016355892837966228,-34.357682619647356,449.0476356939452,0.38418397468982135,33.54,2022-02-14
3389.05,0.7000000000000001,0.0,-4.3648,0.0840799334391824,5.0,449.0476356939452,0.0,31.14,2022-02-15
823.0550000000001,0.17,0.0,-2.3648,0.31583470905034944,3.0,449.0476356939452,0.0,49.49,2022-02-16
3.4340585930436876e-15,0.0,0.0,-4.3648,0.19559761744638746,5.0,449.0476356939452,0.0,46.13,2022-02-17
1475.718430329757,0.0,0.29511417464848655,29.608679088478198,0.07097782701552356,-34.357682619647356,449.0399516233218,0.3842035311691613,28.13,2022-02-18
1.9519108551691034e-15,0.0,0.0,-4.3648,0.08929281505691253,5.0,449.0399516233218,0.0,36.71,2022-02-19
823.0550000000001,0.17,0.0,-1.3648,0.3927812295347798,2.0,449.0399516233218,0.0,64.63,2022-02-20
8424.21,1.74,0.0,-3.3648,0.5041950796142816,4.0,449.0399516233218,0.0,97.32,2022-02-21
2130.26,0.44,0.0,-2.3648,0.2726053516239012,3.0,449.0399516233218,0.0,86.56,2022-02-22
6.006306563222097e-15,0.0,0.0,-4.3648,0.13837981162922777,5.0,449.0399516233218,0.0,61.32,2022-02-23
338.90500000000003,0.07,0.0,29.608659531003354,0.04809070468865968,-34.357682619647356,449.03226716154893,0.3842230886440033,44.67,2022-02-24
93214.14518439733,19.253154019290992,0.0,-4.3648,0.186607434514841,5.0,449.03226716154893,0.0,39.11,2022-02-25
129787.36709682732,26.80726367795669,0.0,29.60863997253296,0.06738175384290498,-34.357682619647356,449.0245823086067,0.38424264711439793,38.96,2022-02-26
2227.09,0.46,0.0,-4.3648,0.07620921905154214,5.0,449.0245823086067,0.0,26.95,2022-02-27
2889.216396019579,0.2,0.384144864717444,29.608620413066962,0.023222467657585434,-34.357682619647356,449.0168970644751,0.3842622065803958,24.43,2022-02-28
1.695171780724536e-15,0.0,0.0,-2.3648,0.05854547203856147,3.0,449.0168970644751,0.0,31.89,2022-03-01
3437.4649999999997,0.71,0.0,-4.3648,0.026138484564038268,5.0,449.0168970644751,0.0,39.14,2022-03-02
2.715883073989289e-15,0.0,0.0,29.60860085260531,0.003194173862583885,-34.357682619647356,449.00921142913427,0.38428176704204764,34.49,2022-03-03
1921.0141782392645,0.0,0.3841644192059323,-4.3648,0.05053412198005163,5.0,449.00921142913427,0.0,35.58,2022-03-04
2.4688584510101915e-15,0.0,0.0,29.608581291147953,0.012952428828989233,-34.357682619647356,449.00152540256425,0.384301328499404,37.8,2022-03-05
1921.1119654364516,0.0,0.38418397468982135,-4.3648,0.05443739142444811,5.0,449.00152540256425,0.0,39.33,2022-03-06
193.66,0.04,0.0,29.60856172869484,0.014513736606747823,-34.357682619647356,448.9938389847452,0.3843208909525158,31.43,2022-03-07
2.180894353998042e-15,0.0,0.0,-4.3648,0.05506188199172937,5.0,448.9938389847452,0.0,32.9,2022-03-08
2.282896094385478e-15,0.0,0.0,29.608542165245925,0.014763532833660326,-34.357682619647356,448.98615217565714,0.38434045440143355,24.36,2022-03-09
1921.209757611391,0.0,0.3842035311691613,-4.3648,0.05516176793701558,5.0,448.98615217565714,0.0,25.12,2022-03-10
1.7430501486614959e-15,0.0,0.0,29.608522600801148,0.01480348721177481,-34.357682619647356,448.97846497528025,0.3843600188462081,28.95,2022-03-11
2.0088097851811426e-15,0.0,0.0,-4.3648,0.06016847499694843,5.0,448.97846497528025,0.0,23.68,2022-03-12
1.6431300764452318e-15,0.0,0.0,29.608503035360467,0.016806170035747952,-34.357682619647356,448.9707773835945,0.38437958428688995,29.06,2022-03-13
2.0164425684754403e-15,0.0,0.0,-4.3648,0.05930592962580459,5.0,448.9707773835945,0.0,25.33,2022-03-14
1.7576218258597008e-15,0.0,0.0,29.608483468923826,0.016461151887290415,-34.357682619647356,448.96308940058003,0.38439915072353,28.01,2022-03-15
1921.3075547643384,0.0,0.3842230886440033,-4.3648,0.055840717912090734,5.0,448.96308940058003,0.0,27.75,2022-03-16
145.245,0.03,0.0,-4.3648,0.030047340769272526,5.0,448.96308940058003,0.0,20.8,2022-03-17
1921.405356895547,0.0,0.38424264711439793,29.608463901491177,0.004757716344677589,-34.357682619647356,448.9554010262169,0.38441871815617873,32.96,2022-03-18
96.83,0.02,0.0,-4.3648,0.051159311142939534,5.0,448.9554010262169,0.0,37.28,2022-03-19
1921.5031640052691,0.0,0.3842622065803958,29.60844433306247,0.013202504494144392,-34.357682619647356,448.9477122604852,0.3844382865848869,30.84,2022-03-20
2.139954879964989e-15,0.0,0.0,-4.3648,0.05453719384896316,5.0,448.9477122604852,0.0,31.85,2022-03-21
435.73499999999996,0.09,0.0,29.60842476363765,0.014553657576553846,-34.357682619647356,448.94002310336504,0.3844578560097053,32.9,2022-03-22
1921.6009760937593,0.0,0.38428176704204764,-4.3648,0.05507762252650672,5.0,448.94002310336504,0.0,36.47,2022-03-23
2.530614606754966e-15,0.0,0.0,29.608405193216672,0.01476982904757127,-34.357682619647356,448.9323335548364,0.38447742643068467,24.07,2022-03-24
1921.6987931612698,0.0,0.384301328499404,-4.3648,0.05516405855783628,5.0,448.9323335548364,0.0,27.43,2022-03-25
1.903338597841753e-15,0.0,0.0,29.60838562179948,0.014804403460103092,-34.357682619647356,448.92464361487947,0.38449699784787555,33.74,2022-03-26
1921.7966152080553,0.0,0.3843208909525158,-4.3648,0.05517785576411431,5.0,448.92464361487947,0.0,45.18,2022-03-27
3.134992265785286e-15,0.0,0.0,29.608366049386028,0.014809922342614305,-34.357682619647356,448.9169532834743,0.38451657026132874,30.33,2022-03-28
1921.8944422343684,0.0,0.38434045440143355,-4.3648,0.055180030756726735,5.0,448.9169532834743,0.0,27.91,2022-03-29
1.9366452885805076e-15,0.0,0.0,29.608346475976262,0.014810792339659271,-34.357682619647356,448.9092625606009,0.38453614367109484,29.64,2022-03-30
1921.9922742404635,0.0,0.3843600188462081,-4.3648,0.17994929258905898,5.0,448.9092625606009,0.0,30.76,2022-03-31
2.1344037648418636e-15,0.0,0.0,-4.3648,0.1645336541890432,5.0,448.9092625606009,0.0,37.08,2022-04-01
1922.0901112265933,0.0,0.38437958428688995,29.608326901570134,0.05855224171258586,-34.357682619647356,448.9015714462393,0.38455571807722483,27.4,2022-04-02
1.9012569296705806e-15,0.0,0.0,-4.3648,0.07267689337895879,5.0,448.9015714462393,0.0,22.23,2022-04-03
1922.1879531930117,0.0,0.38439915072353,-2.3648,0.04676332666766485,3.0,448.9015714462393,0.0,20.97,2022-04-04
3631.125,0.75,0.0,-4.3648,0.20774725303305483,5.0,448.9015714462393,0.0,40.9,2022-04-05
2904.9,0.6,0.0,-4.3648,0.09247354076959903,5.0,448.9015714462393,0.0,34.4,2022-04-06
1922.2858001399718,0.0,0.38441871815617873,-4.3648,0.2576394717607046,5.0,448.9015714462393,0.0,45.31,2022-04-07
3.1440128278603653e-15,0.0,0.0,-4.3648,0.16566517872276618,5.0,448.9015714462393,0.0,47.94,2022-04-08
2648.608652067727,0.15,0.3844382865848869,-4.3648,0.0972673284207146,5.0,448.9015714462393,0.0,35.21,2022-04-09
5616.139999999999,1.16,0.0,-4.3648,0.059926672588248873,5.0,448.9015714462393,0.0,32.74,2022-04-10
2406.631508976531,0.1,0.3844578560097053,29.608307326167587,0.016709449072268127,-34.357682619647356,448.89387994036974,0.3845752934797694,25.29,2022-04-11
6632.8550000000005,1.37,0.0,-4.3648,0.055939743757467006,5.0,448.89387994036974,0.0,33.82,2022-04-12
3956.0093708666386,0.42,0.38447742643068467,29.60828774976858,0.015114677539955382,-34.357682619647356,448.8861880429722,0.3845948698787791,28.36,2022-04-13
1113.545,0.23,0.0,-4.3648,0.05530180257751953,5.0,448.8861880429722,0.0,24.27,2022-04-14
2745.7322377383016,0.17,0.38449699784787555,29.60826817237305,0.014859501067976393,-34.357682619647356,448.87849575402674,0.38461444727430444,30.39,2022-04-15
2.1087298573974065e-15,0.0,0.0,-4.3648,0.05519969942004776,5.0,448.87849575402674,0.0,25.27,2022-04-16
1922.7751095917743,0.0,0.38451657026132874,29.60824859398096,0.014818659804987684,-34.357682619647356,448.8708030735134,0.38463402566639665,27.53,2022-04-17
1.91027749174566e-15,0.0,0.0,-4.3648,0.05518333034451423,5.0,448.8708030735134,0.0,34.43,2022-04-18
1922.8729864273098,0.0,0.38453614367109484,29.60822901459225,0.014812112174774272,-34.357682619647356,448.8631100014123,0.3846536050551062,29.73,2022-04-19
2.062933157631619e-15,0.0,0.0,-4.3648,0.05518067872043286,5.0,448.8631100014123,0.0,31.56,2022-04-20
2.189914916073121e-15,0.0,0.0,29.608209434206874,0.014811051525141726,-34.357682619647356,448.8554165377035,0.384673185440484,26.83,2022-04-21
1922.9708682451628,0.0,0.38455571807722483,-4.3648,0.0551802218869258,5.0,448.8554165377035,0.0,25.0,2022-04-22
1.734723475976807e-15,0.0,0.0,29.608189852824776,0.0148108687917389,-34.357682619647356,448.8477226823671,0.3846927668225804,36.95,2022-04-23
2.563921297493721e-15,0.0,0.0,-4.3648,0.055180116218252494,5.0,448.8477226823671,0.0,36.8,2022-04-24
2.55351295663786e-15,0.0,0.0,-4.3648,0.08135426460190358,5.0,448.8477226823671,0.0,33.98,2022-04-25
2.357836148547676e-15,0.0,0.0,-4.3648,0.04191634539713852,5.0,448.8477226823671,0.0,28.01,2022-04-26
1.943584182484415e-15,0.0,0.0,29.60817027044591,0.009505318195823984,-34.357682619647356,448.84002843538303,0.3847123492014464,32.46,2022-04-27
2.2523649612082865e-15,0.0,0.0,-4.3648,0.053057863402916135,5.0,448.84002843538303,0.0,29.41,2022-04-28
2.040728697139116e-15,0.0,0.0,29.608150687070225,0.013961925398135034,-34.357682619647356,448.8323337967315,0.38473193257713273,27.02,2022-04-29
1936.6000000000001,0.4,0.0,-4.3648,0.054840473705211876,5.0,448.8323337967315,0.0,26.23,2022-04-30
2407.218755045587,0.1,0.3845752934797694,29.608131102697666,0.014674969519053331,-34.357682619647356,448.8246387663925,0.38475151694969006,35.07,2022-05-01
2.433470092100265e-15,0.0,0.0,-4.3648,0.05512565877329213,5.0,448.8246387663925,0.0,31.92,2022-05-02
1923.166646828835,0.0,0.3845948698787791,29.608111517328187,0.014789043546285432,-34.357682619647356,448.81694334434616,0.3847711023191693,32.37,2022-05-03
2.2461199566947697e-15,0.0,0.0,-4.3648,0.05517125580223944,5.0,448.81694334434616,0.0,33.97,2022-05-04
1923.2645435951592,0.0,0.38461444727430444,29.608091930961738,0.014807282357864356,-34.357682619647356,448.80924753057246,0.3847906886856211,22.83,2022-05-05
1.5841494782620201e-15,0.0,0.0,-4.3648,0.05517851874326693,5.0,448.80924753057246,0.0,23.05,2022-05-06
1923.3624453448165,0.0,0.38463402566639665,29.608072343598263,0.014810187534275352,-34.357682619647356,448.80155132505143,0.3848102760490961,25.71,2022-05-07
1.7839896226945486e-15,0.0,0.0,-4.3648,0.05517964822856862,5.0,448.80155132505143,0.0,42.43,2022-05-08
1923.4603520780586,0.0,0.3846536050551062,29.60805275523771,0.014810639328396028,-34.357682619647356,448.79385472776323,0.3848298644096453,27.96,2022-05-09
1.9401147355324612e-15,0.0,0.0,-4.3648,0.05517979635929546,5.0,448.79385472776323,0.0,31.41,2022-05-10
1923.5582637951402,0.0,0.384673185440484,29.608033165880038,0.014810698580686761,-34.357682619647356,448.7861577386879,0.3848494537673191,15.75,2022-05-11
1.0928757898653885e-15,0.0,0.0,-4.3648,0.11340529578956128,5.0,448.7861577386879,0.0,18.73,2022-05-12
1923.6561804963133,0.0,0.3846927668225804,29.608013575525188,0.03810089835279309,-34.357682619647356,448.7784603578055,0.3848690441221686,29.16,2022-05-13
2.023381462379348e-15,0.0,0.0,-4.3648,0.06449583479023492,5.0,448.7784603578055,0.0,46.67,2022-05-14
3.2383817849535038e-15,0.0,0.0,29.607993984173113,0.01853711395306255,-34.357682619647356,448.770762585096,0.3848886354742442,43.61,2022-05-15
3.0260516314939425e-15,0.0,0.0,-4.3648,0.05667028843844462,5.0,448.770762585096,0.0,29.64,2022-05-16
3618.279102181833,0.35000000000000003,0.3847123492014464,29.60797439182376,0.015406895412346425,-34.357682619647356,448.76306442053954,0.3849082278235971,28.03,2022-05-17
1.944971961265196e-15,0.0,0.0,-4.3648,0.05541816842860102,5.0,448.76306442053954,0.0,26.76,2022-05-18
1923.8520288519521,0.0,0.38473193257713273,-4.3648,0.13634782190009107,5.0,448.76306442053954,0.0,45.59,2022-05-19
3.1634417307913057e-15,0.0,0.0,-4.3648,0.22029084779885344,5.0,448.76306442053954,0.0,41.05,2022-05-20
1923.9499605069252,0.0,0.38475151694969006,-4.3648,0.33704735575540085,5.0,448.76306442053954,0.0,32.21,2022-05-21
2.2350177264485184e-15,0.0,0.0,29.60795479847708,0.12755772233912893,-34.357682619647356,448.75536586411613,0.3849278211702778,41.01,2022-05-22
1924.0478971470059,0.0,0.3847711023191693,-4.3648,0.10027846660409774,5.0,448.75536586411613,0.0,38.84,2022-05-23
3534.295,0.73,0.0,-4.3648,0.23248048091150975,5.0,448.75536586411613,0.0,37.73,2022-05-24
6959.305838772449,1.04,0.3847906886856211,2.4786096145279553,0.09238531620933589,-2.8715365239294695,448.7548033259281,0.028126909401514216,26.98,2022-05-25
7455.91,1.54,0.0,-4.3648,0.04107750661880859,5.0,448.7548033259281,0.0,37.28,2022-05-26
1924.2437853835052,0.0,0.3848102760490961,-4.3648,0.042441501723309016,5.0,448.7548033259281,0.0,29.79,2022-05-27
2.067096493973963e-15,0.0,0.0,29.607933772362415,0.009715380726292187,-34.357682619647356,448.7471043489824,0.38494884728494405,34.89,2022-05-28
7734.141736980431,1.2,0.3848298644096453,-4.3648,0.07809528425932681,5.0,448.7471043489824,0.0,27.74,2022-05-29
193.66,0.04,0.0,-4.3648,0.04061275326010781,5.0,448.7471043489824,0.0,29.34,2022-05-30
1924.4396935634793,0.0,0.3848494537673191,29.607914176948043,0.0089838813410117,-34.357682619647356,448.7394049801284,0.38496844269931535,31.63,2022-05-31
968.3000000000001,0.2,0.0,-4.3648,0.0861205816662628,5.0,448.7394049801284,0.0,28.74,2022-06-01
1924.537655132904,0.0,0.3848690441221686,29.607894580536186,0.027187012703473696,-34.357682619647356,448.7317052193462,0.38498803911117074,25.27,2022-06-02
726.225,0.15,0.0,-4.3648,0.06013008257211511,5.0,448.7317052193462,0.0,28.12,2022-06-03
2408.785621688958,0.1,0.3848886354742442,29.607874983126795,0.016790813065814623,-34.357682619647356,448.7240050666158,0.3850076365205607,34.9,2022-06-04
2.4216739724636227e-15,0.0,0.0,-4.3648,0.05597157011507653,5.0,448.7240050666158,0.0,42.6,2022-06-05
2893.0335932318976,0.2,0.3849082278235971,-4.3648,0.2979370199129437,5.0,448.7240050666158,0.0,42.42,2022-06-06
2.9434787940374466e-15,0.0,0.0,-4.3648,0.2865901129559353,5.0,448.7240050666158,0.0,27.57,2022-06-07
1.9130530493072228e-15,0.0,0.0,29.607855384719823,0.1073748252193427,-34.357682619647356,448.71630452191727,0.385027234927536,28.37,2022-06-08
1.9685642005384806e-15,0.0,0.0,-4.3648,0.19035671353736341,5.0,448.71630452191727,0.0,18.83,2022-06-09
1.306593722105731e-15,0.0,0.0,16.043219067809808,0.07220863735579565,-18.614609571788414,448.7121727118377,0.206590503978606,25.09,2022-06-10
10155.381569761974,1.7,0.3849278211702778,-4.3648,0.05557272880743624,5.0,448.7121727118377,0.0,20.25,2022-06-11
5083.575,1.05,0.0,29.607825269043868,0.014967871559943075,-34.357682619647356,448.70447156482567,0.3850573506034891,32.81,2022-06-12
2.2766510898719618e-15,0.0,0.0,-4.3648,0.05524231080907794,5.0,448.70447156482567,0.0,30.2,2022-06-13
2997.1336104622715,0.59,0.028126909401514216,29.60780566810625,0.014835704360599755,-34.357682619647356,448.6967700257948,0.3850769515411072,35.02,2022-06-14
96.83,0.02,0.0,-4.3648,0.05518941132149614,5.0,448.6967700257948,0.0,28.87,2022-06-15
2.0032586700580168e-15,0.0,0.0,29.607786066170867,0.014814544565567035,-34.357682619647356,448.68906809472526,0.3850965534764906,30.74,2022-06-16
1924.9367108483627,0.0,0.38494884728494405,-4.3648,0.055180914793978714,5.0,448.68906809472526,0.0,37.87,2022-06-17
2.6277591214096673e-15,0.0,0.0,29.607766463237667,0.014811145954560066,-34.357682619647356,448.6813657715971,0.38511615640968977,23.21,2022-06-18
1.6105172750968679e-15,0.0,0.0,-4.3648,0.055179522738411646,5.0,448.6813657715971,0.0,15.02,2022-06-19
1925.0346977179265,0.0,0.38496844269931535,-4.3648,0.029782862699800888,5.0,448.6813657715971,0.0,15.45,2022-06-20
1.0720591081536668e-15,0.0,0.0,29.6077468593066,0.004651925116888933,-34.357682619647356,448.6736630563903,0.3851357603407554,25.8,2022-06-21
1925.1326895754094,0.0,0.38498803911117074,-4.3648,0.05111580179051887,5.0,448.6736630563903,0.0,27.17,2022-06-22
1.8852974736915943e-15,0.0,0.0,29.607727254377618,0.013185100753176126,-34.357682619647356,448.6659599490849,0.3851553652697384,27.69,2022-06-23
1925.2306864210636,0.0,0.3850076365205607,-4.3648,0.48706138693517037,5.0,448.6659599490849,0.0,32.05,2022-06-24
435.73499999999996,0.09,0.0,-4.3648,0.32065021096630475,5.0,448.6659599490849,0.0,20.24,2022-06-25
1.4044321261508229e-15,0.0,0.0,-4.3648,0.2990025612811614,5.0,448.6659599490849,0.0,23.53,2022-06-26
1.632721735589371e-15,0.0,0.0,29.607707648450667,0.11233980454943315,-34.357682619647356,448.65825644966094,0.3851749711966898,22.7,2022-06-27
1925.3286882551438,0.0,0.385027234927536,-4.3648,0.15241639665083723,5.0,448.65825644966094,0.0,30.8,2022-06-28
244203.7648282823,50.439691175933554,0.0,29.607688041525698,0.05370533869730347,-34.357682619647356,448.6505525580985,0.38519457812166014,29.21,2022-06-29
4906.255815145019,0.8,0.206590503978606,-4.3648,0.07073706937425064,5.0,448.6505525580985,0.0,17.34,2022-06-30
5180.405000000001,1.07,0.0,-4.3648,0.18572861702881305,5.0,448.6505525580985,0.0,-9.78,2022-07-01
1925.4792816927472,0.0,0.3850573506034891,29.607668433602658,0.0670302268484938,-34.357682619647356,448.6428482743776,0.3852141860447002,25.6,2022-07-02
1694.525,0.35000000000000003,0.0,-4.3648,0.07606699201526146,5.0,448.6428482743776,0.0,44.88,2022-07-03
1925.5772961813066,0.0,0.3850769515411072,29.607648824681498,0.02316557684307316,-34.357682619647356,448.63514359847835,0.3852337949658608,25.53,2022-07-04
1.7714996136675155e-15,0.0,0.0,-4.3648,0.05852109939196743,5.0,448.63514359847835,0.0,29.45,2022-07-05
6718.760315659191,0.99,0.3850965534764906,29.607629214762163,0.01614721979375555,-34.357682619647356,448.62743853038063,0.3852534048851928,32.35,2022-07-06
2.2447321779139884e-15,0.0,0.0,-4.3648,0.07234958346886257,5.0,448.62743853038063,0.0,26.16,2022-07-07
1925.7733401266537,0.0,0.38511615640968977,29.60760960384461,0.021678613424513604,-34.357682619647356,448.61973307006457,0.3852730158027472,33.55,2022-07-08
2.327998904760875e-15,0.0,0.0,-4.3648,0.05792624877731034,5.0,448.61973307006457,0.0,35.75,2022-07-09
2.480654570646834e-15,0.0,0.0,29.607589991928783,0.015909279547892716,-34.357682619647356,448.6120272175102,0.3852926277185745,48.44,2022-07-10
1925.8713695839474,0.0,0.3851357603407554,-4.3648,0.05728206855249517,5.0,448.6120272175102,0.0,38.51,2022-07-11
484.15000000000003,0.1,0.0,29.607570379014632,0.01565160745796665,-34.357682619647356,448.60432097269756,0.38531224063272573,35.0,2022-07-12
1925.969404031327,0.0,0.3851553652697384,-4.3648,0.05551538113681544,5.0,448.60432097269756,0.0,28.14,2022-07-13
1.952604744559494e-15,0.0,0.0,29.607550765102104,0.014944932491694755,-34.357682619647356,448.59661433560666,0.3853318545452517,28.37,2022-07-14
1.9685642005384806e-15,0.0,0.0,-4.3648,0.055232678520877335,5.0,448.59661433560666,0.0,26.02,2022-07-15
48.415,0.01,0.0,29.607531150191154,0.014831851445319514,-34.357682619647356,448.58890730621755,0.385351469456203,26.24,2022-07-16
1926.0674434690475,0.0,0.3851749711966898,-4.3648,0.055187413471236936,5.0,448.58890730621755,0.0,32.88,2022-07-17
2.2815083156046968e-15,0.0,0.0,29.607511534281727,0.014813745425463353,-34.357682619647356,448.5811998845102,0.38537108536563064,19.13,2022-07-18
1926.1654878973616,0.0,0.38519457812166014,-4.3648,0.05518013843054311,5.0,448.5811998845102,0.0,15.98,2022-07-19
1.1088352458443752e-15,0.0,0.0,29.60749191737377,0.014810835409185824,-34.357682619647356,448.57349207046474,0.3853907022735855,16.45,2022-07-20
1.141448047192739e-15,0.0,0.0,-4.3648,0.0551789417896196,5.0,448.57349207046474,0.0,24.24,2022-07-21
1926.2635373165233,0.0,0.3852141860447002,-4.3648,0.16453309242749295,5.0,448.57349207046474,0.0,41.42,2022-07-22
2.8740898549983743e-15,0.0,0.0,29.60747229946724,0.058552017007965765,-34.357682619647356,448.56578386406113,0.3854103201801184,44.48,2022-07-23
1926.3615917267869,0.0,0.3852337949658608,-4.3648,0.07267538179305788,5.0,448.56578386406113,0.0,32.51,2022-07-24
2.2558344081602397e-15,0.0,0.0,29.607452680562076,0.02180893275419173,-34.357682619647356,448.55807526527946,0.3854299390852801,12.5,2022-07-25
1926.4596511284064,0.0,0.3852534048851928,-4.3648,0.0929134204445711,5.0,448.55807526527946,0.0,23.75,2022-07-26
4357.35,0.9,0.0,29.607433060658234,0.02990414821479702,-34.357682619647356,448.55036627409964,0.3854495589891212,33.96,2022-07-27
1926.5577155216374,0.0,0.3852730158027472,-4.3648,0.06121616899865895,5.0,448.55036627409964,0.0,26.48,2022-07-28
1.837419105754634e-15,0.0,0.0,29.607413439755664,0.01722524763643216,-34.357682619647356,448.54265689050186,0.385469179891693,29.67,2022-07-29
1926.6557849067317,0.0,0.3852926277185745,-4.3648,0.05614457612625511,5.0,448.54265689050186,0.0,26.52,2022-07-30
1016.7149999999999,0.21,0.0,2.4785700571177776,0.021850954295234024,-2.8715365239294695,448.5420935611656,0.028166466811692235,17.76,2022-07-31
1926.753859283945,0.0,0.38531224063272573,-4.3648,0.09604299364305849,5.0,448.5420935611656,0.0,19.79,2022-08-01
1.3732071035832403e-15,0.0,0.0,29.607392384070074,0.031155977494191973,-34.357682619647356,448.534383756454,0.3854902355772812,33.66,2022-08-02
1926.851938653531,0.0,0.3853318545452517,-4.3648,0.06171683304141628,5.0,448.534383756454,0.0,23.18,2022-08-03
1.6084356069256956e-15,0.0,0.0,29.607372761096904,0.017425513253535092,-34.357682619647356,448.526673559283,0.3855098585504518,21.33,2022-08-04
2120.610023015743,0.04,0.385351469456203,-4.3648,0.056224614700651036,5.0,448.526673559283,0.0,31.77,2022-08-05
2420.75,0.5,0.0,29.607353137124846,0.015228625917228993,-34.357682619647356,448.5189629696325,0.3855294825225091,18.94,2022-08-06
1927.048112370836,0.0,0.38537108536563064,-4.3648,0.05534582711996436,5.0,448.5189629696325,0.0,26.46,2022-08-07
1.8360313269738528e-15,0.0,0.0,29.607333512153854,0.014877110884954324,-34.357682619647356,448.5112519874827,0.38554910749350385,34.86,2022-08-08
1927.1462067190644,0.0,0.3853907022735855,-4.3648,0.05520518845922844,5.0,448.5112519874827,0.0,36.31,2022-08-09
2.5195123765087148e-15,0.0,0.0,29.60731388618387,0.014820855420659956,-34.357682619647356,448.5035406128134,0.38556873346348686,28.16,2022-08-10
1.9539925233402757e-15,0.0,0.0,-4.3648,0.05518265362402273,5.0,448.5035406128134,0.0,22.48,2022-08-11
1927.244306060682,0.0,0.3854103201801184,29.607294259214846,0.01481184148657767,-34.357682619647356,448.49582884560476,0.3855883604325094,32.83,2022-08-12
2.2780388686527428e-15,0.0,0.0,-4.3648,0.05517901539923987,5.0,448.49582884560476,0.0,28.76,2022-08-13
1927.3424103959433,0.0,0.3854299390852801,29.607274631246735,0.014810386196664527,-34.357682619647356,448.4881166858367,0.38560798840062205,19.4,2022-08-14
1.3461454173580023e-15,0.0,0.0,-4.3648,0.06016915848628515,5.0,448.4881166858367,0.0,23.67,2022-08-15
1927.4405197251006,0.0,0.3854495589891212,22.82508123028357,0.018470029383423493,-26.486146095717885,448.482191388528,0.29626486543431807,30.69,2022-08-16
2.1295465391091286e-15,0.0,0.0,-4.3648,0.15681975502001488,5.0,448.482191388528,0.0,31.9,2022-08-17
1927.5386340484108,0.0,0.385469179891693,-4.3648,0.3233040203074514,5.0,448.482191388528,0.0,47.37,2022-08-18
3.286954042280854e-15,0.0,0.0,29.60723992122951,0.12206038815994916,-34.357682619647356,448.47447853455964,0.38564269841784593,46.23,2022-08-19
286.09141729186706,0.03,0.028166466811692235,-4.3648,0.0980783436726794,5.0,448.47447853455964,0.0,39.5,2022-08-20
48.415,0.01,0.0,29.60722029049538,0.03197011750604034,-34.357682619647356,448.46676528797656,0.3856623291519763,37.27,2022-08-21
5171.4489230041945,0.67,0.3854902355772812,-4.3648,0.06204220275370235,5.0,448.46676528797656,0.0,39.31,2022-08-22
7794.8150000000005,1.61,0.0,29.60720065876197,0.01755566113844952,-34.357682619647356,448.4590516487588,0.38568196088538853,23.74,2022-08-23
1927.7420476815341,0.0,0.3855098585504518,-4.3648,0.05627638754759011,5.0,448.4590516487588,0.0,23.83,2022-08-24
1.6535384173010924e-15,0.0,0.0,29.607181026029224,0.015249335056004626,-34.357682619647356,448.45133761688646,0.3857015936181333,40.36,2022-08-25
1927.840177353807,0.0,0.3855294825225091,-4.3648,0.055353824453873754,5.0,448.45133761688646,0.0,28.49,2022-08-26
1.9768908732231692e-15,0.0,0.0,29.607161392297094,0.014880309818518081,-34.357682619647356,448.44362319233943,0.3857212273502615,41.3,2022-08-27
1927.938312021266,0.0,0.38554910749350385,-4.3648,0.05520618169647818,5.0,448.44362319233943,0.0,41.06,2022-08-28
2.849109836944308e-15,0.0,0.0,29.607141757565532,0.014821252715559853,-34.357682619647356,448.4359083750978,0.38574086208182423,29.71,2022-08-29
1928.036451684166,0.0,0.38556873346348686,-4.3648,0.0551825261912313,5.0,448.4359083750978,0.0,32.99,2022-08-30
2.289141098898995e-15,0.0,0.0,29.607122121834486,0.0148117905134611,-34.357682619647356,448.4281931651416,0.38576049781287214,29.33,2022-08-31
1928.1345963427632,0.0,0.3855883604325094,-4.3648,0.055178708644665474,5.0,448.4281931651416,0.0,32.19,2022-09-01
2.2336299476677367e-15,0.0,0.0,29.6071024851039,0.014810263494834768,-34.357682619647356,448.4204775624507,0.38578013454345617,23.0,2022-09-02
1928.2327459973105,0.0,0.38560798840062205,-4.3648,0.0551780651698258,5.0,448.4204775624507,0.0,24.79,2022-09-03
1.7201517987786018e-15,0.0,0.0,29.60708284737373,0.014810006104898897,-34.357682619647356,448.4127615670052,0.3857997722736273,27.19,2022-09-04
1481.4724596043075,0.0,0.29626486543431807,-4.3648,0.05517792954479941,5.0,448.4127615670052,0.0,28.13,2022-09-05
1.9519108551691034e-15,0.0,0.0,-4.3648,0.0364365692301194,5.0,448.4127615670052,0.0,24.37,2022-09-06
1.6910084443821917e-15,0.0,0.0,-4.3648,0.32339473859777784,5.0,448.4127615670052,0.0,46.73,2022-09-07
1928.4063134384385,0.0,0.38564269841784593,-4.3648,0.27181941115075625,5.0,448.4127615670052,0.0,39.43,2022-09-08
2.7360058663106202e-15,0.0,0.0,29.607063208643922,0.10146654449727108,-34.357682619647356,448.4050451787851,0.3858194110034364,32.01,2022-09-09
1928.5044769244575,0.0,0.3856623291519763,-4.3648,0.2844800686081127,5.0,448.4050451787851,0.0,31.07,2022-09-10
629.395,0.13,0.0,29.607043568914424,0.10653080748021367,-34.357682619647356,448.3973283977704,0.38583905073293434,31.23,2022-09-11
11127.452645407386,1.9000000000000001,0.38568196088538853,-4.3648,0.09186618475183221,5.0,448.3973283977704,0.0,29.78,2022-09-12
4357.35,0.9,0.0,29.607023928185185,0.029485253937701465,-34.357682619647356,448.3896112239412,0.3858586914621718,30.0,2022-09-13
1928.7008188874754,0.0,0.3857015936181333,-4.3648,0.06104793066078607,5.0,448.3896112239412,0.0,44.19,2022-09-14
5664.554999999999,1.17,0.0,29.607004286456156,0.017157952301283006,-34.357682619647356,448.3818936572774,0.3858783331911998,43.73,2022-09-15
1928.7989973649826,0.0,0.3857212273502615,-4.3648,0.19752178324548647,5.0,448.3818936572774,0.0,51.58,2022-09-16
3.579081475635348e-15,0.0,0.0,-4.3648,0.17156265045161417,5.0,448.3818936572774,0.0,54.85,2022-09-17
1928.897180840162,0.0,0.38574086208182423,-4.3648,0.2609941544505162,5.0,448.3818936572774,0.0,65.12,2022-09-18
4.5186077102243874e-15,0.0,0.0,-4.3648,0.24685917749185157,5.0,448.3818936572774,0.0,68.98,2022-09-19
1928.995369313267,0.0,0.38576049781287214,-4.3648,0.16634381887104746,5.0,448.3818936572774,0.0,52.11,2022-09-20
4115.275,0.85,0.0,29.606984643727287,0.059276307585387565,-34.357682619647356,448.374175697759,0.38589797592006925,37.37,2022-09-21
4833.9935627845525,0.6,0.38578013454345617,-4.3648,0.07296428676678823,5.0,448.374175697759,0.0,35.45,2022-09-22
5809.8,1.2,0.0,29.606964999998524,0.02192449474368387,-34.357682619647356,448.36645734536603,0.38591761964883114,29.03,2022-09-23
6286.541761254273,0.9,0.3857997722736273,-4.3648,0.3009070779344397,5.0,448.36645734536603,0.0,50.71,2022-09-24
2178.675,0.45,0.0,-4.3648,0.14637333024956148,5.0,448.36645734536603,0.0,52.36,2022-09-25
3.633204848085825e-15,0.0,0.0,-4.3648,0.07624190141590591,5.0,448.36645734536603,0.0,33.03,2022-09-26
2.2919166564605576e-15,0.0,0.0,-4.3648,0.2494832300672866,5.0,448.36645734536603,0.0,51.61,2022-09-27
3.581163143806521e-15,0.0,0.0,-4.3648,0.416931332692349,5.0,448.36645734536603,0.0,36.66,2022-09-28
8997.879964722684,1.46,0.3858194110034364,-4.3648,0.21773682143183792,5.0,448.36645734536603,0.0,35.18,2022-09-29
968.3000000000001,0.2,0.0,29.606945355269822,0.07983350860970376,-34.357682619647356,448.3587386000785,0.3859372643775362,30.72,2022-09-30
2655.613173190038,0.15,0.38583905073293434,-4.3648,0.33904292436762057,5.0,448.3587386000785,0.0,33.95,2022-10-01
6584.4400000000005,1.36,0.0,-4.3648,0.17826352834224232,5.0,448.3587386000785,0.0,22.32,2022-10-02
48628.24853472739,9.645515263466034,0.3858586914621718,-4.3648,0.08567080874909656,5.0,448.3587386000785,0.0,19.85,2022-10-03
1694.525,0.35000000000000003,0.0,29.606925709541123,0.027007103536607208,-34.357682619647356,448.3510194618764,0.38595691010623545,31.86,2022-10-04
1929.5846051225947,0.0,0.3858783331911998,-4.3648,0.06005650710519189,5.0,448.3510194618764,0.0,35.05,2022-10-05
7504.325,1.55,0.0,-4.3648,0.03672441430233554,5.0,448.3510194618764,0.0,30.85,2022-10-06
1452.45,0.3,0.0,29.606906062812378,0.007428545757902796,-34.357682619647356,448.3432999307397,0.3859765568349797,42.08,2022-10-07
629.395,0.13,0.0,-4.3648,0.06553373892521498,5.0,448.3432999307397,0.0,28.67,2022-10-08
1.9893808822502027e-15,0.0,0.0,29.606886415083537,0.01895227560705457,-34.357682619647356,448.33558000664846,0.38599620456381994,50.48,2022-10-09
3.5027536426923686e-15,0.0,0.0,-4.3648,0.05683451056366321,5.0,448.33558000664846,0.0,36.69,2022-10-10
2510.662828588306,0.12,0.38589797592006925,29.60686676635455,0.015472584262433862,-34.357682619647356,448.32785968958257,0.3860158532928071,29.13,2022-10-11
2.0212997942081757e-15,0.0,0.0,-4.3648,0.05544260133846541,5.0,448.32785968958257,0.0,32.7,2022-10-12
2317.10105705398,0.08,0.38591761964883114,-2.3648,0.12803966530433256,3.0,448.32785968958257,0.0,25.76,2022-10-13
1.787459069646502e-15,0.0,0.0,-4.3648,0.21364041325666833,5.0,448.32785968958257,0.0,32.89,2022-10-14
2.2822022049950873e-15,0.0,0.0,-4.3648,0.12810252389786142,5.0,448.32785968958257,0.0,37.37,2022-10-15
2.593064651890131e-15,0.0,0.0,-4.3648,0.07392433673104845,5.0,448.32785968958257,0.0,35.65,2022-10-16
2.473715676742927e-15,0.0,0.0,-3.3648,0.060570991624027515,4.0,448.32785968958257,0.0,32.34,2022-10-17
3292.2200000000003,0.68,0.0,-4.3648,0.08683778666809529,5.0,448.32785968958257,0.0,33.15,2022-10-18
4841.5,1.0,0.0,29.606847116625364,0.027473894704206695,-34.357682619647356,448.32013897952214,0.3860355030219922,42.7,2022-10-19
3382.32929051987,0.3,0.3859372643775362,-3.3648,0.060243092826161096,4.0,448.32013897952214,0.0,30.27,2022-10-20
871.4699999999999,0.18,0.0,-4.3648,0.053434908110131726,5.0,448.32013897952214,0.0,28.69,2022-10-21
1113.545,0.23,0.0,29.606827465895933,0.01411274328102127,-34.357682619647356,448.3124178764471,0.3860551537514258,35.15,2022-10-22
1985.015,0.41000000000000003,0.0,-4.3648,0.0548985995662095,5.0,448.3124178764471,0.0,36.68,2022-10-23
1929.9775289862305,0.0,0.38595691010623545,-4.3648,0.023016149623156634,5.0,448.3124178764471,0.0,28.31,2022-10-24
1.964400864196136e-15,0.0,0.0,-4.3648,0.22819292935018687,5.0,448.3124178764471,0.0,24.75,2022-10-25
1016.7149999999999,0.21,0.0,29.6068078141662,0.08401595177704332,-34.357682619647356,448.3046963803375,0.38607480548115913,27.84,2022-10-26
1930.0757724533162,0.0,0.3859765568349797,-4.3648,0.08285985027227681,5.0,448.3046963803375,0.0,32.54,2022-10-27
2.257916076331412e-15,0.0,0.0,29.606788161436114,0.025882720145879303,-34.357682619647356,448.2969744911733,0.386094458211243,27.86,2022-10-28
2172.2490209213815,0.05,0.38599620456381994,-4.3648,0.05960652492580552,5.0,448.2969744911733,0.0,33.75,2022-10-29
6584.4400000000005,1.36,0.0,29.606768507705628,0.016581390007290784,-34.357682619647356,448.28925220893444,0.38611411194172834,42.25,2022-10-30
1930.2722743906818,0.0,0.3860158532928071,-4.3648,0.05588596017470017,5.0,448.28925220893444,0.0,31.89,2022-10-31
2.212813265956015e-15,0.0,0.0,9.260579411899906,0.0200839219626712,-10.743073047858939,448.2868983362153,0.11769363595903384,36.07,2022-11-01
2.502859031139337e-15,0.0,0.0,-4.3648,0.11826373786216629,5.0,448.2868983362153,0.0,29.35,2022-11-02
2.0365653607967715e-15,0.0,0.0,29.606742861904497,0.0400442751818351,-34.357682619647356,448.27917554106045,0.38613975774286063,40.61,2022-11-03
2.8178848143767256e-15,0.0,0.0,-4.3648,0.20334870559161397,5.0,448.27917554106045,0.0,39.02,2022-11-04
2.707556401304601e-15,0.0,0.0,-4.3648,0.10069563750466777,5.0,448.27917554106045,0.0,48.82,2022-11-05
145.245,0.03,0.0,-1.3648,0.11453274668393736,2.0,448.27917554106045,0.0,39.94,2022-11-06
2759.655,0.5700000000000001,0.0,-3.3648,0.23485502103956385,4.0,448.27917554106045,0.0,24.53,2022-11-07
1930.370532861472,0.0,0.3860355030219922,-4.3648,0.10997099177996604,5.0,448.27917554106045,0.0,26.69,2022-11-08
4018.445,0.8300000000000001,0.0,22.824672668797916,0.03839076270089584,-26.486146095717885,448.27324207252207,0.2966734269199704,25.14,2022-11-09
774.64,0.16,0.0,-4.3648,0.07828089916893159,5.0,448.27324207252207,0.0,20.22,2022-11-10
4302.803796334005,0.49,0.3860551537514258,29.606708104020726,0.024051139704541213,-34.357682619647356,448.2655185822095,0.3861745156266318,26.67,2022-11-11
5567.725,1.1500000000000001,0.0,-4.3648,0.06220093147076039,5.0,448.2655185822095,0.0,32.39,2022-11-12
629.395,0.13,0.0,29.606688446215003,0.017619152625272735,-34.357682619647356,448.25779469874084,0.3861941734323554,41.12,2022-11-13
48.415,0.01,0.0,-4.3648,0.05630093203272186,5.0,448.25779469874084,0.0,42.6,2022-11-14
2656.7920648085365,0.15,0.38607480548115913,22.824630860906453,0.016922738801998176,-26.486146095717885,448.2518603940446,0.29671523481143164,34.4,2022-11-15
2.3869795029440866e-15,0.0,0.0,-4.3648,0.19446256645391538,5.0,448.2518603940446,0.0,26.7,2022-11-16
2027.4953382853205,0.02,0.386094458211243,-0.3648,0.345015488688775,1.0,448.2518603940446,0.0,48.53,2022-11-17
3.367445211566178e-15,0.0,0.0,-2.3648,0.33370246164926237,3.0,448.2518603940446,0.0,34.32,2022-11-18
1930.7636167646126,0.0,0.38611411194172834,-4.3648,0.176127343254899,5.0,448.2518603940446,0.0,39.17,2022-11-19
48.415,0.01,0.0,29.60665368343307,0.0631897173389282,-34.357682619647356,448.24413581532036,0.38622893621428617,29.9,2022-11-20
4945.877026613149,0.9,0.11769363595903384,-3.3648,0.2658414845605061,4.0,448.24413581532036,0.0,43.92,2022-11-21
7988.475,1.6500000000000001,0.0,-1.3648,0.15231012432327826,2.0,448.24413581532036,0.0,33.26,2022-11-22
7643.8618585931745,1.18,0.38613975774286063,-3.3648,0.06863510333374752,4.0,448.24413581532036,0.0,40.86,2022-11-23
1355.6200000000001,0.28,0.0,-4.3648,0.051800954457343736,5.0,448.24413581532036,0.0,29.46,2022-11-24
2.0441981440910696e-15,0.0,0.0,-4.3648,0.07501184204171754,5.0,448.24413581532036,0.0,40.98,2022-11-25
5567.725,1.1500000000000001,0.0,-3.3648,0.031061446613359852,4.0,448.24413581532036,0.0,26.4,2022-11-26
1500.865,0.31,0.0,-0.3648,0.04176224962501123,1.0,448.24413581532036,0.0,36.93,2022-11-27
290.49,0.06,0.0,-2.3648,0.2290370255431653,3.0,448.24413581532036,0.0,44.82,2022-11-28
2354.985471313312,0.18,0.2966734269199704,-3.3648,0.09267152001393895,4.0,448.24413581532036,0.0,35.76,2022-11-29
1791.355,0.37,0.0,-2.3648,0.051434005417775215,3.0,448.24413581532036,0.0,35.15,2022-11-30
2173.140665390972,0.05,0.3861745156266318,9.260544411661076,0.018303140059901215,-10.743073047858939,448.2417812425964,0.11772863619786408,36.32,2022-12-01
1016.7149999999999,0.21,0.0,-1.3648,0.0227269676145242,2.0,448.2417812425964,0.0,16.41,2022-12-02
8128.283964248493,1.28,0.3861941734323554,9.260542585038843,0.006820324938600809,-10.743073047858942,448.23942663334,0.11773046282009783,41.28,2022-12-03
145.245,0.03,0.0,-0.3648,0.018133838527260953,1.0,448.23942663334,0.0,32.18,2022-12-04
2064.704531674564,0.12,0.29671523481143164,2.478513665497543,0.0066466592556363585,-2.8715365239294712,448.2388621761713,0.028222858431928694,26.13,2022-12-05
48.415,0.01,0.0,-2.3648,0.01010905612175138,3.0,448.2388621761713,0.0,33.23,2022-12-06
2.3057944442683717e-15,0.0,0.0,-2.3648,0.04003563723613124,3.0,448.2388621761713,0.0,38.81,2022-12-07
2.6929847241063955e-15,0.0,0.0,-1.3648,0.11189536395175378,2.0,448.2388621761713,0.0,45.58,2022-12-08
3.1627478414009144e-15,0.0,0.0,9.260540320495652,0.042487683473492646,-10.743073047858942,448.23650752162405,0.11773272736329059,34.25,2022-12-09
1931.3377955395379,0.0,0.38622893621428617,-0.3648,0.032400778173955445,1.0,448.23650752162405,0.0,30.8,2022-12-10
96.83,0.02,0.0,2.4785131226314023,0.012353435114314157,-2.8715365239294712,448.2359430535981,0.02822340129806895,30.13,2022-12-11
1161.96,0.24,0.0,-4.3648,0.009064593658236314,5.0,448.2359430535981,0.0,27.2,2022-12-12
2904.9,0.6,0.0,29.606613170663135,-0.003635382499736897,-34.357682619647356,448.2282176646184,0.3862694489842218,28.33,2022-12-13
1.9657886429769175e-15,0.0,0.0,-3.3648,0.047798992755367385,4.0,448.2282176646184,0.0,15.93,2022-12-14
1.1053657988924216e-15,0.0,0.0,22.824573026261127,0.013521963091056384,-26.486146095717885,448.22228220322927,0.29677306945675824,35.05,2022-12-15
2.4320823133194835e-15,0.0,0.0,-3.3648,0.04337942428195862,4.0,448.22228220322927,0.0,35.32,2022-12-16
2.450817326860033e-15,0.0,0.0,22.82456142011756,0.011754135701692875,-26.486146095717885,448.21634650971725,0.2967846756003245,38.68,2022-12-17
2.683964162031316e-15,0.0,0.0,-0.3648,0.04267227401839583,1.0,448.21634650971725,0.0,41.06,2022-12-18
2.849109836944308e-15,0.0,0.0,-0.3648,0.15953042531900344,1.0,448.21634650971725,0.0,38.45,2022-12-19
2.6680047060523293e-15,0.0,0.0,-0.3648,0.09148625515532781,1.0,448.21634650971725,0.0,44.79,2022-12-20
588.7020453074193,0.0,0.11772863619786408,-1.3648,0.08256803256120691,2.0,448.21634650971725,0.0,43.89,2022-12-21
3.0454805344248824e-15,0.0,0.0,-3.3648,0.10561811875461216,4.0,448.21634650971725,0.0,46.81,2022-12-22
588.7111793318992,0.0,0.11773046282009783,-0.3648,0.10485663752032916,1.0,448.21634650971725,0.0,56.53,2022-12-23
4163.69,0.86,0.0,-2.3648,0.24262967903770655,3.0,448.21634650971725,0.0,57.74,2022-12-24
964.1834035888595,0.17,0.028222858431928694,-0.3648,0.09810858141175545,1.0,448.21634650971725,0.0,54.87,2022-12-25
1355.6200000000001,0.28,0.0,-2.3648,0.185032120180229,3.0,448.21634650971725,0.0,55.94,2022-12-26
2178.675,0.45,0.0,16.042536333445195,0.07007880001294188,-18.614609571788414,448.2122010449504,0.2072732383432191,38.34,2022-12-27
1985.015,0.41000000000000003,0.0,-0.3648,0.06969193165046451,1.0,448.2122010449504,0.0,44.23,2022-12-28
6446.937503180135,1.21,0.11773272736329059,-1.3648,0.10878560815001946,2.0,448.2122010449504,0.0,39.71,2022-12-29
145.245,0.03,0.0,-0.3648,0.11111439113431462,1.0,448.2122010449504,0.0,48.53,2022-12-30
4401.651118190995,0.88,0.02822340129806895,-0.3648,0.3150033904648165,1.0,448.2122010449504,0.0,67.04,2022-12-31
4.6518344731794065e-15,0.0,0.0,-2.3648,0.2934166611766845,3.0,448.2122010449504,0.0,57.43,2023-01-01
2367.275379645601,0.09,0.3862694489842218,-1.3648,0.2265564611435019,2.0,448.2122010449504,0.0,58.49,2023-01-02
2372.335,0.49,0.0,-1.3648,0.13160535710065402,2.0,448.2122010449504,0.0,44.28,2023-01-03
3517.4437338185194,0.42,0.29677306945675824,-1.3648,0.2782829561489492,2.0,448.2122010449504,0.0,51.06,2023-01-04
7891.645,1.6300000000000001,0.0,-2.3648,0.13898726748730614,3.0,448.2122010449504,0.0,49.74,2023-01-05
6373.986770339423,1.01,0.2967846756003245,-3.3648,0.10822278130176163,4.0,448.2122010449504,0.0,41.66,2023-01-06
3292.2200000000003,0.68,0.0,-2.3648,0.049336580173200036,3.0,448.2122010449504,0.0,36.83,2023-01-07
1258.79,0.26,0.0,-4.3648,0.030772857577597946,5.0,448.2122010449504,0.0,41.9,2023-01-08
6632.8550000000005,1.37,0.0,-2.3648,0.10486308018445877,3.0,448.2122010449504,0.0,39.12,2023-01-09
871.4699999999999,0.18,0.0,-1.3648,0.08958234852480015,2.0,448.2122010449504,0.0,52.61,2023-01-10
1646.1100000000001,0.34,0.0,-4.3648,0.24151072129531748,5.0,448.2122010449504,0.0,60.33,2023-01-11
338.90500000000003,0.07,0.0,-0.3648,0.3505260630098091,1.0,448.2122010449504,0.0,73.2,2023-01-12
435.73499999999996,0.09,0.0,-1.3648,0.3924686137436649,2.0,448.2122010449504,0.0,104.0,2023-01-13
2904.9,0.6,0.0,-0.3648,0.1846615305251924,1.0,448.2122010449504,0.0,84.04,2023-01-14
1500.865,0.31,0.0,-1.3648,0.34941300407699016,2.0,448.2122010449504,0.0,82.13,2023-01-15
7088.344828335267,1.25,0.2072732383432191,-0.3648,0.2306555528322748,1.0,448.2122010449504,0.0,69.88,2023-01-16
7601.155000000001,1.57,0.0,-4.3648,0.26799545588337204,5.0,448.2122010449504,0.0,75.42,2023-01-17
7359.08,1.52,0.0,29.6065527425698,0.09993696239031741,-34.357682619647356,448.20447444740887,0.38632987707755717,52.43,2023-01-18
871.4699999999999,0.18,0.0,-4.3648,0.26556794108979204,5.0,448.20447444740887,0.0,63.15,2023-01-19
8036.89,1.6600000000000001,0.0,-0.3648,0.14887353503111092,1.0,448.20447444740887,0.0,55.14,2023-01-20
2711.2400000000002,0.56,0.0,-3.3648,0.12548597593481034,4.0,448.20447444740887,0.0,46.96,2023-01-21
5131.990000000001,1.06,0.0,22.824526599004745,0.04459675636283356,-26.486146095717885,448.1985380574746,0.29681949671314034,39.11,2023-01-22
2.713801405818117e-15,0.0,0.0,-3.3648,0.055809264354938,4.0,448.1985380574746,0.0,38.57,2023-01-23
5131.990000000001,1.06,0.0,22.82451499104551,0.016726071730884626,-26.486146095717885,448.19260143538116,0.29683110467237483,34.73,2023-01-24
1452.45,0.3,0.0,-0.3648,0.04466097119132051,1.0,448.19260143538116,0.0,34.15,2023-01-25
1936.6000000000001,0.4,0.0,-4.3648,0.050529231360077184,5.0,448.19260143538116,0.0,28.84,2023-01-26
2.0011770018868445e-15,0.0,0.0,29.606502857698896,0.012950472580999451,-34.357682619647356,448.1848738401422,0.3863797619484611,43.75,2023-01-27
3.0357660829594124e-15,0.0,0.0,-4.3648,0.0544331512725643,5.0,448.1848738401422,0.0,30.82,2023-01-28
2.1385671011842077e-15,0.0,0.0,29.606483189445324,0.014512040545994299,-34.357682619647356,448.17714585153817,0.3863994302020317,32.78,2023-01-29
2.2745694217007895e-15,0.0,0.0,-4.3648,0.06004850359455445,5.0,448.17714585153817,0.0,30.47,2023-01-30
968.3000000000001,0.2,0.0,16.042482801676925,0.020085353378672063,-18.614609571788414,448.17299931613593,0.20732677011149006,36.24,2023-01-31
2.5146551507759798e-15,0.0,0.0,-2.3648,0.034722190374591254,3.0,448.17299931613593,0.0,25.47,2023-02-01
1.767336277325171e-15,0.0,0.0,-2.3648,0.06152599260085314,3.0,448.17299931613593,0.0,34.25,2023-02-02
2.3765711620882257e-15,0.0,0.0,-2.3648,0.03398503659671834,3.0,448.17299931613593,0.0,33.72,2023-02-03
145.245,0.03,0.0,16.04247713923699,0.009659966579537615,-18.614609571788414,448.1688526674849,0.20733243255142322,43.74,2023-02-04
96.83,0.02,0.0,-4.3648,0.0688145031296215,5.0,448.1688526674849,0.0,46.72,2023-02-05
3.241851231905457e-15,0.0,0.0,29.60644241240194,0.020264581288817175,-34.357682619647356,448.1611238633399,0.386440207245417,49.48,2023-02-06
3432.707550326325,0.31,0.38632987707755717,-4.3648,0.05735869419974452,5.0,448.1611238633399,0.0,41.69,2023-02-07
387.32,0.08,0.0,29.606422741071466,0.015682257716866387,-34.357682619647356,448.15339466576836,0.3864598785758917,47.49,2023-02-08
3.295280714965543e-15,0.0,0.0,-3.3648,0.055525732046015165,4.0,448.15339466576836,0.0,35.41,2023-02-09
1113.545,0.23,0.0,22.824426718095715,0.016612658807315495,-26.486146095717885,448.14745627821594,0.29691937762216947,41.94,2023-02-10
1484.2458933140583,0.0,0.29681949671314034,-4.3648,0.04461545917225364,5.0,448.14745627821594,0.0,38.46,2023-02-11
2.66869859544272e-15,0.0,0.0,29.606387954372423,0.010584963705870034,-34.357682619647356,448.13972638491043,0.38649466527493637,51.53,2023-02-12
1484.3039389142104,0.0,0.29683110467237483,-4.3648,0.05348675657095279,5.0,448.13972638491043,0.0,29.85,2023-02-13
2.0712598303163077e-15,0.0,0.0,22.82439999127205,0.015797068617290546,-26.486146095717885,448.1337874628215,0.29694610444583847,23.89,2023-02-14
1.6577017536434369e-15,0.0,0.0,-4.3648,0.044289178633875256,5.0,448.1337874628215,0.0,18.87,2023-02-15
1932.0919996232797,0.0,0.3863797619484611,29.606353164542096,0.010454451490518681,-34.357682619647356,448.12605687371934,0.3865294551052618,13.02,2023-02-16
9.03443986288721e-16,0.0,0.0,-4.3648,0.1083328302229873,5.0,448.12605687371934,0.0,12.46,2023-02-17
1932.1903507252596,0.0,0.3863994302020317,-4.3648,0.06268928735721711,5.0,448.12605687371934,0.0,19.09,2023-02-18
48.415,0.01,0.0,-2.3648,0.04775904211479073,3.0,448.12605687371934,0.0,39.6,2023-02-19
1036.737513942506,0.0,0.20732677011149006,16.04241303541664,0.01516956878676657,-18.614609571788414,448.1219089429919,0.20739653637177338,36.58,2023-02-20
2.538247390049264e-15,0.0,0.0,-1.3648,0.03275576047565853,2.0,448.1219089429919,0.0,33.53,2023-02-21
1597.6950000000002,0.33,0.0,-3.3648,0.014159013986936237,4.0,448.1219089429919,0.0,37.78,2023-02-22
774.64,0.16,0.0,-3.3648,0.10986264441178004,4.0,448.1219089429919,0.0,43.55,2023-02-23
1908.2358289733916,0.18,0.20733243255142322,16.042407371071274,0.040011009705562296,-18.614609571788414,448.11776089897756,0.20740220071713938,33.62,2023-02-24
2.33285613049361e-15,0.0,0.0,-4.3648,0.08428197621857268,5.0,448.11776089897756,0.0,42.43,2023-02-25
1932.3942563307078,0.0,0.386440207245417,16.042401706571205,0.029778742428279353,-18.614609571788414,448.1136127416732,0.2074078652172083,27.12,2023-02-26
96.83,0.02,0.0,-4.3648,0.03859941108575553,5.0,448.1136127416732,0.0,22.8,2023-02-27
5127.882622818746,0.66,0.3864598785758917,-4.3648,0.028141575894560993,5.0,448.1136127416732,0.0,23.53,2023-02-28
48.415,0.01,0.0,-4.3648,0.012313340154497225,5.0,448.1136127416732,0.0,18.45,2023-03-01
2695.1203477996587,0.25,0.29691937762216947,29.606301815898824,-0.0023358839012325326,-34.357682619647356,448.1058811255982,0.38658080374853204,30.28,2023-03-02
96.83,0.02,0.0,-4.3648,0.04831827422935716,5.0,448.1058811255982,0.0,31.27,2023-03-03
1932.6665737073192,0.0,0.38649466527493637,29.606282137411434,0.01206608972871144,-34.357682619647356,448.0981491159535,0.38660048223592314,24.11,2023-03-04
580.98,0.12,0.0,-4.3648,0.06738771856000637,5.0,448.0981491159535,0.0,31.91,2023-03-05
1726.9539952814152,0.05,0.29694610444583847,29.60626245792233,0.019693867460971126,-34.357682619647356,448.090416712719,0.38662016172502667,33.52,2023-03-06
2.3259172365897033e-15,0.0,0.0,-4.3648,0.15029092260754942,5.0,448.090416712719,0.0,36.44,2023-03-07
1932.8405402538617,0.0,0.3865294551052618,-4.3648,0.06450025074357431,5.0,448.090416712719,0.0,37.37,2023-03-08
2.593064651890131e-15,0.0,0.0,-3.3648,0.07011004484456466,4.0,448.090416712719,0.0,46.51,2023-03-09
387.32,0.08,0.0,-2.3648,0.493241208325996,3.0,448.090416712719,0.0,73.66,2023-03-10
5.111189249618064e-15,0.0,0.0,-4.3648,0.5227524537555371,5.0,448.090416712719,0.0,66.02,2023-03-11
3748.326380127053,0.56,0.20739653637177338,-4.3648,0.2101576912988877,5.0,448.090416712719,0.0,38.18,2023-03-12
338.90500000000003,0.07,0.0,-4.3648,0.15166322439386193,5.0,448.090416712719,0.0,30.63,2023-03-13
1500.865,0.31,0.0,-4.3648,0.17817301619007714,5.0,448.090416712719,0.0,30.08,2023-03-14
304255.7968020238,62.84329170753357,0.0,-4.3648,0.14718728411004195,5.0,448.090416712719,0.0,40.6,2023-03-15
110987.66423414626,22.710017459353548,0.20740220071713938,2.478485954176996,0.05826803748874876,-2.8715365239294695,448.08985170132394,0.028250569752473552,34.8,2023-03-16
242.07500000000002,0.05,0.0,-4.3648,0.027430389410951068,5.0,448.08985170132394,0.0,24.56,2023-03-17
3215.8180300186505,0.45,0.2074078652172083,-4.3648,0.02201038127269836,5.0,448.08985170132394,0.0,34.92,2023-03-18
3631.125,0.75,0.0,-4.3648,0.04479616729651003,5.0,448.08985170132394,0.0,26.03,2023-03-19
2420.75,0.5,0.0,16.042363594234047,0.013984418859454293,-18.614609571788414,448.08570278177285,0.20744597755436847,34.49,2023-03-20
193.66,0.04,0.0,-4.3648,0.1487326348909363,5.0,448.08570278177285,0.0,39.79,2023-03-21
1933.0973091445344,0.0,0.38658080374853204,-3.3648,0.06221334970498821,4.0,448.08570278177285,0.0,47.03,2023-03-22
532.565,0.11,0.0,-4.3648,0.11577569108347403,5.0,448.08570278177285,0.0,25.12,2023-03-23
3191.9857114207334,0.26,0.38660048223592314,-4.3648,0.18544462024115302,5.0,448.08570278177285,0.0,30.58,2023-03-24
96.83,0.02,0.0,-4.3648,0.0768981438450749,5.0,448.08570278177285,0.0,28.13,2023-03-25
5322.344118705996,0.7000000000000001,0.38662016172502667,-4.3648,0.12331319469144957,5.0,448.08570278177285,0.0,45.73,2023-03-26
290.49,0.06,0.0,29.606230779547737,0.042064057913548406,-34.357682619647356,448.07796974497086,0.38665184009962067,31.3,2023-03-27
2808.0699999999997,0.58,0.0,-4.3648,0.08105040634766143,5.0,448.07796974497086,0.0,43.46,2023-03-28
4260.52,0.88,0.0,9.260415503925287,0.030149700431855702,-10.743073047858939,448.0756125940922,0.11785754393365212,35.25,2023-03-29
290.49,0.06,0.0,-4.3648,0.02746537731420764,5.0,448.0756125940922,0.0,36.4,2023-03-30
2904.9,0.6,0.0,-4.3648,0.06527761118446311,5.0,448.0756125940922,0.0,46.65,2023-03-31
3.236994006172722e-15,0.0,0.0,-4.3648,0.1569274585218444,5.0,448.0756125940922,0.0,43.32,2023-04-01
435.73499999999996,0.09,0.0,-4.3648,0.10541734200393184,5.0,448.0756125940922,0.0,44.21,2023-04-02
145.245,0.03,0.0,22.824274623788035,0.036569302790482164,-26.486146095717885,448.0696711646536,0.2970714719298519,36.36,2023-04-03
2.5229818234606684e-15,0.0,0.0,-4.3648,0.05426144969550753,5.0,448.0696711646536,0.0,32.07,2023-04-04
1932.621974047244,0.37,0.028250569752473552,29.606189975921136,0.014443359915171592,-34.357682619647356,448.06193731177905,0.38669264372622086,34.64,2023-04-05
4018.445,0.8300000000000001,0.0,-4.3648,0.05502978570050306,5.0,448.06193731177905,0.0,38.82,2023-04-06
1452.45,0.3,0.0,-4.3648,0.10292074977003488,5.0,448.06193731177905,0.0,36.65,2023-04-07
48.415,0.01,0.0,29.60617029174065,0.03390707994498253,-34.357682619647356,448.0542030652209,0.3867123279067078,34.51,2023-04-08
1085.7486107606196,0.01,0.20744597755436847,-4.3648,0.0628152409661013,5.0,448.0542030652209,0.0,39.9,2023-04-09
2.768618667658984e-15,0.0,0.0,29.60615060655816,0.017864876423409098,-34.357682619647356,448.04646842495913,0.3867320130891972,35.77,2023-04-10
2.482042349427616e-15,0.0,0.0,-4.3648,0.2061210624841554,5.0,448.04646842495913,0.0,30.32,2023-04-11
2565.9950000000003,0.53,0.0,-4.3648,0.19496539357037196,5.0,448.04646842495913,0.0,49.34,2023-04-12
3.4236502521878267e-15,0.0,0.0,-4.3648,0.15556782101410074,5.0,448.04646842495913,0.0,31.72,2023-04-13
2.2010171463193728e-15,0.0,0.0,29.606130920373616,0.054965908442608874,-34.357682619647356,448.0387333909736,0.38675169927374003,39.31,2023-04-14
2.7276791936259316e-15,0.0,0.0,-4.3648,0.07123870686749872,5.0,448.0387333909736,0.0,37.28,2023-04-15
6290.802526418153,0.9,0.38665184009962067,2.4784763426485172,0.027888606591731476,-2.8715365239294695,448.038168187348,0.02826018128095261,46.91,2023-04-16
3485.8799999999997,0.72,0.0,-4.3648,0.0152786010625404,5.0,448.038168187348,0.0,27.75,2023-04-17
3058.5116484402274,0.51,0.11785754393365212,29.6061097946323,-0.001149779538015263,-34.357682619647356,448.0304327308477,0.38677282501505855,36.47,2023-04-18
2.530614606754966e-15,0.0,0.0,-4.3648,0.0487923965307626,5.0,448.0304327308477,0.0,32.8,2023-04-19
2.275957200481571e-15,0.0,0.0,-4.3648,0.03388235602450467,5.0,448.0304327308477,0.0,40.35,2023-04-20
193.66,0.04,0.0,-4.3648,0.10444329361128062,5.0,448.0304327308477,0.0,39.08,2023-04-21
2.7117197376469445e-15,0.0,0.0,-4.3648,0.06778781652029785,5.0,448.0304327308477,0.0,44.18,2023-04-22
1485.5058953852244,0.0,0.2970714719298519,-4.3648,0.10303320424213024,5.0,448.0304327308477,0.0,50.74,2023-04-23
3.520794766842528e-15,0.0,0.0,-4.3648,0.4498485497190332,5.0,448.0304327308477,0.0,37.12,2023-04-24
2563.0515649529675,0.13,0.38669264372622086,-4.3648,0.21925860657892568,5.0,448.0304327308477,0.0,41.33,2023-04-25
2856.4849999999997,0.59,0.0,16.042282452674026,0.08376939457242055,-18.614609571788414,448.0262821884654,0.20752711911438776,30.67,2023-04-26
968.3000000000001,0.2,0.0,-4.3648,0.060195473554303935,5.0,448.0262821884654,0.0,34.43,2023-04-27
4354.504995697493,0.5,0.3867123279067078,-4.3648,0.03345282897809866,5.0,448.0262821884654,0.0,39.75,2023-04-28
199874.02612765227,41.283491919374626,0.0,-4.3648,0.017765013291793995,5.0,448.0262821884654,0.0,39.75,2023-04-29
3289.4734314525303,0.28,0.3867320130891972,29.606079542421522,-0.00015521464631382517,-34.357682619647356,448.0185461269209,0.38680307722583485,46.57,2023-04-30
96.83,0.02,0.0,-4.3648,0.04919017216029031,5.0,448.0185461269209,0.0,34.17,2023-05-01
2.3710200469651003e-15,0.0,0.0,22.824163036572248,0.014078434853025555,-26.486146095717885,448.012602465738,0.29718305914563664,47.45,2023-05-02
484.15000000000003,0.1,0.0,-4.3648,0.043601330933659435,5.0,448.012602465738,0.0,43.53,2023-05-03
2272.8568722183372,0.07,0.38675169927374003,29.606044724829882,0.010179312410432352,-34.357682619647356,448.00486570784165,0.3868378948174734,40.21,2023-05-04
2.7901292387610967e-15,0.0,0.0,-4.3648,0.05332392506093245,5.0,448.00486570784165,0.0,41.94,2023-05-05
141.31503649540352,0.0,0.02826018128095261,-4.3648,0.18042694525542657,5.0,448.00486570784165,0.0,42.45,2023-05-06
48.415,0.01,0.0,-4.3648,0.15474319954394514,5.0,448.00486570784165,0.0,45.61,2023-05-07
1934.0575114878002,0.0,0.38677282501505855,-4.3648,0.3973347659543618,5.0,448.00486570784165,0.0,38.19,2023-05-08
2.6499635819021704e-15,0.0,0.0,-4.3648,0.188271577361412,5.0,448.00486570784165,0.0,48.14,2023-05-09
3.3403835253409396e-15,0.0,0.0,-4.3648,0.2843135847338439,5.0,448.00486570784165,0.0,42.42,2023-05-10
4841.5,1.0,0.0,-4.3648,0.1280908313057372,5.0,448.00486570784165,0.0,29.06,2023-05-11
2614.4100000000003,0.54,0.0,-4.3648,0.21865163751305272,5.0,448.00486570784165,0.0,51.0,2023-05-12
63518.00836111666,13.119489489025439,0.0,29.606025033255545,0.08019943504218967,-34.357682619647356,447.9971285561138,0.38685758639181367,42.38,2023-05-13
1065.13,0.22,0.0,-4.3648,0.08133194135500894,5.0,447.9971285561138,0.0,36.84,2023-05-14
6293.95,1.3,0.0,29.606005340678824,0.025271556578972156,-34.357682619647356,447.9893910105344,0.38687727896853275,21.81,2023-05-15
1667.134359131496,0.13,0.20752711911438776,-4.3648,0.05936075720942795,5.0,447.9893910105344,0.0,33.2,2023-05-16
5083.575,1.05,0.0,29.605985647099676,0.01648308292073976,-34.357682619647356,447.9816530710835,0.3868969725476817,40.23,2023-05-17
2.7915170175418777e-15,0.0,0.0,-4.3648,0.05584533498417337,5.0,447.9816530710835,0.0,39.4,2023-05-18
2.733924198139448e-15,0.0,0.0,29.605965952518044,0.015076914030637928,-34.357682619647356,447.9739147377409,0.3869166671293114,43.37,2023-05-19
1934.2087876677872,0.0,0.38680307722583485,-4.3648,0.05528283466450331,5.0,447.9739147377409,0.0,44.32,2023-05-20
3.0753177782116835e-15,0.0,0.0,29.605946256933883,0.014851913902769902,-34.357682619647356,447.96617601048666,0.386936362713473,48.93,2023-05-21
1486.063887257756,0.0,0.29718305914563664,-4.3648,0.05519280184805897,5.0,447.96617601048666,0.0,42.43,2023-05-22
2.944172683427837e-15,0.0,0.0,29.60592656034714,0.014815900776192168,-34.357682619647356,447.9584368893007,0.38695605930021754,43.54,2023-05-23
1934.3828930347756,0.0,0.3868378948174734,-4.3648,0.055178363830462866,5.0,447.9584368893007,0.0,42.17,2023-05-24
2.9261315592776785e-15,0.0,0.0,29.605906862757763,0.014810125569153726,-34.357682619647356,447.9506973741629,0.3869757568895959,45.28,2023-05-25
3.141931159689193e-15,0.0,0.0,-4.3648,0.055176020979014515,5.0,447.9506973741629,0.0,34.95,2023-05-26
2.4251434194155763e-15,0.0,0.0,29.605887164165697,0.014809188428574385,-34.357682619647356,447.94295746505327,0.3869954554816593,47.73,2023-05-27
3.3119340603349198e-15,0.0,0.0,-4.3648,0.055175613352481744,5.0,447.94295746505327,0.0,46.16,2023-05-28
3.2029934260435764e-15,0.0,0.0,29.6058674645709,0.014809025377961279,-34.357682619647356,447.93521716195175,0.38701515507645873,48.66,2023-05-29
3.376465773641257e-15,0.0,0.0,-4.3648,0.05517551536026734,5.0,447.93521716195175,0.0,39.82,2023-05-30
2.7630675525358583e-15,0.0,0.0,29.605847763973312,0.014808986181075515,-34.357682619647356,447.92747646483826,0.3870348556740453,31.1,2023-05-31
2.157996004115148e-15,0.0,0.0,-4.3648,0.05517546690787565,5.0,447.92747646483826,0.0,34.27,2023-06-01
1934.4813607522642,0.0,0.38685758639181367,29.605828062372886,0.014808966800118839,-34.357682619647356,447.91973537369273,0.3870545572744699,32.26,2023-06-02
2.2384871734004716e-15,0.0,0.0,-4.3648,0.05517542638018728,5.0,447.91973537369273,0.0,41.98,2023-06-03
1934.579833482148,0.0,0.38687727896853275,29.605808359769572,0.014808950589043489,-34.357682619647356,447.9119938884952,0.3870742598777837,37.33,2023-06-04
2.590289094328568e-15,0.0,0.0,-4.3648,0.055175387118783045,5.0,447.9119938884952,0.0,38.11,2023-06-05
1934.6783112246821,0.0,0.3868969725476817,29.60578865616332,0.014808934884481796,-34.357682619647356,447.9042520092255,0.3870939634840377,30.88,2023-06-06
2.1427304375265522e-15,0.0,0.0,-4.3648,0.0551753480583158,5.0,447.9042520092255,0.0,38.04,2023-06-07
1934.7767939801215,0.0,0.3869166671293114,29.605768951554076,0.014808919260294902,-34.357682619647356,447.8965097358636,0.38711366809328307,28.23,2023-06-08
1.9588497490730106e-15,0.0,0.0,-4.3648,0.05517530902832992,5.0,447.8965097358636,0.0,40.59,2023-06-09
1934.8752817487216,0.0,0.386936362713473,29.605749245941787,0.014808903648300547,-34.357682619647356,447.88876706838954,0.3871333737055707,34.72,2023-06-10
2.4091839634365896e-15,0.0,0.0,-4.3648,0.0551752700015524,5.0,447.88876706838954,0.0,36.67,2023-06-11
1934.9737745307377,0.0,0.38695605930021754,29.605729539326404,0.014808888037589538,-34.357682619647356,447.8810240067831,0.3871530803209514,21.66,2023-06-12
1.5029644195863056e-15,0.0,0.0,-4.3648,0.05517523097361948,5.0,447.8810240067831,0.0,23.86,2023-06-13
1935.0722723264244,0.0,0.3869757568895959,29.60570983170788,0.014808872426416375,-34.357682619647356,447.8732805510243,0.38717278793947696,21.78,2023-06-14
1.5112910922709944e-15,0.0,0.0,-4.3648,0.0551751919438329,5.0,447.8732805510243,0.0,20.49,2023-06-15
1935.1707751360375,0.0,0.3869954554816593,29.60569012308616,0.014808856814501737,-34.357682619647356,447.8655367010931,0.3871924965611977,23.77,2023-06-16
1.6493750809587481e-15,0.0,0.0,-4.3648,0.05517515291208082,5.0,447.8655367010931,0.0,32.11,2023-06-17
1935.2692829598318,0.0,0.38701515507645873,29.60567041346119,0.014808841201800907,-34.357682619647356,447.8577924569694,0.38721220618616514,38.41,2023-06-18
2.665229148490766e-15,0.0,0.0,-4.3648,0.061829457686108674,5.0,447.8577924569694,0.0,25.1,2023-06-19
1935.3677957980633,0.0,0.3870348556740453,29.60565070283293,0.017470563111412048,-34.357682619647356,447.8500478186331,0.3872319168144302,43.05,2023-06-20
2.987193825632062e-15,0.0,0.0,-4.3648,0.34404013953763257,5.0,447.8500478186331,0.0,35.79,2023-06-21
1935.4663136509869,0.0,0.3870545572744699,29.605630991201313,0.13035483585202162,-34.357682619647356,447.8423027860641,0.387251628446044,38.38,2023-06-22
2.6631474803195943e-15,0.0,0.0,-4.3648,0.10139344615611583,5.0,447.8423027860641,0.0,33.13,2023-06-23
2129.2248365188575,0.04,0.3870742598777837,29.6056112785663,0.03329615849941491,-34.357682619647356,447.83455735924247,0.38727134108105765,45.7,2023-06-24
3.1710745140856034e-15,0.0,0.0,-4.3648,0.06256994242141047,5.0,447.83455735924247,0.0,40.42,2023-06-25
10311.458364401931,1.73,0.3870939634840377,29.605591564927835,0.017766757005532763,-34.357682619647356,447.8268115381481,0.38729105471952213,24.61,2023-06-26
1.7076617897515689e-15,0.0,0.0,-4.3648,0.05635814902852559,5.0,447.8268115381481,0.0,26.54,2023-06-27
1935.761897300462,0.0,0.38711366809328307,-4.3648,0.07849830582213113,5.0,447.8268115381481,0.0,42.32,2023-06-28
2.936539900133539e-15,0.0,0.0,29.60557185028587,0.02413810236582103,-34.357682619647356,447.8190653227609,0.3873107693614885,27.47,2023-06-29
1935.8604352147063,0.0,0.3871333737055707,-4.3648,0.05890665437563947,5.0,447.8190653227609,0.0,30.77,2023-06-30
2.135097654232254e-15,0.0,0.0,-4.3648,0.04125523106633713,5.0,447.8190653227609,0.0,36.21,2023-07-01
1935.9589781449176,0.0,0.3871530803209514,2.478435491058057,0.01589521627126683,-2.8715365239294695,447.8184993021034,0.02830103287141283,43.03,2023-07-02
1839.77,0.38,0.0,-4.3648,0.010481176974222538,5.0,447.8184993021034,0.0,41.22,2023-07-03
1936.0575260913545,0.0,0.38717278793947696,-4.3648,0.12003661127028054,5.0,447.8184993021034,0.0,38.63,2023-07-04
2.6804947150793624e-15,0.0,0.0,-4.3648,0.35184399755801976,5.0,447.8184993021034,0.0,60.1,2023-07-05
2662.3810790542693,0.15,0.3871924965611977,-4.3648,0.2998349742542615,5.0,447.8184993021034,0.0,48.86,2023-07-06
193.66,0.04,0.0,29.605550694006173,0.11267276973867317,-34.357682619647356,447.81075266359056,0.3873319256411861,43.24,2023-07-07
1936.2546370339187,0.0,0.38721220618616514,-4.3648,0.09432048612949062,5.0,447.81075266359056,0.0,37.12,2023-07-08
3582.71,0.74,0.0,29.605530977283713,0.03046697448876483,-34.357682619647356,447.80300563074326,0.38735164236364367,45.5,2023-07-09
10989.95820003056,1.87,0.3872319168144302,-4.3648,0.1945250113843328,5.0,447.80300563074326,0.0,20.51,2023-07-10
4841.5,1.0,0.0,29.6055112595576,0.07054878459070171,-34.357682619647356,447.79525820354144,0.3873713600897601,35.53,2023-07-11
1936.451768044443,0.0,0.387251628446044,-4.3648,0.10741537360264268,5.0,447.79525820354144,0.0,36.9,2023-07-12
2.5604518505417673e-15,0.0,0.0,9.26019618294953,0.0406956873338482,-10.743073047858939,447.7928966662433,0.11807686490940947,29.97,2023-07-13
1936.5503410758288,0.0,0.38727134108105765,-4.3648,0.031683407215710405,5.0,447.7928966662433,0.0,31.35,2023-07-14
3873.2000000000003,0.8,0.0,22.823721803807924,0.007075728875193591,-26.486146095717885,447.78694418040504,0.2976242919099628,55.15,2023-07-15
1936.6489191249705,0.0,0.38729105471952213,-4.3648,0.1938494220924566,5.0,447.78694418040504,0.0,43.32,2023-07-16
871.4699999999999,0.18,0.0,-4.3648,0.08525082244141888,5.0,447.78694418040504,0.0,34.4,2023-07-17
145.245,0.03,0.0,16.041949948750258,0.03016628091741783,-18.614609571788414,447.78278698794423,0.20785962303815836,37.84,2023-07-18
1936.7475021921232,0.0,0.3873107693614885,-4.3648,0.04540801875120971,5.0,447.78278698794423,0.0,35.74,2023-07-19
48.415,0.01,0.0,9.260186508073295,0.015892745393275013,-10.743073047858939,447.7804252571485,0.11808653978564491,36.05,2023-07-20
4454.18,0.92,0.0,-4.3648,0.021762214344492936,5.0,447.7804252571485,0.0,34.77,2023-07-21
577.2543148734999,0.09,0.02830103287141283,-4.3648,0.04469690052522786,5.0,447.7804252571485,0.0,43.0,2023-07-22
96.83,0.02,0.0,-4.3648,0.07716097832469374,5.0,447.7804252571485,0.0,43.5,2023-07-23
193.66,0.04,0.0,29.60545378805452,0.023603171366846074,-34.357682619647356,447.77267668051667,0.38742883159284053,37.53,2023-07-24
145.245,0.03,0.0,-4.3648,0.0636832434252025,5.0,447.77267668051667,0.0,33.47,2023-07-25
2.3224477896377493e-15,0.0,0.0,-4.3648,0.04482945263810318,5.0,447.77267668051667,0.0,39.21,2023-07-26
3195.6432941687513,0.26,0.3873319256411861,-4.3648,0.21030087532511188,5.0,447.77267668051667,0.0,54.41,2023-07-27
1936.6000000000001,0.4,0.0,-4.3648,0.16502918561987842,5.0,447.77267668051667,0.0,49.14,2023-07-28
1936.9518876394002,0.0,0.38735164236364367,-4.3648,0.0703955559485059,5.0,447.77267668051667,0.0,42.79,2023-07-29
145.245,0.03,0.0,29.605434066399162,0.02089700241637094,-34.357682619647356,447.76492770945174,0.38744855324819305,48.68,2023-07-30
2711.6904861288454,0.16,0.3873713600897601,-4.3648,0.6398650683598187,5.0,447.76492770945174,0.0,68.31,2023-07-31
5809.8,1.2,0.0,-4.3648,0.43001567614244873,5.0,447.76492770945174,0.0,63.94,2023-08-01
3156.4383629795025,0.53,0.11807686490940947,-4.3648,0.28618682498563014,5.0,447.76492770945174,0.0,42.9,2023-08-02
338.90500000000003,0.07,0.0,-4.3648,0.29519872260053676,5.0,447.76492770945174,0.0,39.21,2023-08-03
1488.270271695769,0.0,0.2976242919099628,-4.3648,0.1939975666742258,5.0,447.76492770945174,0.0,28.34,2023-08-04
547066.7084025828,112.99529245122024,0.0,22.823667113581394,0.07200139265859976,-26.486146095717885,447.758974129809,0.2976789821364912,25.6,2023-08-05
5277.235000000001,1.09,0.0,-4.3648,0.5209286539252205,5.0,447.758974129809,0.0,37.54,2023-08-06
4573.697045002311,0.73,0.20785962303815836,-4.3648,0.6053616279286835,5.0,447.758974129809,0.0,58.74,2023-08-07
5470.895,1.1300000000000001,0.0,-4.3648,0.26316439239143646,5.0,447.758974129809,0.0,25.43,2023-08-08
3011.241742198117,0.5,0.11808653978564491,-4.3648,0.10798605270518827,5.0,447.758974129809,0.0,21.94,2023-08-09
48.415,0.01,0.0,29.605399190705814,0.035933201119043884,-34.357682619647356,447.7512244612302,0.3874834289415424,37.83,2023-08-10
294175.4624997061,60.761223277849034,0.0,-4.3648,0.06362440664287677,5.0,447.7512244612302,0.0,30.32,2023-08-11
264657.77705622255,54.664417444226494,0.0,-4.3648,0.24609981811001572,5.0,447.7512244612302,0.0,45.31,2023-08-12
2760.392872379999,0.17,0.38742883159284053,-4.3648,0.09949663704067913,5.0,447.7512244612302,0.0,34.22,2023-08-13
290.49,0.06,0.0,29.60537946627124,0.03253743485324023,-34.357682619647356,447.74347439816273,0.38750315337611535,31.2,2023-08-14
2.1649348980190553e-15,0.0,0.0,-4.3648,0.062266067323263036,5.0,447.74347439816273,0.0,37.33,2023-08-15
2.590289094328568e-15,0.0,0.0,2.4784214334414023,0.0242995507740372,-2.8715365239294695,447.74290809635295,0.028315090488067438,29.74,2023-08-16
6632.8550000000005,1.37,0.0,-4.3648,0.013842887389277102,5.0,447.74290809635295,0.0,30.89,2023-08-17
242.07500000000002,0.05,0.0,29.60535829948285,-0.0017240650073205815,-34.357682619647356,447.7351576099496,0.3875243201645059,29.91,2023-08-18
1937.4364905175894,0.0,0.38744855324819305,-4.3648,0.048561432166266905,5.0,447.7351576099496,0.0,29.35,2023-08-19
2.0365653607967715e-15,0.0,0.0,29.605338572966755,0.01216335290347534,-34.357682619647356,447.727406729016,0.3875440466806034,32.72,2023-08-20
193.66,0.04,0.0,-4.3648,0.05411636651383021,5.0,447.727406729016,0.0,27.12,2023-08-21
1.8818280267396403e-15,0.0,0.0,29.605318845446497,0.014385326642500664,-34.357682619647356,447.71965545353197,0.38756377420085825,30.94,2023-08-22
2.1468937738688967e-15,0.0,0.0,-4.3648,0.05500512319101477,5.0,447.71965545353197,0.0,24.37,2023-08-23
1.6910084443821917e-15,0.0,0.0,16.0418580603815,0.01806800121725619,-18.614609571788414,447.7154964233039,0.20795151140691384,28.06,2023-08-24
1488.5437501735241,0.0,0.2976789821364912,-4.3648,0.052213655670531586,5.0,447.7154964233039,0.0,26.81,2023-08-25
1.8603174556375277e-15,0.0,0.0,-4.3648,0.03192368777653056,5.0,447.7154964233039,0.0,29.43,2023-08-26
2.0421164759198974e-15,0.0,0.0,-4.3648,0.17519402224554753,5.0,447.7154964233039,0.0,44.92,2023-08-27
3.1169511416351273e-15,0.0,0.0,16.04185238087884,0.06614356083906928,-18.614609571788414,447.7113372794857,0.20795719090957382,32.4,2023-08-28
96.83,0.02,0.0,-4.3648,0.053144424599566635,5.0,447.7113372794857,0.0,25.1,2023-08-29
2470.175886422183,0.11,0.3874834289415424,-4.3648,0.10383019128160115,5.0,447.7113372794857,0.0,39.51,2023-08-30
532.565,0.11,0.0,-4.3648,0.16569414675293623,5.0,447.7113372794857,0.0,42.89,2023-08-31
4938.33,1.02,0.0,29.605277945528954,0.059016438738143065,-34.357682619647356,447.7035851860033,0.3876046741184044,41.39,2023-09-01
96.83,0.02,0.0,-4.3648,0.23089816542312427,5.0,447.7035851860033,0.0,49.16,2023-09-02
1937.7095184572647,0.0,0.38750315337611535,29.60525821492252,0.08509804620621829,-34.357682619647356,447.69583269790877,0.38762440472483484,45.33,2023-09-03
2614.4100000000003,0.54,0.0,-4.3648,0.08329011015241387,5.0,447.69583269790877,0.0,33.7,2023-09-04
3966.3746099855816,0.79,0.028315090488067438,29.605238483311727,0.02605482409793413,-34.357682619647356,447.6880798151821,0.38764413633563116,40.82,2023-09-05
2.8324564915749305e-15,0.0,0.0,-4.3648,0.05967278848386969,5.0,447.6880798151821,0.0,32.86,2023-09-06
6537.240362982612,0.9500000000000001,0.3875243201645059,29.605218750696512,0.016607895430516457,-34.357682619647356,447.68032653780307,0.38766386895084404,36.46,2023-09-07
2.5299207173645756e-15,0.0,0.0,-4.3648,0.05589398419000115,5.0,447.68032653780307,0.0,22.4,2023-09-08
1937.914005426357,0.0,0.3875440466806034,29.60519901707683,0.01509637371296904,-34.357682619647356,447.6725728657517,0.3876836025705251,33.41,2023-09-09
2.3182844532954048e-15,0.0,0.0,-4.3648,0.0552893426744097,5.0,447.6725728657517,0.0,37.27,2023-09-10
1938.0126528913916,0.0,0.38756377420085825,29.60517928245263,0.014854517106732459,-34.357682619647356,447.66481879900783,0.3877033371947249,21.35,2023-09-11
1.4814538484841933e-15,0.0,0.0,-4.3648,0.07182842672107999,5.0,447.66481879900783,0.0,28.43,2023-09-12
1039.8615327902726,0.0,0.20795151140691384,-4.3648,0.09300434665885714,5.0,447.66481879900783,0.0,32.02,2023-09-13
2.221833828031095e-15,0.0,0.0,9.260094991122218,0.03493127655633398,-10.743073047858939,447.66245523787313,0.11817805673672176,38.1,2023-09-14
2.643718577388654e-15,0.0,0.0,-4.3648,0.029377474563402346,5.0,447.66245523787313,0.0,33.16,2023-09-15
2.3009372185356367e-15,0.0,0.0,29.60515353109474,0.004489769862329517,-34.357682619647356,447.6547006561021,0.3877290885526177,45.7,2023-09-16
1524.0399331433239,0.1,0.20795719090957382,-4.3648,0.12590799330165134,5.0,447.6547006561021,0.0,54.12,2023-09-17
2081.845,0.43,0.0,-4.3648,0.2859855263409933,5.0,447.6547006561021,0.0,40.44,2023-09-18
145.245,0.03,0.0,-4.3648,0.18199435841070416,5.0,447.6547006561021,0.0,33.12,2023-09-19
